obs,time,elapsed,date,hhmmss,averaging,machine,id,TIME,E,Emm,A,Ca,Ci,Pci,Pca,gsw,gbw,gtw,gtc,Rabs,TleafEB,TleafCnd,SVPleaf,RHcham,VPcham,SVPcham,VPDleaf,LatHFlux,SenHFlux,NetTherm,EBSum,Asty,Esty,Adyn,Crd,Csd,dCsd/dt,αVc,Edyn,Hr,Hs,dHs/dt,αVh,Leak,LeakPct,CorrFact,CorrFactPct,Fan,Qin,Qabs,alpha,convert,S,K,Geometry,Custom,UseDynamic,TIME,CO2_s,CO2_r,H2O_s,H2O_r,CO2_a,H2O_a,Flow,Pa,ΔPcham,Tair,Tleaf,Tleaf2,Offset,Offset2,Fan_speed,Qamb_in,Qamb_out,ΔCO2,CO2_s_d,CO2_r_d,ΔH2O,CO2_b,H2O_b,e_s,e_r,Td_s,Td_r,Q,f_red,f_blue,f_farred,F,Q_modavg,F_dc,Pc,Tled,TDigital,TPreamp,TPwrSpy,TDrive,Q_red,Q_blue,Q_farred,TSPF,state,time,hhmmss,co2_t,h2o_t,count,co2_adj,h2o_adj,co2_match,h2o_match,co2_at,h2o_at,co2_cv,h2o_cv,ΔCO2:MN,ΔCO2:SLP,ΔCO2:SD,ΔCO2:OK,ΔH2O:MN,ΔH2O:SLP,ΔH2O:SD,ΔH2O:OK,Stable,Total,State,Vflow,VPchamber,abs_c_a,abs_c_b,abs_h_a,abs_h_b,Wc_s,Wc_r,Wco_s,Wco_r,Ww_s,Ww_r,Wwo_s,Wwo_r,Flow_s_v,Flow_r_v,Tleaf_mv,Tleaf2_mv,Tleaf_j,Tleaf2_j,Console_RH,Console_T,Console_H2O,Fan_%,Flow_%,Pump,Tchp_pwm,Txchg_pwm,diag_20v,diag_5_4v,diag_12v,diag_5va,diag_3_3vf,AccH2O_hum,CO2_hrs,AccCO2_soda,AccH2O_des,ADC_CH1,ADC_CH2,ADC_CH3,ADC_CH4,ADC_CH5,ADC_CH6,ADC_CH7,ADC_CH8,DAC_1,DAC_2,DAC_3,DAC_4,GPIO,GPIO_dir,excit_5v,power_12v,power_5v,ch1_pullup,AuxPower,MatchValveR,MatchValveS,MatchCO2,MatchH2O,cf_co2_a,cf_co2_b,cf_co2_c,cf_co2_d,cf_h2o_a,cf_h2o_b,cf_h2o_c,cf_h2o_d,co2_fit_low,co2_fit_high,h2o_fit_low,h2o_fit_high,co2_elapsed,h2o_elapsed,CO2_f,CO2_f_s,Pump_f,Pump_f_s,Pump_p,Pump_p_s,Tboard,V_system,DIAG,Flow_s,Flow_r,Txchg,Tirga,Tchopper,Ts,Tr,CO2_%,Desiccant_%,Humidifier_%,Txchg_sp,CO2_r_sp,H2O_r_sp,SS_s,SS_r,NA
1,1743527933,0,20250401 12:18:53,12:18:53,5,gibson,5009_mai_pink,1743527925,9.34E-05,0.093446076,0.622505006,399.4885625,137.5723976,12.263166,35.61030149,0.003958793,2.729214074,0.003955606,0.00247254,49.58928133,25.8404893,25.8404893,3.342540551,39.29978601,1.291465839,3.286190512,2.051074712,-4.120971965,-42.18087525,-3.292172124,-0.004738013,0.398026054,0.052571071,0.622505006,405.8483364,405.0953818,-0.001059049,65.24125449,0.093446076,14.43239055,14.54283636,6.64E-06,113.8041495,0,0,1,0,47436,300.0075625,252.8913651,0.842949968,0.165293438,6,0.5,0: Broadleaf,2,TRUE,1743527925,399.4885625,399.991375,14.48810625,14.4259375,393.9905625,14.44110625,500.0205,89.03974375,0.099983475,25.5538125,25.00066875,999.9,0,0,9994.686875,0,142.201375,-0.779350188,405.0994375,405.846125,0.107278938,399.991375,14.4259375,1.29403375,1.284483125,10.72974375,10.61848125,300.0075625,0.899988875,0.100011144,0,454.9865,5.00016,1371.52375,2625.51125,36.406,39.875,38.25,40.156,39.5465,265.503125,29.5,0,1743527933,0,1743527952,12:19:12,1743527949,1743527952,1,0.276,-0.044,5.498,0.047,400,14,0.19,0.16,-0.7713363,-0.069396722,0.048492802,1,0.10714465,0.006010782,0.001185399,1,2,2,2-Feb,3.12449,2.72341,0.084627,0.0855883,0.0700713,0.0698394,24899.7,22307.5,24317.6,23745.1,38555.8,36517.2,43850.6,42291.5,1.86653,1.8339,0.0627339,0,23.9702,999.9,36.094,27.191,14.6742,53.6667,46.875,1,-0.109096,-0.867816,20.2478,5.23406,11.9918,4.9572,3.304,9999,999.9,9999,9999,1.86837,1.86401,1.87166,1.86252,1.86189,1.86841,1.85852,1.86502,5,0,0,0,11111111,oooooooo,off,off,off,off,0,100,100,5.498,0.047,3.838869504,0.004507312,-2.84E-06,7.75E-10,0.031419576,-0.005433597,0.000660104,4.95E-07,1,2226,1,22,189735.9,189736,1.00342,2.31934,1.4978,2.34619,1.54419,2.36938,31.9585,14.0007,18,501.032,429.071,24.1569,25.9913,30,25.9729,25.9989,20.1429,-30,-30,24.3075,400,21.3097,98.2727,98.6075,NA
2,1743528025,92,20250401 12:20:25,12:20:25,5,gibson,5009_mai_pink,1743528017,5.99E-05,0.059908498,-0.176261069,299.7265625,397.3259408,35.4160259,26.71641242,0.002548383,2.730021997,0.002547062,0.001592033,49.58764722,25.83610077,25.83610077,3.341671609,39.58304851,1.29972251,3.283533127,2.041949098,-2.641964757,-43.5527947,-3.397935646,-0.005047884,0.118173876,0.053006875,-0.176261069,304.1434348,304.3819455,-0.005082642,65.51915178,0.059908498,14.52196539,14.59242308,4.99E-05,107.3184052,0,0,1,0,47423,299.997375,252.8828034,0.842950054,0.165293604,6,0.5,0: Broadleaf,2,TRUE,1743528017,299.7265625,299.8874375,14.58135,14.51866875,294.8265625,14.53535,499.9960625,89.03598125,0.099970525,25.5401875,24.9937375,999.9,0,0,9999.921875,0,143.5481875,0.155305969,304.483625,304.3055625,0.0659383,299.8874375,14.51866875,1.29855375,1.2926825,10.7821375,10.71405625,299.997375,0.899988938,0.100011075,0,454.81275,5.00016,1371.23375,2625.419375,36.5,40,38.312,40.253875,39.617125,265.494375,29.5,0,1743528026,0,1743528062,12:21:02,1743528062,1743528043,2,-0.317,-0.003,4.9,0.046,300,15,0.95,0.14,0.152325525,0.044176814,0.104478864,1,0.06521927,0.016439107,0.001880671,1,2,2,2-Feb,3.12484,2.72334,0.0671578,0.0681026,0.0704337,0.0701787,25374.8,22735.6,24317.5,23746.7,38538.4,36505,43849.7,42294.4,1.86793,1.83353,0.0632554,0,23.9685,999.9,36.223,27.221,14.7529,54.2767,47.2917,1,-0.11096,-0.0407326,20.2514,5.23421,11.992,4.9571,3.304,9999,999.9,9999,9999,1.86834,1.86401,1.87166,1.86254,1.86194,1.86838,1.85852,1.86501,5,0,0,0,11111111,oooooooo,off,off,off,off,0,100,100,4.9,0.046,4.114316846,0.004507312,-2.84E-06,7.75E-10,-0.012749104,-0.005433597,0.000660104,4.95E-07,1,2226,1,22,1.3,1.2,0.804443,2.34497,1.4978,2.34619,1.54419,2.30835,32.0024,13.9832,18,501.719,428.712,24.2356,25.9757,29.9999,25.9536,25.9804,16.1394,-30,-30,24.2283,300,21.3097,98.2712,98.6142,NA
3,1743528139,205.9000001,20250401 12:22:19,12:22:19,5,gibson,5009_mai_pink,1743528131,5.73E-05,0.05729823,0.167830492,199.9029375,84.72679841,7.551997742,17.81805239,0.002445783,2.730199369,0.002444566,0.001527963,49.58671136,25.84622555,25.84622555,3.343676646,39.84333692,1.309001498,3.285371154,2.034675148,-2.526851938,-43.65862595,-3.406305588,-0.005072115,0.047563709,0.057004543,0.167830492,202.9373462,202.8766448,-0.030574729,65.53925541,0.05729823,14.62237045,14.68991351,2.66E-05,106.791981,0,0,1,0,47249,299.9915625,252.8779166,0.842950097,0.165293687,6,0.5,0: Broadleaf,2,TRUE,1743528131,199.9029375,199.9736875,14.68585,14.61845,195.4029375,14.63785,500.006375,89.0335375,0.099982044,25.5496125,25.0040125,999.9,0,0,10001.25313,0,143.7889375,0.004405962,202.958625,202.9403125,0.067443844,199.9736875,14.61845,1.307538125,1.30153125,10.88578125,10.81655,299.9915625,0.899989063,0.10001095,0,454.700625,5.00016,1371.27375,2625.36875,36.562,40.117125,38.42925,40.375,39.6795,265.49,29.5,0,1743528140,0,1743528159,12:22:39,1743528159,1743528157,3,-0.075,0,4.5,0.048,200,15,0.33,0.19,0.009782312,-0.07988159,0.041432337,1,0.067441852,-0.001439487,0.001381367,1,2,2,2-Feb,3.12459,2.72335,0.0472104,0.048237,0.0707883,0.0705288,25914.8,23221.4,24315,23747.9,38518.6,36491.6,43846,42296.6,1.86658,1.83228,0.0623092,0,23.9863,999.9,36.369,27.251,14.8375,53.9767,47.2997,1,-0.110686,0.080158,20.2512,5.23496,11.9918,4.95695,3.304,9999,999.9,9999,9999,1.86835,1.86401,1.87165,1.86251,1.86196,1.86842,1.85853,1.86502,5,0,0,0,11111111,oooooooo,off,off,off,off,0,100,100,4.5,0.048,3.796861189,0.004507312,-2.84E-06,7.75E-10,-0.015409911,-0.005433597,0.000660104,4.95E-07,1,2226,1,22,1.3,1.6,0.594482,2.35229,1.4978,2.34619,1.54419,2.37427,32.0904,13.9657,18,500.821,427.888,24.2255,25.9691,30.0002,25.9428,25.968,11.9403,-30,-30,24.2157,200,21.3097,98.2623,98.6193,NA
4,1743528246,312.9000001,20250401 12:24:06,12:24:06,5,gibson,5009_mai_pink,1743528238,6.37E-05,0.063695393,0.162372481,100.0690938,2.815568831,0.25091346,8.917801011,0.00272653,2.727409887,0.002725016,0.001703271,49.58534229,25.84693053,25.84693053,3.343816294,40.02771026,1.315231608,3.285802758,2.028584686,-2.808966822,-43.39235336,-3.389042862,-0.005020746,-0.065294445,0.054959688,0.162372481,101.4617616,101.3750242,-0.02357183,65.69318752,0.063695393,14.69726598,14.77227582,3.95E-05,103.0217498,0,0,1,0,47369,299.983,252.8707228,0.842950177,0.165293841,6,0.5,0: Broadleaf,2,TRUE,1743528238,100.0690938,99.99734375,14.758575,14.6936,95.81309375,14.716575,500.0251875,89.01639375,0.100042475,25.551825,25.01011875,999.9,0,0,9986.56375,0,143.7195,-0.055942988,101.439125,101.4884375,0.072620513,99.99734375,14.6936,1.31443625,1.3079725,10.96494375,10.8907625,299.983,0.899988938,0.100011075,0,454.929875,5.00016,1372.715,2625.290625,36.625,40.1909375,38.5,40.444875,39.7615,265.481875,29.5,0,1743528246,0,1743528264,12:24:24,1743528264,1743528264,4,0.128,-0.007,4.256,0.042,100,15,0.36,0.15,-0.04966696,-0.064746415,0.024165853,1,0.073075295,-0.010451373,0.001411948,1,2,2,2-Feb,3.12458,2.72307,0.0243079,0.025395,0.0710521,0.0707813,26534.9,23778,24312.4,23747.2,38501.5,36479.2,43841.4,42295.9,1.8662,1.8313,0.0632256,0,23.986,999.9,36.467,27.291,14.9154,53.9267,47.0954,1,-0.109007,0.195395,20.2514,5.23346,11.992,4.95685,3.304,9999,999.9,9999,9999,1.8683,1.86401,1.87166,1.86249,1.86188,1.8684,1.85852,1.86505,5,0,0,0,11111111,oooooooo,off,off,off,off,0,100,100,4.256,0.042,3.721798771,0.004507312,-2.84E-06,7.75E-10,-0.014938125,-0.005433597,0.000660104,4.95E-07,1,2226,1,22,1.4,1.5,0.375977,2.37427,1.4978,2.34619,1.54419,2.38281,32.1564,13.9482,18,500.632,427.338,24.1123,25.9801,30.0002,25.9471,25.9702,7.58054,-30,-30,24.1019,100,21.3097,98.2518,98.6171,NA
5,1743528339,405.9000001,20250401 12:25:39,12:25:39,5,gibson,5009_mai_pink,1743528331,5.71E-05,0.05711531,-0.076518315,50.16329375,97.34655166,8.675125837,4.470347211,0.002452961,2.730304587,0.002451737,0.001532446,49.58395257,25.84040591,25.84040591,3.342524039,40.21675493,1.320811303,3.284231423,2.021712736,-2.518785164,-43.66385721,-3.40638293,-0.005072741,-0.16238656,0.054825074,-0.076518315,50.63553064,50.73942909,-0.002272901,65.69818428,0.05711531,14.76001046,14.82715934,5.03E-05,102.8130667,0,0,1,0,47099,299.9743125,252.8634237,0.842950257,0.165293995,6,0.5,0: Broadleaf,2,TRUE,1743528331,50.16329375,49.9717375,14.821275,14.7564625,45.98529375,14.778275,500.01925,89.01589375,0.100009069,25.54376875,25.00678125,999.9,0,0,10003.8625,0,141.63925,0.064506825,50.78905,50.7202,0.065615356,49.9717375,14.7564625,1.3194,1.31356,11.0216875,10.95489375,299.9743125,0.899989,0.100011013,0,455.410625,5.00016,1374.623125,2625.21375,36.7460625,40.312,38.5659375,40.558125,39.8395625,265.47375,29.5,0,1743528339,0,1743528370,12:26:10,1743528370,1743528357,5,0.128,0,4.178,0.043,50,15,0.82,0.15,0.07316096,0.054985899,0.047004138,1,0.065881585,-0.003933117,0.000942869,1,2,2,2-Feb,3.1246,2.72344,0.0118299,0.0128891,0.0712856,0.0710083,26871.9,24083.3,24310.3,23747.4,38487.4,36470.9,43837.6,42297.7,1.86585,1.83035,0.0608675,0,24.0032,999.9,36.546,27.321,14.9738,54.2867,47.2756,1,-0.10719,0.216669,20.2515,5.23481,11.9918,4.95655,3.304,9999,999.9,9999,9999,1.86835,1.86401,1.87166,1.86253,1.86192,1.86844,1.85852,1.86504,5,0,0,0,11111111,oooooooo,off,off,off,off,0,100,100,4.178,0.043,3.849617769,0.004507312,-2.84E-06,7.75E-10,-0.021656247,-0.005433597,0.000660104,4.95E-07,1,2226,1,22,1.2,1.2,0.268555,2.4292,1.49902,2.34619,1.54419,2.229,32.2005,13.9306,18,500.491,426.853,24.0538,25.9954,30.0001,25.9557,25.9788,5.39586,-30,-30,24.0552,50,21.3097,98.2434,98.6201,NA
6,1743528453,519.9000001,20250401 12:27:33,12:27:33,5,gibson,5009_mai_pink,1743528445,4.99E-05,0.049902175,0.73349615,399.30725,-149.7121852,-13.34192754,35.5851355,0.002156577,2.730558533,0.002155631,0.001347355,49.58892652,25.83439311,25.83439311,3.34133354,40.58886053,1.332397063,3.282666836,2.008936477,-2.200685935,-43.96413418,-3.429247947,-0.005141542,0.562316127,0.055165285,0.73349615,406.0362458,405.1544848,-0.002484387,65.70542852,0.049902175,14.88966989,14.94833626,4.34E-05,102.4974372,0,0,1,0,47166,300.0054375,252.889572,0.842949962,0.165293426,6,0.5,0: Broadleaf,2,TRUE,1743528445,399.30725,400.0084375,14.95106875,14.8858625,393.80325,14.89706875,500.0180625,89.01718125,0.099997313,25.53574375,24.9955875,999.9,0,0,10005.23125,0,133.3889375,-0.845333,405.2180625,406.05275,0.056569225,400.0084375,14.8858625,1.330133125,1.325095625,11.14373125,11.086575,300.0054375,0.900000563,0.099999438,0,453.3913125,5.00016,1369.435,2625.501875,36.812,40.437,38.687,40.675375,39.9370625,265.50375,29.5,0,1743528453,0,1743528473,12:27:53,1743528473,1743528471,6,0.142,0.01,5.504,0.054,400,15,0.86,0.16,-0.85108785,-0.099531113,0.064153304,1,0.05659228,-0.004306592,0.000900746,1,2,2,2-Feb,3.12456,2.72321,0.0845921,0.085569,0.071714,0.0714662,24890,22309.9,24307.3,23747.2,38471.6,36458.4,43832.7,42297.6,1.86567,1.83057,0.0591427,0,24.0186,999.9,36.619,27.362,15.0388,54.6167,47.0753,1,-0.105904,0.12881,20.2515,5.23481,11.9915,4.95725,3.304,9999,999.9,9999,9999,1.86838,1.86401,1.87168,1.86251,1.86197,1.86842,1.85852,1.86498,5,0,0,0,11111111,oooooooo,off,off,off,off,0,100,100,5.504,0.054,3.977658156,0.004507312,-2.84E-06,7.75E-10,-0.021832814,-0.005433597,0.000660104,4.95E-07,1,2226,1,22,1.4,1.6,1.00464,2.34253,1.4978,2.34619,1.54419,2.38647,32.3107,13.9219,18,500.492,427.096,24.082,26.0173,30.0001,25.969,25.9936,20.1607,-30,-30,24.0826,400,21.3097,98.232,98.6197,NA
7,1743528538,604.9000001,20250401 12:28:58,12:28:58,5,gibson,5009_mai_pink,1743528530,6.08E-05,0.060763174,0.526786551,399.436875,70.40398688,6.273571369,35.59309428,0.002632244,2.729709517,0.002630834,0.001644398,49.58916023,25.83669146,25.83669146,3.341788556,40.73891355,1.337738273,3.283686668,2.004050283,-2.679655984,-43.51884624,-3.395699201,-0.005041196,0.43962802,0.05587222,0.526786551,406.0658942,405.4787515,-0.011586773,65.69909598,0.060763174,14.94884076,15.02027473,5.21E-05,102.7794721,0,0,1,0,47293,300.0069375,252.8908291,0.842949937,0.165293378,6,0.5,0: Broadleaf,2,TRUE,1743528530,399.436875,399.9911875,15.01251875,14.94648125,393.911875,14.95851875,500.019875,89.008225,0.099958319,25.540975,24.9907375,999.9,0,0,10001.17813,0,144.1923125,-0.57688325,405.502875,406.0604375,0.068139744,399.9911875,14.94648125,1.33642375,1.330358125,11.2148625,11.1462875,300.0069375,0.900000563,0.099999438,0,453.4221875,5.00016,1370.3325,2625.516875,36.867125,40.5,38.75,40.70275,39.9645625,265.50625,29.5,0,1743528539,0,1743528556,12:29:16,1743528556,1743528556,7,0.021,-0.001,5.525,0.054,400,15,0.25,0.26,-0.575532381,-0.095673117,0.045172408,1,0.068368562,0.003190301,0.001342009,1,2,2,2-Feb,3.12448,2.72317,0.0846071,0.085569,0.0719168,0.0716743,24888.1,22310.1,24305.8,23747.5,38460.8,36451.1,43830.1,42298.6,1.86572,1.8304,0.0618175,0,23.9795,999.9,36.693,27.402,15.1073,54.0067,46.7869,1,-0.105645,0.0162691,20.2517,5.23481,11.9914,4.9576,3.304,9999,999.9,9999,9999,1.86835,1.86403,1.8717,1.86253,1.86191,1.86844,1.85856,1.86504,5,0,0,0,11111111,oooooooo,off,off,off,off,0,100,100,5.525,0.054,4.120039877,0.004507312,-2.84E-06,7.75E-10,-0.011992471,-0.005433597,0.000660104,4.95E-07,1,2226,1,22,1.1,1.1,1.00586,2.36084,1.49902,2.34619,1.54419,2.25952,32.377,13.9044,18,500.572,427.032,24.1768,26.0239,30.0001,25.9753,25.9984,20.161,-30,-30,24.1804,400,21.3097,98.2261,98.6216,NA
8,1743528639,705.9000001,20250401 12:30:39,12:30:39,5,gibson,5009_mai_pink,1743528631,6.04E-05,0.060405425,0.407516908,599.035625,333.2111917,29.69320194,53.38141763,0.002623521,2.729876192,0.002622121,0.001638951,49.59059449,25.85016782,25.85016782,3.344457628,40.94618199,1.345613487,3.286297822,1.998844141,-2.663879225,-43.53458204,-3.397177905,-0.005044679,0.770766942,0.055887408,0.407516908,609.2041664,608.5161697,0.040732606,65.59604693,0.060405425,15.03660103,15.10776713,2.93E-05,106.2333935,0,0,1,0,47240,300.0159375,252.8983879,0.842949845,0.1652932,6,0.5,0: Broadleaf,2,TRUE,1743528631,599.035625,600.0006875,15.10020625,15.03415625,593.243625,15.04720625,500.016625,89.012275,0.099983775,25.5543625,24.99995,999.9,0,0,10001.71625,0,143.9975625,-0.779106188,608.410625,609.1588125,0.0694598,600.0006875,15.03415625,1.344406875,1.33822375,11.30469375,11.23515625,300.0159375,0.90000675,0.0999933,0,455.7745,5.00016,1378.08625,2625.600625,36.875,40.558125,38.812,40.753875,40,265.515625,29.5,0,1743528639,0,1743528671,12:31:11,1743528671,1743528657,8,-0.187,-0.003,5.792,0.053,600,15,0.68,0.22,-0.7938782,0.096569414,0.084688961,1,0.06925306,0.00460578,0.000989715,1,2,2,2-Feb,3.12444,2.72305,0.114587,0.115358,0.0722443,0.0719873,24072.6,21585.1,24305.2,23749.1,38448.7,36443.3,43828.9,42301.1,1.86558,1.83022,0.0635535,0,23.9621,999.9,36.766,27.442,15.1708,54.3767,47.1114,1,-0.105996,0.0936465,20.2515,5.23406,11.992,4.9573,3.304,9999,999.9,9999,9999,1.86832,1.86404,1.87172,1.86258,1.86195,1.86844,1.85855,1.86504,5,0,0,0,11111111,oooooooo,off,off,off,off,0,100,100,5.792,0.053,4.140874652,0.004507312,-2.84E-06,7.75E-10,-0.012983013,-0.005433597,0.000660104,4.95E-07,1,2226,1,22,1.4,1.4,1.38428,2.34131,1.4978,2.34497,1.54419,2.38403,32.3991,13.8956,18,500.483,426.93,24.1388,26.0218,30,25.9753,25.9984,27.7653,-30,-30,24.1388,600,21.3097,98.2235,98.6278,NA
9,1743528748,814.9000001,20250401 12:32:28,12:32:28,5,gibson,5009_mai_pink,1743528740,5.33E-05,0.053339637,0.695830966,798.6959375,301.4031108,26.84981307,71.15001754,0.002334127,2.728504719,0.002333019,0.001458236,49.59029846,25.80812856,25.80812856,3.336137657,41.28054711,1.353049804,3.277693488,1.983087852,-2.352277991,-43.82319788,-3.419938027,-0.005115441,1.069149278,0.05474599,0.695830966,812.3623757,811.2999091,0.045685439,65.57207212,0.053339637,15.12670537,15.18948112,3.34E-05,106.9000833,0,0,1,0,47396,300.014125,252.8968619,0.842949851,0.165293212,6,0.5,0: Broadleaf,2,TRUE,1743528740,798.6959375,800.0313125,15.1886875,15.12399375,792.7769375,15.1306875,500.0279375,88.982725,0.100008738,25.5102125,24.9437625,999.9,0,0,9996.864375,0,144.3961875,-1.12546125,811.2246875,812.31675,0.061494337,800.0313125,15.12399375,1.35124625,1.34577375,11.3812875,11.3200375,300.014125,0.90000675,0.0999933,0,461.5619375,5.00016,1395.91,2625.585,36.937,40.585625,38.812,40.812,40.062,265.515,29.5,0,1743528749,0,1743528770,12:32:50,1743528770,1743528770,9,-0.212,0.004,5.919,0.058,800,15,0.6,0.17,-1.13237619,-0.04185974,0.073509497,1,0.061070567,0.00892253,0.001213907,1,2,2,2-Feb,3.12457,2.72308,0.139909,0.140547,0.0725205,0.0722811,23382.8,20971,24303.5,23749.3,38436.4,36435.3,43825.4,42303,1.86593,1.8301,0.0606179,0,23.94,999.9,36.815,27.493,15.2416,54.0068,47.1995,1,-0.105884,-0.234262,20.2514,5.23496,11.992,4.9573,3.304,9999,999.9,9999,9999,1.86838,1.86403,1.87165,1.86254,1.8619,1.86843,1.85855,1.86501,5,0,0,0,11111111,oooooooo,off,off,off,off,0,100,100,5.919,0.058,3.953270219,0.004507312,-2.84E-06,7.75E-10,-0.015830219,-0.005433597,0.000660104,4.95E-07,1,2226,1,22,1.3,1.5,1.74438,2.34009,1.49902,2.34619,1.54419,2.27173,32.4875,13.8781,18,500.674,426.857,24.3459,26.0195,30.0002,25.9731,25.9984,34.9377,-30,-30,24.3584,800,21.3097,98.216,98.6309,NA
10,1743528858,924.9000001,20250401 12:34:18,12:34:18,5,gibson,5009_mai_pink,1743528850,5.72E-05,0.057237085,1.395970685,998.3270667,82.39557223,7.339315069,88.92512894,0.00249367,2.729668492,0.002492405,0.001557867,49.59099144,25.88204285,25.88204285,3.350778075,41.28692841,1.359308849,3.292346758,1.991469225,-2.524155464,-43.66335122,-3.40856115,-0.005076402,1.322005178,0.054680398,1.395970685,1015.444929,1013.713818,0.006417195,65.56874667,0.057237085,15.19931191,15.26651678,5.65E-05,105.9966746,0,0,1,0,47274,300.0184667,252.900509,0.842949808,0.16529313,6,0.5,0: Broadleaf,2,TRUE,1743528850,998.3270667,999.9789333,15.26042,15.19580667,992.1140667,15.20042,500.014,88.97421333,0.099930707,25.58534,24.99402,999.9,0,0,10004.75667,0,128.8034667,-1.687784667,1013.758667,1015.408,0.063938727,999.9789333,15.19580667,1.357725333,1.352036667,11.45352,11.39010667,300.0184667,0.900008333,0.09999172,0,469.9065333,5.00016,1420.973333,2625.626,36.937,40.562,38.812,40.75413333,40.00826667,265.5193333,29.5,0,1743528858,0,1743528883,12:34:43,1743528883,1743528878,10,0.034,0.001,6.213,0.06,1000,15,1.5,0.15,-1.698059524,-0.036747273,0.107326506,1,0.064991914,-0.011589218,0.001963882,1,2,2,2-Feb,3.12449,2.72327,0.162175,0.162734,0.072762,0.0725312,22775.8,20430.2,24301.4,23749.6,38425.7,36427.6,43822.5,42303.5,1.8662,1.8302,0.0659935,0,23.8996,999.9,36.87,27.533,15.303,54.3167,47.2075,1,-0.105663,-0.103214,20.2515,5.23331,11.992,4.95705,3.304,9999,999.9,9999,9999,1.86836,1.86402,1.87165,1.86253,1.86192,1.86842,1.85854,1.86497,5,0,0,0,11111111,oooooooo,off,off,off,off,0,100,100,6.213,0.06,3.741551518,0.004507312,-2.84E-06,7.75E-10,-0.012328542,-0.005433597,0.000660104,4.95E-07,1,2226,1,22,1.5,1.5,2.08618,2.30347,1.4978,2.34497,1.54419,2.39258,32.5318,13.8694,18,500.825,426.899,24.4498,26.0151,29.9998,25.9713,25.9962,41.7768,-30,-30,24.4632,1000,21.3097,98.2087,98.632,NA
11,1743528970,1036.9,20250401 12:36:10,12:36:10,5,gibson,5009_mai_pink,1743528962,5.45E-05,0.054473968,2.062851984,1198.008625,-206.3608595,-18.38180368,106.7138381,0.00238197,2.7290306,0.002380816,0.001488114,49.58845842,25.87748944,25.87748944,3.349874548,41.49516153,1.3657291,3.291297225,1.984145449,-2.402301987,-43.7734744,-3.417786286,-0.005104252,1.598671048,0.055121831,2.062851984,1218.645815,1216.139939,-0.001680097,65.58332804,0.054473968,15.26907285,15.33324685,2.53E-05,105.5915763,0,0,1,0,47350,300.0025625,252.8871522,0.842949974,0.16529345,6,0.5,0: Broadleaf,2,TRUE,1743528962,1198.008625,1200.00625,15.332175,15.26704375,1191.080625,15.267175,500.006,88.97605,0.099968219,25.57996875,24.98510625,999.9,0,0,10000.74813,0,135.704,-2.496765,1216.15125,1218.60875,0.061580531,1200.00625,15.26704375,1.36388125,1.358401875,11.52190625,11.4610625,300.0025625,0.900000875,0.099999162,0,479.9435,5.00016,1451.176875,2625.478125,36.937,40.562,38.819875,40.75,40.050375,265.5025,29.5,0,1743528971,0,1743529001,12:36:41,1743529001,1743528990,11,0.497,0.004,6.928,0.065,1200,15,1.18,0.15,-2.486293333,-0.038064935,0.070224184,1,0.062054262,-0.012640075,0.001773818,1,2,2,2-Feb,3.12459,2.72323,0.182219,0.18273,0.0730022,0.0727805,22229.7,19943,24299.6,23750,38414.7,36420.8,43819.4,42305.1,1.86625,1.83032,0.0627078,0,23.9489,999.9,36.943,27.573,15.3697,54.0068,47.1995,1,-0.105315,-0.0960294,20.2511,5.23466,11.992,4.9566,3.304,9999,999.9,9999,9999,1.86838,1.86401,1.87165,1.86252,1.86197,1.8684,1.85854,1.86497,5,0,0,0,11111111,oooooooo,off,off,off,off,0,100,100,6.928,0.065,3.775824691,0.004507312,-2.84E-06,7.75E-10,-0.011213767,-0.005433597,0.000660104,4.95E-07,1,2226,1,22,1.4,1.5,2.41577,2.33154,1.4978,2.34497,1.54419,2.29248,32.5539,13.8343,18,500.869,426.984,24.4635,26.0218,30.0001,25.9731,25.9978,48.3414,-30,-30,24.4761,1200,21.3097,98.2017,98.6351,NA
12,1743529082,1148.9,20250401 12:38:02,12:38:02,5,gibson,5009_mai_pink,1743529074,5.16E-05,0.051587474,2.076318158,1497.198,-2.907667132,-0.258970017,133.3472413,0.002256581,2.726476424,0.002255544,0.001409808,49.58649441,25.9006716,25.9006716,3.354476768,41.6154868,1.371490277,3.295624737,1.98298649,-2.275007602,-43.88606028,-3.430567461,-0.005140933,2.240351402,0.055662711,2.076318158,1523.384753,1520.916424,-0.013174904,65.5806646,0.051587474,15.33503302,15.39593986,5.44E-06,105.6657422,0,0,1,0,47337,299.99025,252.8768103,0.842950097,0.165293687,6,0.5,0: Broadleaf,2,TRUE,1743529074,1497.198,1499.98625,15.3988375,15.333075,1490.27,15.3288375,500.0318125,88.964475,0.100058437,25.60210625,25.00556875,999.9,0,0,9986.831875,0,130.1470625,-2.462051875,1520.93875,1523.3425,0.062234463,1499.98625,15.333075,1.36963625,1.36409875,11.58558125,11.52430625,299.99025,0.899994875,0.10000515,0,494.1915,5.00016,1493.829375,2625.3625,36.937,40.527125,38.812,40.687,40,265.49,29.5,0,1743529082,0,1743529123,12:38:43,1743529001,1743529100,12,0.497,0.004,6.928,0.07,1200,15,1.18,0.35,-2.478318571,-0.063745714,0.081830375,1,0.062672114,-0.008487616,0.00144005,1,2,2,2-Feb,3.12477,2.72295,0.209159,0.209517,0.0732096,0.0730074,21496.9,19291,24298.3,23751.3,38406.3,36416.1,43817.1,42307.7,1.86665,1.83027,0.0622645,0,23.9822,999.9,36.967,27.583,15.3909,53.9368,46.891,1,-0.105953,-0.0214842,20.2515,5.23466,11.9909,4.95735,3.304,9999,999.9,9999,9999,1.86836,1.86401,1.87165,1.86249,1.86195,1.86843,1.85852,1.86502,5,0,0,0,11111111,oooooooo,off,off,off,off,0,100,100,6.928,0.07,4.274565292,0.004507312,-2.84E-06,7.75E-10,-0.007119495,-0.005433597,0.000660104,4.95E-07,1,2226,1,22,1.4,1.5,2.88696,2.29614,1.4978,2.34497,1.54419,2.36084,32.5761,13.8256,18,501.056,426.909,24.494,26.0173,30,25.9666,25.9919,57.7599,-30,-30,24.4883,1500,21.3097,98.1965,98.6409,NA
13,1743529215,1281.9,20250401 12:40:15,12:40:15,5,gibson,5009_mai_pink,1743529207,5.89E-05,0.058888606,2.516079809,1996.442,395.4689998,35.2171383,177.7863096,0.002586101,2.728423968,0.00258474,0.001615585,49.58491219,25.89031554,25.89031554,3.352420158,41.81563616,1.377422492,3.294036917,1.974997666,-2.596987528,-43.58843445,-3.40455411,-0.005063902,2.859160087,0.055572676,2.516079809,2031.436874,2028.17697,0.041188288,65.58801488,0.058888606,15.40391835,15.47332028,2.21E-05,106.459375,0,0,1,0,47265,299.9803333,252.8684805,0.842950195,0.165293877,6,0.5,0: Broadleaf,2,TRUE,1743529207,1996.442,2000.006,15.46769333,15.40204,1988.564,15.39769333,500.0181333,88.95158,0.099997533,25.59398667,24.99726667,999.9,0,0,9999.883333,0,119.3520667,-3.333512667,2028.044667,2031.292,0.067381847,2000.006,15.40204,1.376028667,1.370036,11.65602,11.58998667,299.9803333,0.899989333,0.10001068,0,515.708,5.00016,1559.958,2625.27,36.875,40.458,38.75,40.625,39.9748,265.48,29.5,0,1743529215,0,1743529245,12:40:45,1743529245,1743529233,13,-0.238,-0.001,7.878,0.07,2000,15,1.18,0.17,-3.305461429,-0.480988052,0.119727789,0,0.067721129,-0.006068268,0.001209155,1,1,2,2-Jan,3.12467,2.72324,0.247593,0.24774,0.0734534,0.0732434,20452.7,18361.1,24297.5,23753.7,38398.9,36412.6,43816.3,42310.9,1.86715,1.8316,0.0629909,0,23.9661,999.9,37.016,27.614,15.4377,53.5968,47.1194,1,-0.107752,-0.0705038,20.2515,5.23451,11.9914,4.95745,3.304,9999,999.9,9999,9999,1.86831,1.86402,1.87164,1.86249,1.86196,1.86841,1.85852,1.86498,5,0,0,0,11111111,oooooooo,off,off,off,off,0,100,100,7.878,0.07,4.274565292,0.004507312,-2.84E-06,7.75E-10,-0.002935867,-0.005433597,0.000660104,4.95E-07,1,2226,1,22,3.6,1.9,3.6084,2.26807,1.4978,2.34497,1.54419,2.39136,32.5761,13.8081,18,501.2,427.538,24.5976,25.9954,30,25.9471,25.9735,72.2247,-30,-30,24.5357,2000,21.3097,98.1942,98.6493,NA
15,1743531057,3124,20250401 13:10:57,13:10:57,5,gibson,TT24_135_mai_pink,1743531049,0.000325162,0.325162398,2.209013706,397.3580667,139.1498116,12.38324052,35.36174755,0.014264155,2.727295381,0.014222838,0.008892976,49.62309778,26.02093362,26.02093362,3.378440431,41.94423138,1.398508033,3.334208274,1.979932398,-14.33966177,-32.72489737,-2.561398748,-0.002860101,2.080280361,0.318352354,2.209013706,406.1962915,403.6073273,-0.022015793,65.41410437,0.325162398,15.33917257,15.72320848,5.15E-07,110.8308786,0,0,1,0,46994,300.0405333,252.9338556,0.842998953,0.16538798,6,0.5,0: Broadleaf,2,TRUE,1743531049,397.3580667,400.0060667,15.71496,15.33896,391.7810667,15.65596,500.0257333,88.89211333,0.10003384,25.79836667,24.98848,999.9,0,0,9999.843333,0,177.609,-2.729851333,403.6218667,406.2373333,0.3826794,400.0060667,15.33896,1.397530667,1.363512667,11.89086,11.51782,300.0405333,0.900030733,0.099969307,0,2.79566,0,2254.164,2670.343333,34.937,39.062,37.1082,38.4412,35.80786667,270.0446667,29.99333333,0,1743531057,0,1743531091,13:11:31,1743531091,1743531075,15,0.075,-0.001,5.577,0.059,400,15,0.46,0.15,-2.729344286,0.10723013,0.074228823,0,0.382043952,0.014024961,0.001618704,1,1,2,2-Jan,3.12475,2.72318,0.0842168,0.0855314,0.0743674,0.0730173,24883,22340.9,24289.1,23777.8,38330.9,36447.1,43798.4,42354.9,1.86808,1.82868,0.0770912,0,23.7234,999.9,36.839,27.724,15.4752,54.1995,47.4239,1,-0.130912,-0.730948,20.2542,5.23481,11.992,4.9573,3.304,9999,999.9,9999,9999,1.86831,1.86401,1.87166,1.86249,1.86197,1.86841,1.85852,1.86496,5,0,0,0,11111111,oooooooo,off,off,off,off,0,100,100,5.577,0.059,4.118394447,0.004507312,-2.84E-06,7.75E-10,-0.012958728,-0.005433597,0.000660104,4.95E-07,1,2226,1,22,28.1,28.4,1.00586,2.3584,1.4978,2.34497,1.54419,2.24854,32.4433,13.4841,18,499.379,423.556,25.5716,25.7004,30.0001,25.6502,25.6745,20.1669,-30,-30,25.5818,400,21.3097,98.1563,98.7509,NA
16,1743531173,3240,20250401 13:12:53,13:12:53,5,gibson,TT24_135_mai_pink,1743531165,0.000333119,0.333119248,1.328643787,298.0704667,143.8588563,12.80381926,26.52906105,0.01458586,2.727296409,0.014542661,0.009093034,49.61911132,26.0451307,26.0451307,3.38328002,41.90319547,1.399330498,3.339436247,1.983949522,-14.69055884,-32.39512504,-2.536230663,-0.002803228,1.492444593,0.328366056,1.328643787,304.5781422,303.0751939,-0.024754037,65.60144386,0.333119248,15.33255436,15.72608392,-1.29E-05,105.0696519,0,0,1,0,47148,300.0167333,252.9137662,0.842998867,0.165387813,6,0.5,0: Broadleaf,2,TRUE,1743531165,298.0704667,299.9787333,15.72234667,15.33452667,293.1804667,15.66234667,500.031,88.9027,0.099948773,25.82480667,25.00625333,999.9,0,0,9998.658667,0,177.5328667,-1.508306467,303.2395333,304.6504667,0.392959333,299.9787333,15.33452667,1.398214667,1.36328,11.89828,11.51524,300.0167333,0.900024933,0.099975067,0,2.800066667,0,2231.347333,2670.126667,35.1208,39.187,37.25,38.5704,35.937,270.0233333,29.99,0,1743531174,0,1743531197,13:13:17,1743531195,1743531197,16,-0.404,0.001,4.89,0.06,300,15,0.42,0.16,-1.42395735,-0.086524556,0.30807443,1,0.3937743,-0.012546406,0.001744022,1,2,2,2-Feb,3.12449,2.72322,0.0668286,0.0683045,0.074374,0.0729795,25353,22761.3,24286.7,23777.5,38325.4,36447.2,43794.2,42354.8,1.86715,1.82978,0.0788718,0,23.6979,999.9,36.839,27.724,15.4776,54.0895,47.3397,1,-0.129644,-0.737636,20.2541,5.23481,11.992,4.95755,3.304,9999,999.9,9999,9999,1.86832,1.86401,1.87166,1.86249,1.86194,1.86843,1.85852,1.86498,5,0,0,0,11111111,oooooooo,off,off,off,off,0,100,100,4.89,0.06,4.192880381,0.004507312,-2.84E-06,7.75E-10,-0.013587784,-0.005433597,0.000660104,4.95E-07,1,2226,1,22,1.4,1.6,0.803223,2.35229,1.4978,2.34497,1.54419,2.33154,32.4433,13.4753,18,498.896,424.256,25.6633,25.7101,30.0002,25.6588,25.6832,16.1273,-30,-30,25.6735,300,21.3097,98.1469,98.7503,NA
17,1743531289,3356,20250401 13:14:49,13:14:49,5,gibson,TT24_135_mai_pink,1743531281,0.000343386,0.343386321,0.754608008,198.9334,112.6316325,10.02171379,17.70065437,0.01502112,2.727422374,0.014975312,0.009363674,49.6108044,26.04957844,26.04957844,3.384170257,41.86697942,1.398731458,3.340894131,1.985438799,-15.14333675,-31.96741909,-2.502778117,-0.00272956,0.83986988,0.332620765,0.754608008,203.1449975,202.174703,0.010808936,65.60798153,0.343386321,15.32797228,15.73342238,1.49E-05,105.8906769,0,0,1,0,47241,299.9647333,252.8700822,0.842999373,0.16538879,6,0.5,0: Broadleaf,2,TRUE,1743531281,198.9334,200.0206,15.72000667,15.32715333,194.4104,15.66500667,500.0216667,88.87782667,0.099963747,25.83217333,24.99362,999.9,0,0,10002.208,0,177.275,-1.0466674,202.1540667,203.134,0.4039422,200.0206,15.32715333,1.398146667,1.362245333,11.89753333,11.50376667,299.9647333,0.9000126,0.0999874,0,2.747026667,0,2199.046667,2669.652,35.25,39.312,37.39153333,38.687,36.062,269.9726667,29.99,0,1743531290,0,1743531309,13:15:09,1743531307,1743531309,17,-0.045,-0.005,4.523,0.055,200,15,0.48,0.15,-1.032478667,-0.256374623,0.046221048,0,0.40388181,0.001839351,0.00034395,1,1,2,2-Jan,3.12463,2.72323,0.0469701,0.0481987,0.0743935,0.0729621,25890.1,23252.7,24284.5,23777.8,38319.8,36446.9,43790.7,42355.5,1.8673,1.82795,0.0797063,0,23.6815,999.9,36.87,27.724,15.4899,53.9195,47.1995,1,-0.12908,-0.88851,20.2533,5.23481,11.9918,4.956,3.304,9999,999.9,9999,9999,1.86831,1.86402,1.87166,1.86249,1.86196,1.86842,1.85852,1.86495,5,0,0,0,11111111,oooooooo,off,off,off,off,0,100,100,4.523,0.055,3.788831985,0.004507312,-2.84E-06,7.75E-10,-0.012650602,-0.005433597,0.000660104,4.95E-07,1,2226,1,22,1.6,1.5,0.594482,2.35474,1.4978,2.34497,1.54419,2.38159,32.4433,13.4578,18,499.037,423.255,25.8772,25.7166,30.0001,25.6652,25.6896,11.9389,-30,-30,25.8758,200,21.3097,98.1386,98.7517,NA
18,1743531397,3463.9,20250401 13:16:37,13:16:37,5,gibson,TT24_135_mai_pink,1743531389,0.000348144,0.348144098,0.182769042,99.77955625,77.24902328,6.87259656,8.877065443,0.015207898,2.726909947,0.015160936,0.009479792,49.61308842,26.06828684,26.06828684,3.387917081,41.85311153,1.399924473,3.344851605,1.987992608,-15.35315472,-31.77404278,-2.488588927,-0.002698004,0.156081019,0.340201062,0.182769042,101.5015206,101.2599879,0.004008361,65.60447344,0.348144098,15.33406127,15.74505664,2.51E-05,104.9809399,0,0,1,0,47186,299.9790625,252.8821172,0.842999225,0.165388504,6,0.5,0: Broadleaf,2,TRUE,1743531389,99.77955625,100.0075812,15.7353625,15.33355625,95.52555625,15.6813625,500.0139375,88.86676875,0.100007375,25.85215625,24.9972125,999.9,0,0,10000.39687,0,177.2958125,-0.332457063,101.269375,101.5649375,0.40881125,100.0075812,15.33355625,1.398973125,1.362644375,11.9065125,11.50818125,299.9790625,0.900020625,0.099979375,0,2.73588125,0,2175.078125,2669.786875,35.335625,39.375,37.5,38.753875,36.128875,269.9875,29.99,0,1743531398,0,1743531419,13:16:59,1743531419,1743531417,18,0.104,-0.001,4.254,0.054,100,15,0.52,0.22,-0.335840143,0.058415377,0.053592679,1,0.40848919,0.00960374,0.001508502,1,2,2,2-Feb,3.12479,2.72311,0.0242262,0.0253808,0.0744419,0.0729739,26506.1,23810.2,24282.8,23777.8,38313.4,36444.9,43788,42355.9,1.86718,1.82712,0.0819936,0,23.6518,999.9,36.894,27.724,15.5042,53.5595,47.2796,1,-0.12844,-0.832032,20.2535,5.23436,11.9917,4.95685,3.304,9999,999.9,9999,9999,1.86832,1.86402,1.87164,1.86252,1.86195,1.86841,1.85852,1.86494,5,0,0,0,11111111,oooooooo,off,off,off,off,0,100,100,4.254,0.054,3.744214241,0.004507312,-2.84E-06,7.75E-10,-0.018015824,-0.005433597,0.000660104,4.95E-07,1,2226,1,22,1.5,1.5,0.377197,2.40356,1.49902,2.34497,1.54419,2.27295,32.3991,13.4316,18,499.014,422.813,25.8179,25.7231,30.0002,25.6716,25.6939,7.57352,-30,-30,25.8164,100,21.3097,98.1322,98.7524,NA
19,1743531496,3562.9,20250401 13:18:16,13:18:16,5,gibson,TT24_135_mai_pink,1743531488,0.00035683,0.356830009,-0.061657075,50.1492875,54.56959458,4.85461044,4.461371878,0.015597307,2.726914709,0.015547914,0.009721871,49.61787857,26.07199928,26.07199928,3.38866102,41.89790679,1.401929302,3.346060482,1.986731718,-15.7362034,-31.42309494,-2.461219049,-0.002638818,-0.15514833,0.350141346,-0.061657075,50.74045593,50.81555636,8.11E-06,65.55736197,0.356830009,15.34597635,15.76725664,1.92E-05,107.2940011,0,0,1,0,47140,300.0070625,252.9058037,0.8429995,0.165389035,6,0.5,0: Broadleaf,2,TRUE,1743531488,50.1492875,49.9841875,15.758775,15.34524375,45.9792875,15.704775,500.0205625,88.86180625,0.100013556,25.85825625,24.99023125,999.9,0,0,10000.98375,0,177.3174375,0.044245728,50.8297625,50.76316875,0.419816188,49.9841875,15.34524375,1.400911875,1.363606875,11.9275125,11.51885625,300.0070625,0.900015813,0.099984188,0,2.69905,0,2164.25875,2670.031875,35.437,39.437,37.562,38.812,36.210625,270.010625,29.995625,0,1743531497,0,1743531516,13:18:36,1743531516,1743531516,19,0.122,0,4.17,0.054,50,15,0.75,0.15,0.046346668,-0.023712855,0.021265739,1,0.41934265,0.010719925,0.001289831,1,2,2,2-Feb,3.12482,2.72343,0.0118282,0.0128986,0.0745213,0.0730153,26841.2,24115.8,24281.2,23778.4,38306.2,36443.5,43784.8,42357.2,1.86742,1.8271,0.0821128,0,23.6436,999.9,36.919,27.724,15.5159,53.8895,47.2516,1,-0.128562,-0.906871,20.2534,5.23436,11.992,4.95595,3.304,9999,999.9,9999,9999,1.86833,1.86402,1.87164,1.86249,1.86192,1.86838,1.85852,1.86497,5,0,0,0,11111111,oooooooo,off,off,off,off,0,100,100,4.17,0.054,3.847831538,0.004507312,-2.84E-06,7.75E-10,-0.019090896,-0.005433597,0.000660104,4.95E-07,1,2226,1,22,1.3,1.3,0.267334,2.40356,1.4978,2.34497,1.54419,2.3999,32.3991,13.4228,18,499.18,422.829,25.8759,25.7253,30,25.6738,25.6979,5.38773,-30,-30,25.8792,50,21.3097,98.1252,98.7552,NA
20,1743531597,3663.9,20250401 13:19:57,13:19:57,5,gibson,TT24_135_mai_pink,1743531589,0.000363654,0.36365368,2.83193568,397.065,102.4791351,9.116791862,35.32386331,0.015918643,2.727305364,0.015867205,0.009921611,49.62053871,26.09794148,26.09794148,3.393863585,42.0702642,1.410020997,3.35158579,1.983842589,-16.0371273,-31.14616609,-2.439837562,-0.002592241,2.34028525,0.365841171,2.83193568,406.3414724,403.0633152,-0.036942419,65.61411667,0.36365368,15.41819674,15.84751399,1.82E-05,105.7062418,0,0,1,0,47076,300.0244375,252.9203402,0.842999131,0.165388323,6,0.5,0: Broadleaf,2,TRUE,1743531589,397.065,400.0475625,15.849625,15.4175875,391.401,15.783625,500.0159375,88.862425,0.099995038,25.8861125,25.00939375,999.9,0,0,10003.24375,0,177.331,-3.30096,403.1341875,406.311875,0.427550562,400.0475625,15.4175875,1.40803875,1.37004375,12.00446875,11.59006875,300.0244375,0.900027063,0.099972938,0,2.667575,0,2194.79625,2670.19625,35.5,39.5,37.652125,38.875,36.284875,270.030625,29.99375,0,1743531597,0,1743531621,13:20:21,1743531619,1743531621,20,0.31,0.011,5.664,0.066,400,15,0.48,0.2,-3.306599524,0.040925455,0.029965695,1,0.426701429,0.012954468,0.001568675,1,2,2,2-Feb,3.12473,2.72333,0.0841108,0.0854987,0.0747983,0.0732665,24877,22343.6,24280.4,23779.8,38300.5,36441.2,43784.1,42359.5,1.86758,1.82815,0.0826791,0,23.6633,999.9,36.967,27.724,15.5347,54.4095,46.867,1,-0.129131,-0.803516,20.2537,5.23496,11.992,4.9576,3.304,9999,999.9,9999,9999,1.86835,1.86403,1.87164,1.8625,1.86194,1.86841,1.85852,1.86496,5,0,0,0,11111111,oooooooo,off,off,off,off,0,100,100,5.664,0.066,3.969743878,0.004507312,-2.84E-06,7.75E-10,-0.019123982,-0.005433597,0.000660104,4.95E-07,1,2226,1,22,1.4,1.4,1.00586,2.38892,1.49902,2.34497,1.54419,2.17896,32.3991,13.3878,18,499.235,423.403,25.8334,25.7209,30,25.6695,25.6939,20.1698,-30,-30,25.8143,400,21.3097,98.1233,98.7608,NA
21,1743531683,3749.9,20250401 13:21:23,13:21:23,5,gibson,TT24_135_mai_pink,1743531675,0.000376525,0.376524526,2.26597747,397.0264667,166.3693867,14.80018433,35.31938781,0.016501509,2.72753659,0.016446246,0.010283854,49.61312814,26.09575213,26.09575213,3.393424252,42.11858488,1.411762083,3.351874444,1.98166217,-16.60473158,-30.61303764,-2.39786275,-0.002503837,2.339159729,0.368978022,2.26597747,406.3149669,403.5085576,0.009557634,65.55078947,0.376524526,15.43502153,15.87953427,1.49E-05,107.4688534,0,0,1,0,47093,299.9786667,252.881838,0.842999407,0.165388855,6,0.5,0: Broadleaf,2,TRUE,1743531675,397.0264667,400.0090667,15.86966667,15.43394667,391.4124667,15.80566667,500.0309333,88.85982667,0.099955053,25.88756667,24.99608667,999.9,0,0,10004.91533,0,177.3312,-2.940818667,403.4746667,406.2796,0.4441516,400.0090667,15.43394667,1.410924667,1.371456667,12.03556667,11.60566667,299.9786667,0.900018933,0.09998108,0,2.846693333,0,2212.386667,2669.780667,35.562,39.53306667,37.687,38.937,36.3162,269.9873333,29.992,0,1743531684,0,1743531704,13:21:44,1743531703,1743531704,21,-0.049,-0.002,5.614,0.064,400,15,0.37,0.13,-2.925987,-0.364172932,0.067817458,0,0.4441641,-0.003676962,0.000929008,1,1,2,2-Jan,3.12475,2.72334,0.0841404,0.0855152,0.0748714,0.0733259,24875.6,22343.7,24279.8,23780.4,38295.7,36439.7,43782.2,42360.5,1.86733,1.82827,0.0835881,0,23.6384,999.9,36.992,27.744,15.5632,54.2995,47.1715,1,-0.129627,-0.853124,20.2535,5.23511,11.992,4.95665,3.304,9999,999.9,9999,9999,1.86834,1.86402,1.87164,1.86249,1.86192,1.86839,1.85852,1.86495,5,0,0,0,11111111,oooooooo,off,off,off,off,0,100,100,5.614,0.064,4.279762922,0.004507312,-2.84E-06,7.75E-10,-0.008547322,-0.005433597,0.000660104,4.95E-07,1,2226,1,22,1.1,1,1.00464,2.38037,1.4978,2.34497,1.54419,2.23999,32.3991,13.3703,18,499.052,423.458,25.8563,25.7144,30.0001,25.6652,25.6917,20.1654,-30,-30,25.8565,400,21.3097,98.1195,98.7631,NA
22,1743531784,3850.9,20250401 13:23:04,13:23:04,5,gibson,TT24_135_mai_pink,1743531776,0.000374432,0.374431982,3.805180757,595.2748,209.0856327,18.59876066,52.95138354,0.016435954,2.724986546,0.016381078,0.010243089,49.61421251,26.08896999,26.08896999,3.392063613,42.19648183,1.413740519,3.350375335,1.978323093,-16.51245042,-30.69771219,-2.406572194,-0.002522298,3.738240825,0.367794716,3.805180757,609.4722686,604.9422788,-0.02294661,65.63522895,0.374431982,15.45887928,15.90105714,-4.05E-06,105.0618235,0,0,1,0,47251,299.9861333,252.8880544,0.842999147,0.165388353,6,0.5,0: Broadleaf,2,TRUE,1743531776,595.2748,600.0231333,15.89314667,15.45883333,589.3038,15.83114667,500.0297333,88.85282,0.100019167,25.88001333,24.98922667,999.9,0,0,9990.5,0,177.3208667,-4.659582,604.9839333,609.4444667,0.4430076,600.0231333,15.45883333,1.412924,1.373561333,12.05706,11.62885333,299.9861333,0.900025067,0.099974933,0,2.691753333,0,2308.898667,2669.853333,35.625,39.562,37.75,38.937,36.375,269.9953333,29.99,0,1743531785,0,1743531807,13:23:27,1743531807,1743531803,22,-0.098,-0.002,5.971,0.062,600,15,1.07,0.09,-4.6636495,0.098774887,0.038229622,1,0.44303615,0.000339293,0.000698033,1,2,2,2-Feb,3.12469,2.72317,0.113932,0.115253,0.0749554,0.0734044,24066,21617.8,24279.1,23780.8,38294.1,36440.4,43781.3,42362.1,1.86742,1.8294,0.0824928,0,23.6297,999.9,37.016,27.724,15.5577,54.5795,47.3037,1,-0.130313,-0.866639,20.2533,5.23481,11.992,4.9577,3.304,9999,999.9,9999,9999,1.86833,1.86401,1.87164,1.86249,1.86192,1.86839,1.85852,1.86497,5,0,0,0,11111111,oooooooo,off,off,off,off,0,100,100,5.971,0.062,4.230654289,0.004507312,-2.84E-06,7.75E-10,-0.010676359,-0.005433597,0.000660104,4.95E-07,1,2226,1,22,1.4,1.3,1.3855,2.37305,1.4978,2.34497,1.54419,2.24365,32.3991,13.3528,18,499.06,424.057,25.8202,25.7057,30,25.6588,25.6853,27.7738,-30,-30,25.8233,600,21.3097,98.1173,98.7662,NA
23,1743531896,3962.9,20250401 13:24:56,13:24:56,5,gibson,TT24_135_mai_pink,1743531888,0.000366974,0.366974397,4.695619547,793.62125,305.1316654,27.14142397,70.59251222,0.016085398,2.726302704,0.016032859,0.010025243,49.61708876,26.10822873,26.10822873,3.395928567,42.19160602,1.415022975,3.353802115,1.980905591,-16.18357093,-31.00607094,-2.430017941,-0.00257105,5.03032856,0.364158162,4.695619547,812.5853906,806.8582242,0.000783663,65.68047481,0.366974397,15.47736512,15.91081758,-1.05E-05,103.524562,0,0,1,0,47138,300.004125,252.9031699,0.842998975,0.165388022,6,0.5,0: Broadleaf,2,TRUE,1743531888,793.62125,800.004625,15.90809375,15.47804375,787.63225,15.84309375,499.9861875,88.84995,0.099926556,25.897275,25.0019875,999.9,0,0,9998.66875,0,177.3440625,-6.07196,806.7701875,812.5818125,0.434112063,800.004625,15.47804375,1.413795625,1.37522375,12.066425,11.64718125,300.004125,0.900032187,0.09996785,0,2.7220625,0,2425.744375,2670.02,35.636625,39.625,37.812,39,36.437,270.0125,29.99,0,1743531897,0,1743531928,13:25:28,1743531928,1743531916,23,-0.321,0.002,5.989,0.065,800,15,0.37,0.21,-6.0623465,-0.034977293,0.081229071,1,0.4340594,0.001317383,0.000528501,1,2,2,2-Feb,3.12477,2.72344,0.139217,0.140457,0.074987,0.0734705,23378.8,21003.9,24278.2,23782.6,38293,36442.8,43779.1,42365.7,1.86805,1.82965,0.0833869,0,23.626,999.9,37.016,27.724,15.5568,54.2995,47.1514,1,-0.131504,-0.837176,20.2533,5.23466,11.9917,4.9559,3.304,9999,999.9,9999,9999,1.86835,1.86401,1.87165,1.86249,1.86192,1.86838,1.85852,1.86496,5,0,0,0,11111111,oooooooo,off,off,off,off,0,100,100,5.989,0.065,4.132263433,0.004507312,-2.84E-06,7.75E-10,-0.012500093,-0.005433597,0.000660104,4.95E-07,1,2226,1,22,1.5,1.6,1.74438,2.32422,1.4978,2.34619,1.54419,2.38037,32.3991,13.344,18,499.364,424.118,25.8397,25.6927,30.0001,25.6502,25.6746,34.9424,-30,-30,25.8424,800,21.3097,98.1128,98.7742,NA
24,1743532010,4076.9,20250401 13:26:50,13:26:50,5,gibson,TT24_135_mai_pink,1743532002,0.00034535,0.345349517,5.891717528,992.6154667,342.9590712,30.50553689,88.29119939,0.015118104,2.726483258,0.015071687,0.009423963,49.6122058,26.11885944,26.11885944,3.398063644,42.18137663,1.415070204,3.354727411,1.98299344,-15.22991369,-31.88600435,-2.499006564,-0.002718812,5.836284298,0.344653549,5.891717528,1015.763043,1008.463152,0.025273284,65.71910755,0.345349517,15.50253515,15.91045029,-1.38E-05,101.792726,0,0,1,0,47067,299.9735333,252.8774726,0.84299928,0.16538861,6,0.5,0: Broadleaf,2,TRUE,1743532002,992.6154667,1000.029333,15.90895333,15.50196,986.1724667,15.84095333,500.0138,88.84801333,0.100025813,25.90193333,25.00917333,999.9,0,0,9999.963333,0,177.3651333,-7.618107333,1008.458667,1015.775333,0.410239267,1000.029333,15.50196,1.413768,1.377317333,12.06611333,11.67019333,299.9735333,0.900018867,0.099981133,0,2.760446667,0,2529.338667,2669.734667,35.687,39.66633333,37.875,39,36.479,269.982,29.99,0,1743532011,0,1743532040,13:27:20,1743532040,1743532028,24,0.195,0.003,6.443,0.068,1000,16,0.53,0.18,-7.6216915,-0.029567368,0.066521176,1,0.411857,-0.024760692,0.00256053,1,2,2,2-Feb,3.12488,2.72323,0.161469,0.162629,0.0749787,0.0735564,22774.6,20463,24278,23783.2,38294.8,36442.2,43778.5,42366.9,1.86852,1.83005,0.0842065,0,23.6294,999.9,37.041,27.724,15.5688,54.2395,46.8189,1,-0.132312,-0.794534,20.2535,5.23346,11.992,4.9566,3.304,9999,999.9,9999,9999,1.86833,1.86402,1.87164,1.8625,1.86192,1.86842,1.85852,1.86496,5,0,0,0,11111111,oooooooo,off,off,off,off,0,100,100,6.443,0.068,3.811236983,0.004507312,-2.84E-06,7.75E-10,-0.010296034,-0.005433597,0.000660104,4.95E-07,1,2226,1,22,1.4,1.6,2.0874,2.3291,1.49902,2.34497,1.54419,2.29004,32.377,13.309,18,499.561,424.283,25.8241,25.6819,29.9999,25.6395,25.666,41.7835,-30,-30,25.82,1000,21.3097,98.1116,98.7768,NA
25,1743532132,4198.9,20250401 13:28:52,13:28:52,5,gibson,TT24_135_mai_pink,1743532124,0.000318106,0.318106348,7.055880134,1191.620333,350.5425066,31.18144159,105.9969594,0.013922881,2.727498665,0.013883518,0.008680726,49.60948736,26.11288039,26.11288039,3.396862663,42.1789941,1.413862282,3.352053105,1.983000381,-14.02848996,-32.99889463,-2.585012304,-0.002909527,6.611701746,0.315547266,7.055880134,1218.948084,1210.367939,-0.004288752,65.72230113,0.318106348,15.52130374,15.89701735,-9.07E-06,101.6117766,0,0,1,0,46933,299.9564667,252.8631394,0.84299946,0.165388958,6,0.5,0: Broadleaf,2,TRUE,1743532124,1191.620333,1200.005333,15.89467333,15.52204667,1184.493333,15.82367333,500.0153333,88.85192667,0.100029253,25.88846667,25.00068,999.9,0,0,10005.57867,0,177.3823333,-8.861329333,1210.385333,1218.926,0.375502333,1200.005333,15.52204667,1.412528,1.379164667,12.05279333,11.69045333,299.9564667,0.900012333,0.099987687,0,2.768186667,0,2611.798,2669.579333,35.75,39.687,37.90393333,39.062,36.5,269.964,29.99,0,1743532133,0,1743532173,13:29:33,1743532173,1743532152,25,0.468,0.003,7.127,0.071,1200,16,0.38,0.17,-8.881709048,0.08869013,0.080907117,1,0.376764333,-0.01685213,0.002180345,1,2,2,2-Feb,3.12494,2.72329,0.181504,0.182615,0.0749267,0.0736276,22229.6,19976,24276.5,23784.3,38297,36442.9,43776.5,42369.1,1.86905,1.83092,0.0830442,0,23.6399,999.9,37.041,27.744,15.5851,54.3395,47.1595,1,-0.133112,-0.853126,20.2532,5.23511,11.9918,4.95705,3.304,9999,999.9,9999,9999,1.86835,1.86403,1.87164,1.86249,1.86192,1.8684,1.85852,1.86497,5,0,0,0,11111111,oooooooo,off,off,off,off,0,100,100,7.127,0.071,4.005979138,0.004507312,-2.84E-06,7.75E-10,-0.007383426,-0.005433597,0.000660104,4.95E-07,1,2226,1,22,1.5,1.7,2.41577,2.34131,1.49902,2.34497,1.54419,2.22534,32.3991,13.2652,18,499.823,424.722,25.7775,25.6755,30.0001,25.6332,25.6574,48.3473,-30,-30,25.7804,1200,21.3097,98.1066,98.7818,NA
26,1743532265,4331.9,20250401 13:31:05,13:31:05,5,gibson,TT24_135_mai_pink,1743532257,0.000291247,0.291246761,7.410735577,1490.35,520.7416473,46.3206373,132.5685436,0.012740354,2.726062207,0.012707367,0.007945061,49.61079338,26.11101438,26.11101438,3.396487924,42.17335412,1.412881413,3.350175586,1.98360651,-12.84398216,-34.09758547,-2.672335378,-0.003109627,7.621472379,0.288937728,7.410735577,1523.731306,1514.669939,0.006082903,65.68853836,0.291246761,15.54263781,15.88657473,-1.52E-06,103.2062863,0,0,1,0,47224,299.9646667,252.870026,0.842999373,0.16538879,6,0.5,0: Broadleaf,2,TRUE,1743532257,1490.35,1500.012,15.88376667,15.54256667,1483.094,15.81076667,500.0263333,88.85126667,0.10001568,25.87900667,24.99219333,999.9,0,0,9997.086667,0,177.2715333,-9.475749333,1514.601333,1523.695333,0.344815067,1500.012,15.54256667,1.411615333,1.380978,12.04297333,11.71034,299.9646667,0.900012333,0.099987687,0,2.79222,0,2678.735333,2669.65,35.78306667,39.7374,37.937,39.0746,36.55786667,269.9726667,29.99,0,1743532266,0,1743532292,13:31:32,1743532292,1743532283,26,-0.2,0.002,7.256,0.073,1500,16,0.37,0.13,-9.448816,-0.22974406,0.090230188,0,0.3454333,-0.007465805,0.001539697,1,1,2,2-Jan,3.12478,2.72313,0.208457,0.209396,0.0748711,0.0736973,21497.2,19322.4,24275.3,23784.6,38298.9,36442.4,43773.4,42369.3,1.86887,1.83228,0.0829995,0,23.6368,999.9,37.041,27.744,15.5866,53.6395,46.7107,1,-0.133138,-0.876157,20.2533,5.23556,11.992,4.9575,3.304,9999,999.9,9999,9999,1.8683,1.86401,1.87164,1.86249,1.8619,1.86842,1.85852,1.86496,5,0,0,0,11111111,oooooooo,off,off,off,off,0,100,100,7.256,0.073,4.473618233,0.004507312,-2.84E-06,7.75E-10,-0.004442482,-0.005433597,0.000660104,4.95E-07,1,2226,1,22,1.5,1.9,2.88574,2.2998,1.49902,2.34619,1.54419,2.38647,32.3991,13.2302,18,499.658,425.452,25.8371,25.669,30,25.6255,25.651,57.7571,-30,-30,25.837,1500,21.3097,98.1004,98.7826,NA
28,1743534216,6283,20250401 14:03:36,14:03:36,5,gibson,flag2_mai_pink,1743534208,0.000259337,0.259336618,1.289844057,398.630625,206.0738944,18.32537862,35.44872655,0.011391759,2.725723603,0.011365375,0.007105724,49.61173743,25.89884774,25.89884774,3.354114487,41.70459684,1.378983803,3.306551093,1.975130685,-11.43674486,-35.40891722,-2.769424696,-0.003349348,1.016602582,0.25687297,1.289844057,406.1859986,404.7568667,-0.030431681,65.49238951,0.259336618,15.20332835,15.50969697,-3.55E-07,109.1078678,0,0,1,0,47263,299.9700625,252.8746014,0.842999462,0.165388963,6,0.5,0: Broadleaf,2,TRUE,1743534208,398.630625,399.973375,15.50705,15.20359375,392.970625,15.44605,500.018625,88.8262375,0.100012337,25.6578875,25.013225,999.9,0,0,9997.884375,0,156.096875,-1.4600175,404.7918125,406.148125,0.306965125,399.973375,15.20359375,1.377741875,1.350478125,11.674875,11.37269375,299.9700625,0.900026875,0.099973125,0,2.7173,0,3272.960625,2669.714375,36.437,40.4645625,38.625,39.8710625,37.167625,269.980625,29.991875,0,1743534216,0,1743534240,14:04:00,1743534238,1743534240,28,0.113,0.001,5.66,0.061,400,15,0.52,0.31,-1.465741905,-0.046603636,0.063855551,1,0.306663238,0.004169532,0.00082616,1,2,2,2-Feb,3.12472,2.72321,0.0843287,0.0854548,0.0735475,0.0724659,24834.5,22351.8,24244.9,23787.7,38297.8,36488.8,43721.5,42378.2,1.8669,1.82733,0.0772253,0,23.7536,999.9,36.571,27.755,15.4019,53.9568,46.7909,1,-0.125351,-0.164807,20.2564,5.23511,11.9912,4.9573,3.304,9999,999.9,9999,9999,1.86836,1.86407,1.87168,1.86249,1.862,1.86844,1.85859,1.86507,5,0,0,0,11111111,oooooooo,off,off,off,off,0,100,100,5.66,0.061,4.162558215,0.004507312,-2.84E-06,7.75E-10,-0.010891472,-0.005433597,0.000660104,4.95E-07,1,2226,1,22,30.2,30.2,1.00342,2.33643,1.4978,2.34619,1.54419,2.38892,32.377,14.6837,18,499.236,423.297,24.6598,25.7751,30.0002,25.72,25.7423,20.1424,-30,-30,24.6502,400,21.3097,97.9819,98.8006,NA
29,1743534327,6394,20250401 14:05:27,14:05:27,5,gibson,flag2_mai_pink,1743534319,0.000256889,0.256888818,0.28047913,299.0899375,249.226564,22.16253634,26.59664966,0.011281969,2.725601028,0.01125609,0.007037376,49.61651509,25.88520937,25.88520937,3.351406529,41.64618133,1.375879371,3.303734765,1.975527158,-11.32879686,-35.51373055,-2.777356871,-0.00336919,0.679152545,0.254929921,0.28047913,304.6237413,304.2868909,-0.001042585,65.63852893,0.256888818,15.16988941,15.47356154,-2.55E-05,103.9483582,0,0,1,0,47034,300,252.8997488,0.842999163,0.165388384,6,0.5,0: Broadleaf,2,TRUE,1743534319,299.0899375,299.996375,15.4723125,15.17114375,294.1609375,15.4123125,500.023125,88.82526875,0.099988594,25.643525,25.00866875,999.9,0,0,9997.2625,0,157.9230625,-0.45927825,304.245875,304.617625,0.30616975,299.996375,15.17114375,1.37477625,1.347580625,11.64223125,11.34028125,300,0.900038438,0.099961531,0,2.6823,0,3271.47625,2669.9875,36.562,40.562,38.75,39.9803125,37.25,270.010625,29.991875,0,1743534327,0,1743534352,14:05:52,1743534352,1743534346,29,-0.45,0,4.929,0.06,300,15,0.48,0.18,-0.45914625,0.015074932,0.049329564,1,0.30651975,-0.009498812,0.001161953,1,2,2,2-Feb,3.12471,2.72323,0.0669308,0.0680071,0.0734192,0.0723442,25303.5,22776.2,24242.4,23785.8,38297.3,36490,43716.7,42375.6,1.86677,1.82642,0.0758842,0,23.7673,999.9,36.497,27.755,15.3714,54.5568,46.6266,1,-0.123407,-0.124412,20.2561,5.23436,11.9918,4.95605,3.304,9999,999.9,9999,9999,1.8684,1.86404,1.87169,1.8625,1.86199,1.86844,1.85858,1.86506,5,0,0,0,11111111,oooooooo,off,off,off,off,0,100,100,4.929,0.06,4.276138459,0.004507312,-2.84E-06,7.75E-10,-0.009878526,-0.005433597,0.000660104,4.95E-07,1,2226,1,22,1.5,1.4,0.803223,2.36694,1.4978,2.34619,1.54419,2.2998,32.3991,14.6399,18,499.341,422.951,24.5307,25.799,30.0002,25.7425,25.7648,16.1267,-30,-30,24.5299,300,21.3097,97.9711,98.7938,NA
30,1743534422,6488.9,20250401 14:07:02,14:07:02,5,gibson,flag2_mai_pink,1743534414,0.000258916,0.258915776,0.149632132,199.6270625,171.7392358,15.27074092,17.75047581,0.011365566,2.725307852,0.011339299,0.007089417,49.61648046,25.87310849,25.87310849,3.349005444,41.57538116,1.372598325,3.301469009,1.976407119,-11.41818573,-35.43080791,-2.770840749,-0.003353933,0.25952683,0.254438681,0.149632132,203.02529,202.8203515,0.004816737,65.68562332,0.258915776,15.13583096,15.44181838,-1.26E-05,103.3249303,0,0,1,0,47248,299.9998125,252.8995888,0.842999156,0.165388372,6,0.5,0: Broadleaf,2,TRUE,1743534414,199.6270625,199.9994375,15.43664375,15.1360375,195.0690625,15.37964375,500.0115625,88.81819375,0.099989944,25.6319625,24.993925,999.9,0,0,9996.310625,0,140.3715,-0.326877563,202.8048125,203.0731875,0.308223438,199.9994375,15.1360375,1.371730625,1.344354375,11.6086875,11.30411875,299.9998125,0.900038688,0.099961313,0,2.66868125,0,3274.45125,2669.9875,36.625,40.67925,38.8159375,40.062,37.319875,270.01125,29.991875,0,1743534423,0,1743534446,14:07:26,1743534446,1743534441,30,-0.047,-0.003,4.558,0.057,200,15,0.58,0.31,-0.313186619,-0.083391828,0.047844139,1,0.308428476,-0.003065291,0.001220226,1,2,2,2-Feb,3.1247,2.72329,0.0470641,0.0481564,0.073295,0.0722171,25839.6,23261.2,24240,23785.8,38297.1,36493.1,43712.5,42375.3,1.86607,1.8256,0.0755489,0,23.7573,999.9,36.442,27.765,15.3584,54.0868,46.3982,1,-0.121646,-0.181201,20.2562,5.23421,11.992,4.95705,3.304,9999,999.9,9999,9999,1.86838,1.86402,1.87166,1.86254,1.862,1.86844,1.85857,1.86505,5,0,0,0,11111111,oooooooo,off,off,off,off,0,100,100,4.558,0.057,3.826514779,0.004507312,-2.84E-06,7.75E-10,-0.009766105,-0.005433597,0.000660104,4.95E-07,1,2226,1,22,1.2,1.3,0.594482,2.39136,1.4978,2.34619,1.54419,2.1936,32.4433,14.6136,18,499.083,422.624,24.5784,25.8199,30.0003,25.7624,25.7842,11.9246,-30,-30,24.5842,200,21.3097,97.9617,98.7934,NA
31,1743534538,6604.9,20250401 14:08:58,14:08:58,5,gibson,flag2_mai_pink,1743534530,0.000264741,0.264741405,-0.079335409,100.01198,107.1971504,9.530989067,8.892149508,0.011582058,2.725222396,0.011554782,0.007224184,49.6151431,25.89134584,25.89134584,3.352624716,41.43601632,1.369610493,3.305362375,1.983014223,-11.67509597,-35.19068172,-2.752674673,-0.003309261,-0.075952041,0.255374739,-0.079335409,101.5472632,101.5251091,0.025284967,65.72222381,0.264741405,15.10155636,15.41438353,-5.08E-06,101.6119639,0,0,1,0,46926,299.9921333,252.8930804,0.84299904,0.165388147,6,0.5,0: Broadleaf,2,TRUE,1743534530,100.01198,99.95148667,15.40431333,15.10258667,95.73198,15.35331333,500.0039333,88.81084667,0.099996893,25.65182667,25.01648,999.9,0,0,9996.628,0,151.6882,-0.033388311,101.4824,101.4842,0.3123342,99.95148667,15.10258667,1.369012,1.341272,11.57867333,11.26946667,299.9921333,0.9000436,0.0999564,0,2.65478,0,3281.504,2669.922,36.729,40.75,38.937,40.12913333,37.42046667,270.006,29.99,0,1743534539,0,1743534558,14:09:18,1743534556,1743534558,31,0.094,-0.006,4.28,0.051,100,15,0.35,0.28,-0.013452118,-0.321428208,0.079448998,0,0.312038238,0.004505377,0.000879955,1,1,2,2-Jan,3.12481,2.72331,0.0242767,0.0253911,0.073196,0.07208,26454.3,23817.1,24237.1,23785.4,38294.6,36496.6,43707.3,42375.2,1.8661,1.82465,0.0760891,0,23.7686,999.9,36.369,27.785,15.3459,54.2468,46.7628,1,-0.120409,-0.107696,20.2566,5.23436,11.992,4.95675,3.304,9999,999.9,9999,9999,1.86836,1.86406,1.87169,1.86254,1.86191,1.86844,1.85855,1.86504,5,0,0,0,11111111,oooooooo,off,off,off,off,0,100,100,4.28,0.051,3.779965427,0.004507312,-2.84E-06,7.75E-10,-0.012369299,-0.005433597,0.000660104,4.95E-07,1,2226,1,22,1.5,1.6,0.375977,2.41455,1.49902,2.34619,1.54419,2.1875,32.4433,14.5873,18,499.264,422.238,24.5726,25.8382,30,25.7832,25.8053,7.5611,-30,-30,24.5439,100,21.3097,97.9501,98.7926,NA
32,1743534636,6702.9,20250401 14:10:36,14:10:36,5,gibson,flag2_mai_pink,1743534628,0.000258924,0.258924176,-0.166458179,50.28494,71.587392,6.364227624,4.470407362,0.011339794,2.726659433,0.011313659,0.00707338,49.61471198,25.86509633,25.86509633,3.34741648,41.41799858,1.366762413,3.299923849,1.980654067,-11.41855614,-35.43029972,-2.769206443,-0.003350335,-0.206513689,0.254239959,-0.166458179,50.76395428,50.95550364,0.002395244,65.69391643,0.258924176,15.07240743,15.37838352,-7.66E-06,102.9935012,0,0,1,0,47064,299.9896667,252.890989,0.842999,0.16538807,6,0.5,0: Broadleaf,2,TRUE,1743534628,50.28494,50.05247333,15.37389333,15.07350667,46.06694,15.32289333,500.0181333,88.80158,0.09993528,25.62407333,25.00040667,999.9,0,0,10006.24333,0,164.4384,0.08976287,50.92540667,50.81848667,0.305025667,50.05247333,15.07350667,1.365639333,1.338551333,11.54136667,11.23886,299.9896667,0.900043667,0.099956333,0,2.6989,0,3288.978,2669.902,36.77893333,40.8162,39,40.187,37.4958,270.004,29.98933333,0,1743534636,0,1743534676,14:11:16,1743534676,1743534655,32,0.144,0,4.218,0.051,50,15,0.47,0.12,0.110893031,-0.056317473,0.064055393,1,0.304620762,0.002245169,0.000705656,1,2,2,2-Feb,3.12465,2.72343,0.0118541,0.0128833,0.0730735,0.0719578,26788.7,24121.9,24234.9,23784.7,38296.2,36500,43704.5,42374.7,1.86572,1.82445,0.0731088,0,23.7922,999.9,36.32,27.795,15.3395,54.1068,46.7468,1,-0.119113,-0.0108061,20.2566,5.23481,11.992,4.95715,3.304,9999,999.9,9999,9999,1.86835,1.86402,1.87164,1.86254,1.862,1.86843,1.85853,1.86505,5,0,0,0,11111111,oooooooo,off,off,off,off,0,100,100,4.218,0.051,3.873627334,0.004507312,-2.84E-06,7.75E-10,-0.01786452,-0.005433597,0.000660104,4.95E-07,1,2226,1,22,1.3,1.3,0.267334,2.43042,1.4978,2.34619,1.54419,2.27661,32.4875,14.5698,18,499.178,422.258,24.2817,25.857,30.0003,25.8005,25.823,5.37221,-30,-30,24.2835,50,21.3097,97.9428,98.7907,NA
33,1743534759,6825.9,20250401 14:12:39,14:12:39,5,gibson,flag2_mai_pink,1743534751,0.000264414,0.264414032,1.428071877,398.4716875,189.3613718,16.83216815,35.4198028,0.011544693,2.725215427,0.011517591,0.007200924,49.61512322,25.87691329,25.87691329,3.34976024,41.2774795,1.363194854,3.302514762,1.986565386,-11.66065883,-35.20441994,-2.75335599,-0.003311541,1.171579444,0.272354011,1.428071877,406.1355813,404.4022,-0.001367641,65.72492167,0.264414032,15.00939594,15.32228882,-6.31E-05,101.4443231,0,0,1,0,47227,299.992,252.8929691,0.842999044,0.165388154,6,0.5,0: Broadleaf,2,TRUE,1743534751,398.4716875,400.0078125,15.3359,15.0140875,392.8256875,15.2769,500.00025,88.7891875,0.099945444,25.6373,24.9903875,999.9,0,0,9999.025,0,164.4458125,-1.7844575,404.4236875,406.1050625,0.317402813,400.0078125,15.0140875,1.361270625,1.33308875,11.49295625,11.17718125,299.992,0.900044,0.099956025,0,2.7581875,0,3255.75375,2669.92375,36.812,40.835625,39.062,40.226375,37.5,270.005625,29.99,0,1743534759,0,1743534780,14:13:00,1743534780,1743534777,33,0.244,0.01,5.646,0.059,400,15,0.47,0.19,-1.7940855,-0.025955639,0.075505345,1,0.31692555,0.011047534,0.001481324,1,2,2,2-Feb,3.12465,2.72334,0.0842476,0.0853979,0.0728655,0.0717134,24823.2,22349.3,24232.2,23784.1,38307.3,36514.2,43700.1,42373.4,1.86575,1.8242,0.0774302,0,23.7213,999.9,36.125,27.825,15.2821,53.9868,46.4984,1,-0.117475,-0.43805,20.2558,5.23496,11.992,4.9575,3.304,9999,999.9,9999,9999,1.86841,1.86409,1.87166,1.86255,1.86196,1.86844,1.8586,1.86505,5,0,0,0,11111111,oooooooo,off,off,off,off,0,100,100,5.646,0.059,4.017959385,0.004507312,-2.84E-06,7.75E-10,-0.018222363,-0.005433597,0.000660104,4.95E-07,1,2226,1,22,1.4,1.7,1.00464,2.38403,1.49902,2.34619,1.54419,2.20825,32.5097,14.5261,18,499.329,422.245,24.9553,25.8687,30.0002,25.8175,25.8403,20.1444,-30,-30,24.9533,400,21.3097,97.9327,98.788,NA
34,1743534842,6908.9,20250401 14:14:02,14:14:02,5,gibson,flag2_mai_pink,1743534834,0.000274371,0.274371244,1.158850417,398.5292667,231.1930183,20.55071947,35.42521837,0.011931248,2.726036043,0.011902313,0.007441539,49.61839797,25.87928807,25.87928807,3.350231423,41.02835843,1.355385174,3.303532547,1.994846249,-12.09977186,-34.80078848,-2.721071808,-0.003234184,1.12452458,0.272815854,1.158850417,406.0750639,404.6650667,-0.000353775,65.72376087,0.274371244,14.92234261,15.24702176,-6.35E-05,101.5115704,0,0,1,0,47175,300.012,252.909812,0.842998987,0.165388044,6,0.5,0: Broadleaf,2,TRUE,1743534834,398.5292667,400.0091333,15.24791333,14.92553333,392.8782667,15.18991333,500.0111333,88.7899,0.099979207,25.64249333,24.98928667,999.9,0,0,10003.84,0,164.5208,-1.489056667,404.6928,406.0698667,0.327450733,400.0091333,14.92553333,1.354310667,1.325236,11.41549333,11.08816667,300.012,0.900044067,0.099955933,0,2.66546,0,3255.534,2670.1,36.812,40.812,39.05786667,40.187,37.5,270.0233333,29.99133333,0,1743534843,0,1743534864,14:14:24,1743534864,1743534860,34,0.006,0,5.651,0.058,400,15,0.28,0.27,-1.488988,-0.086395489,0.037758222,1,0.32680665,0.013646662,0.001598051,1,2,2,2-Feb,3.12463,2.72331,0.0842618,0.0853941,0.0725685,0.0714092,24821.5,22349.3,24231,23783.9,38317.6,36526.1,43697.8,42373.3,1.86553,1.8243,0.078436,0,23.7094,999.9,35.948,27.835,15.2163,53.9069,46.8269,1,-0.116933,-0.351108,20.2561,5.23466,11.9917,4.957,3.304,9999,999.9,9999,9999,1.86841,1.86403,1.87166,1.86254,1.86198,1.86843,1.85863,1.86506,5,0,0,0,11111111,oooooooo,off,off,off,off,0,100,100,5.651,0.058,4.261936076,0.004507312,-2.84E-06,7.75E-10,-0.008447358,-0.005433597,0.000660104,4.95E-07,1,2226,1,22,1,1.1,1.00464,2.38281,1.4978,2.34619,1.54419,2.21313,32.4654,14.5085,18,499.264,422.368,24.8118,25.8733,30.0001,25.8262,25.8489,20.1427,-30,-30,24.8103,400,21.3097,97.9275,98.7876,NA
35,1743534944,7010.9,20250401 14:15:44,14:15:44,5,gibson,flag2_mai_pink,1743534936,0.00027935,0.279349576,1.73930863,597.5300667,350.3494594,31.14816533,53.12400179,0.012141212,2.724773377,0.012111237,0.00757221,49.61774466,25.8527105,25.8527105,3.344961429,40.87954248,1.348443661,3.298578163,1.996517768,-12.31931632,-34.59601744,-2.705609553,-0.003198648,1.933359309,0.275010185,1.73930863,609.2145915,606.977103,0.025324133,65.72483355,0.279349576,14.83665799,15.16722941,-6.30E-05,101.4469539,0,0,1,0,47044,300.0084,252.9067472,0.842998887,0.165387851,6,0.5,0: Broadleaf,2,TRUE,1743534936,597.5300667,600.0471333,15.16707333,14.84208667,591.5040667,15.11207333,500.0311333,88.80600667,0.09998276,25.6172,24.97762667,999.9,0,0,9994.495333,0,164.9227333,-2.44181,606.8133333,609.0872667,0.332127133,600.0471333,14.84208667,1.347559333,1.318065333,11.34006,11.00645333,300.0084,0.90005,0.09995,0,2.73242,0,3265.237333,2670.073333,36.812,40.75,39.0496,40.1374,37.5,270.0213333,29.99,0,1743534945,0,1743534984,14:16:24,1743534984,1743534964,35,-0.081,-0.002,6.026,0.055,600,15,0.53,0.13,-2.4412915,0.281724361,0.284846216,0,0.33207475,0.003821188,0.001673027,1,1,2,2-Jan,3.12461,2.7234,0.114105,0.115087,0.072277,0.071117,24011.1,21623.9,24229.3,23783.9,38329.6,36540,43694.6,42373.4,1.86558,1.82488,0.0800118,0,23.6634,999.9,35.777,27.825,15.1353,54.8069,46.3502,1,-0.115988,-0.371577,20.256,5.23451,11.992,4.95685,3.304,9999,999.9,9999,9999,1.86839,1.86401,1.87164,1.86251,1.86196,1.86844,1.85854,1.86502,5,0,0,0,11111111,oooooooo,off,off,off,off,0,100,100,6.026,0.055,4.267713471,0.004507312,-2.84E-06,7.75E-10,-0.008225662,-0.005433597,0.000660104,4.95E-07,1,2226,1,22,1.3,1.4,1.38306,2.34619,1.49902,2.34619,1.54419,2.38647,32.4654,14.491,18,499.367,422.781,24.7784,25.8842,30,25.8354,25.8597,27.7429,-30,-30,24.7954,600,21.3097,97.9205,98.7877,NA
36,1743535076,7142.9,20250401 14:17:56,14:17:56,5,gibson,flag2_mai_pink,1743535068,0.000280751,0.28075147,2.300100668,796.8036,469.2061757,41.70279415,70.81947816,0.012127373,2.726188118,0.012097482,0.007563606,49.61532999,25.86394304,25.86394304,3.347187815,40.56191077,1.338899823,3.300879564,2.008287991,-12.38113982,-34.53743682,-2.699938114,-0.003184764,2.441699063,0.280336263,2.300100668,811.9296918,809.1188242,0.002045206,65.72683814,0.28075147,14.72942614,15.06149912,-3.61E-05,101.3089435,0,0,1,0,47078,299.9933333,252.894086,0.84299902,0.165388109,6,0.5,0: Broadleaf,2,TRUE,1743535068,796.8036,800.0015333,15.06422,14.7329,790.6076,15.00822,500.0239333,88.77944667,0.100018933,25.62895333,24.98700667,999.9,0,0,10005.92533,0,165.0516667,-3.034290667,809.1584,811.9641333,0.333699867,800.0015333,14.7329,1.337604667,1.307977333,11.22817333,10.89083333,299.9933333,0.900043733,0.099956267,0,2.705,0,3295.581333,2669.933333,36.812,40.687,39,40.062,37.4664,270.008,29.99,0,1743535077,0,1743535098,14:18:18,1743535098,1743535096,36,-0.169,0.003,6.196,0.056,800,15,0.99,0.1,-3.016187,-0.427901955,0.057903501,0,0.33371855,0.004870602,0.000959034,1,1,2,2-Jan,3.12457,2.72322,0.139388,0.14027,0.0719019,0.0707103,23324.2,21008.5,24227.4,23783.7,38344.2,36558.7,43691,42374.3,1.86563,1.8248,0.0825152,0,23.6317,999.9,35.551,27.805,15.0237,54.6869,46.3702,1,-0.115671,-0.446569,20.2556,5.23466,11.992,4.9574,3.304,9999,999.9,9999,9999,1.86841,1.86402,1.87164,1.8625,1.86194,1.86844,1.85856,1.86506,5,0,0,0,11111111,oooooooo,off,off,off,off,0,100,100,6.196,0.056,4.187122956,0.004507312,-2.84E-06,7.75E-10,-0.010432178,-0.005433597,0.000660104,4.95E-07,1,2226,1,22,1.5,1.9,1.74316,2.35352,1.49902,2.34619,1.54419,2.27295,32.4212,14.4472,18,499.444,422.771,24.9405,25.8861,30.0001,25.8413,25.864,34.9132,-30,-30,24.9434,800,21.3097,97.9125,98.7886,NA
37,1743535173,7239.9,20250401 14:19:33,14:19:33,5,gibson,flag2_mai_pink,1743535165,0.000276107,0.276106699,2.99228774,995.98325,562.861053,50.02652723,88.52199474,0.011873371,2.725264164,0.011844707,0.007405512,49.61634451,25.87129337,25.87129337,3.348645414,40.31959763,1.331373527,3.302050628,2.017271887,-12.17630542,-34.72737292,-2.715888374,-0.003222211,3.070757211,0.276548604,2.99228774,1014.859161,1011.161636,0.011363318,65.72055698,0.276106699,14.64896315,14.97579,-6.33E-05,101.7164973,0,0,1,0,47142,299.999625,252.8993764,0.842998975,0.165388022,6,0.5,0: Broadleaf,2,TRUE,1743535165,995.98325,999.9986875,14.97961875,14.65273125,989.52925,14.92261875,499.9995625,88.77905,0.099949463,25.63493125,24.98565,999.9,0,0,10000.4575,0,165.0598125,-4.01917625,1011.12875,1014.870625,0.330155,999.9986875,14.65273125,1.33016625,1.300855,11.14410625,10.80875,299.999625,0.900043938,0.099956063,0,2.688375,0,3327.666875,2669.990625,36.75,40.628875,38.944875,40,37.437,270.0125,29.99,0,1743535173,0,1743535207,14:20:07,1743535207,1743535193,37,-0.002,0.002,6.454,0.057,1000,15,0.62,0.15,-4.00935,-0.055008722,0.069557413,1,0.3303365,-0.005473985,0.000870409,1,2,2,2-Feb,3.12468,2.72339,0.161622,0.162428,0.0715913,0.0704265,22721.6,20467.6,24226.9,23783.9,38358.4,36572.2,43690.2,42375,1.86623,1.82515,0.0835508,0,23.6178,999.9,35.405,27.795,14.9534,54.1369,46.7348,1,-0.116326,-0.48939,20.2554,5.23496,11.9918,4.957,3.304,9999,999.9,9999,9999,1.86835,1.86402,1.87165,1.8625,1.86195,1.86843,1.85859,1.86505,5,0,0,0,11111111,oooooooo,off,off,off,off,0,100,100,6.454,0.057,4.018461309,0.004507312,-2.84E-06,7.75E-10,-0.007289262,-0.005433597,0.000660104,4.95E-07,1,2226,1,22,1.2,1.3,2.08374,2.323,1.4978,2.34619,1.54419,2.36572,32.377,14.4297,18,499.768,422.956,25.0115,25.8774,30,25.837,25.8619,41.7505,-30,-30,25.0206,1000,21.3097,97.9108,98.7899,NA
38,1743535298,7364.9,20250401 14:21:38,14:21:38,5,gibson,flag2_mai_pink,1743535290,0.000263313,0.263312579,3.835658163,1195.546625,614.698583,54.63534317,106.2619989,0.01124421,2.724269322,0.011218491,0.007013863,49.6161079,25.89176967,25.89176967,3.352708867,39.97752834,1.32139764,3.305351017,2.031311228,-11.61208472,-35.24912953,-2.75821624,-0.003322589,3.399872993,0.265780007,3.835658163,1217.649763,1212.998485,-0.004089284,65.67973845,0.263312579,14.54878836,14.86052637,-6.45E-05,103.5542948,0,0,1,0,47181,299.9954375,252.8960826,0.842999762,0.165389542,6,0.5,0: Broadleaf,2,TRUE,1743535290,1195.546625,1200.0075,14.86695625,14.55278125,1188.415625,14.80795625,500.030875,88.7815,0.100018013,25.65176875,25.00553125,999.9,0,0,9994.248125,0,165.0580625,-4.92828375,1213.118125,1217.730625,0.315807562,1200.0075,14.55278125,1.32005375,1.292015625,11.02914375,10.70629375,299.9954375,0.90001625,0.09998375,0,2.70345625,0,3351.126875,2669.929375,36.75,40.562,38.92925,39.937,37.375,270.00125,29.9975,0,1743535299,0,1743535324,14:22:04,1743535324,1743535318,38,0.461,0.003,7.131,0.059,1200,15,0.77,0.18,-4.931048095,-0.042873506,0.067632019,1,0.315894095,-0.006858857,0.001882422,1,2,2,2-Feb,3.12458,2.72312,0.181621,0.182363,0.0711681,0.0700667,22179.3,19982,24226.1,23785.1,38376.6,36589.9,43688.9,42377.2,1.86637,1.82663,0.0851527,0,23.6019,999.9,35.203,27.785,14.8606,54.2969,46.6627,1,-0.117642,-0.401065,20.2555,5.23481,11.992,4.9561,3.304,9999,999.9,9999,9999,1.86838,1.86402,1.87168,1.86252,1.86197,1.86842,1.85854,1.86503,5,0,0,0,11111111,oooooooo,off,off,off,off,0,100,100,7.131,0.059,4.016919153,0.004507312,-2.84E-06,7.75E-10,-0.00526702,-0.005433597,0.000660104,4.95E-07,1,2226,1,22,1.5,1.8,2.41455,2.34009,1.4978,2.34619,1.54419,2.21313,32.3549,14.3772,18,499.771,423.723,24.9933,25.8609,30,25.8262,25.851,48.3145,-30,-30,24.9947,1200,21.3097,97.9077,98.7952,NA
39,1743535397,7463.9,20250401 14:23:17,14:23:17,5,gibson,flag2_mai_pink,1743535389,0.000240741,0.240740763,3.352070555,1495.050625,925.2225046,82.24995624,132.9062446,0.010248473,2.724749261,0.010227106,0.006393857,49.61624013,25.8842252,25.8842252,3.351211191,39.77152723,1.313513164,3.302647033,2.037698027,-10.61666763,-36.17333708,-2.829733024,-0.003497598,3.808365361,0.245186529,3.352070555,1522.401064,1517.845273,0.100956525,65.68771636,0.240740763,14.48274628,14.76787253,-6.76E-05,103.2398687,0,0,1,0,47041,299.99825,252.898281,0.842999187,0.165388432,6,0.5,0: Broadleaf,2,TRUE,1743535389,1495.050625,1500.060625,14.77559375,14.4857125,1487.615625,14.71359375,499.9918125,88.79746875,0.100018975,25.637975,24.985375,999.9,0,0,9995.3125,0,164.818125,-4.99301875,1517.49,1522.11,0.29026475,1500.060625,14.4857125,1.312068125,1.28629375,10.93780625,10.63965,299.99825,0.900032688,0.099967312,0,2.74756875,0,3369.1225,2669.966875,36.687,40.5,38.875,39.875,37.3631875,270.008125,29.991875,0,1743535398,0,1743535419,14:23:39,1743535419,1743535417,39,-0.021,0.004,7.435,0.062,1499,14,0.41,0.14,-4.988543,-0.078389774,0.128110901,1,0.29108605,-0.015448737,0.001572997,1,2,2,2-Feb,3.12481,2.72319,0.208746,0.209362,0.0708772,0.0698738,21445.1,19324,24226.3,23786.5,38390.4,36601.8,43688.2,42379.6,1.86723,1.82647,0.0851974,0,23.589,999.9,35.081,27.785,14.7972,54.5969,46.6026,1,-0.118923,-0.5589,20.2549,5.23466,11.992,4.9568,3.304,9999,999.9,9999,9999,1.86842,1.86401,1.87166,1.86249,1.86193,1.86843,1.85855,1.86506,5,0,0,0,11111111,oooooooo,off,off,off,off,0,100,100,7.435,0.062,4.477315226,0.004507312,-2.84E-06,7.75E-10,-0.002150607,-0.005433597,0.000660104,4.95E-07,1,2226,1,22,1.2,1.3,2.88208,2.31934,1.4978,2.34619,1.54419,2.33887,32.3328,14.3509,18,500.168,423.538,25.0548,25.8425,29.9999,25.8122,25.8381,57.6772,-30,-30,25.0591,1500,21.3097,97.9069,98.8009,NA
41,1743538823,10889.9,20250401 15:20:23,15:20:23,5,gibson,2608_mai_pink,1743538815,7.49E-05,0.074898467,0.119420273,399.9405,324.4298785,28.79882721,35.50171584,0.003106888,2.723898432,0.003104921,0.001940752,49.61644181,25.7891272,25.7891272,3.332383043,38.05489479,1.246313366,3.275040892,2.086069677,-3.303022413,-42.96061031,-3.357741263,-0.004932176,0.024807195,0.077190013,0.119420273,405.6503481,405.5013091,0.000794161,65.43660632,0.074898467,13.95286087,14.04146606,1.09E-06,109.3221705,0,0,1,0,46999,299.996625,252.8971549,0.843,0.16539,6,0.5,0: Broadleaf,2,TRUE,1743538815,399.9405,400.0073125,14.0402,13.948875,394.3505,13.9892,500.0136875,88.66751875,0.099975006,25.49658125,25.000875,999.9,0,0,10004.88125,0,195.0750625,-0.195531806,405.503875,405.6659375,0.088386225,400.0073125,13.948875,1.244648125,1.2368125,10.14659375,10.05218125,299.996625,0.9000105,0.099989175,0,2.69200625,0,2892.17375,2669.935,36.812,40.8553125,39.0465,40.069875,37.4685,270,30,0,1743538824,0,1743538848,15:20:48,1743538848,1743538841,41,0.129,0.004,5.59,0.051,400,14,0.65,0.18,-0.17748299,0.027466995,0.097141491,1,0.088261367,0.001102878,0.00091228,1,2,2,2-Feb,3.12457,2.7233,0.08441,0.0853078,0.0681568,0.0678572,24782.3,22370.4,24196.1,23803.6,38443.8,36699,43632.6,42411.2,1.86855,1.82075,0.104107,0,23.288,999.9,33.384,28.157,14.4215,54.1415,46.883,1,-0.132172,-0.524436,20.2546,5.23451,11.9915,4.9573,3.304,9999,999.9,9999,9999,1.86841,1.86401,1.87165,1.86249,1.86195,1.86843,1.85853,1.86503,5,0,0,0,11111111,oooooooo,off,off,off,off,0,100,100,5.59,0.051,4.07753789,0.004507312,-2.84E-06,7.75E-10,-0.006457013,-0.005433597,0.000660104,4.95E-07,1,2226,1,22,54.8,54.9,1.0022,2.34375,1.4978,2.34497,1.54419,2.38159,32.8202,13.738,18,500.015,419.356,25.1115,25.7144,30,25.6943,25.7197,20.1279,-30,-30,25.1081,400,21.3097,97.7833,98.8736,NA
42,1743538917,10983.9,20250401 15:21:57,15:21:57,5,gibson,2608_mai_pink,1743538909,6.98E-05,0.06975582,-0.336318849,300.0479375,470.4681556,41.75900045,26.63241243,0.002906716,2.722477679,0.002904993,0.001815776,49.62247178,25.77010709,25.77010709,3.328628421,38.28385041,1.252275647,3.271028471,2.076352774,-3.076231654,-43.17559368,-3.375632633,-0.004986192,-0.116608997,0.067844302,-0.336318849,304.1834455,304.6074545,-0.003133775,65.65733854,0.06975582,14.03397954,14.1159,8.09E-05,104.339693,0,0,1,0,47020,300.034375,252.9288675,0.842999631,0.165389288,6,0.5,0: Broadleaf,2,TRUE,1743538909,300.0479375,299.9324375,14.108475,14.0282125,295.0579375,14.053475,500.01275,88.66055625,0.099968669,25.47594375,24.97799375,999.9,0,0,9997.18625,0,197.1345625,0.434600938,304.6649375,304.199875,0.078465338,299.9324375,14.0282125,1.250705625,1.24374625,10.21919375,10.13575,300.034375,0.90002225,0.099977344,0,2.6648,0,2889.21875,2670.280625,36.75,40.812,38.9960625,40.058125,37.433125,270.036875,30,0,1743538918,0,1743538943,15:22:23,1743538943,1743538935,42,-0.319,0.002,4.99,0.055,300,14,0.26,0.15,0.441726048,0.000642779,0.071578781,1,0.078361243,-0.000260377,0.001087554,1,2,2,2-Feb,3.12456,2.72306,0.0669805,0.0679229,0.0684322,0.0681698,25253,22795.4,24195.1,23803.5,38429.3,36684.8,43630.8,42410.5,1.86817,1.82045,0.104479,0,23.2649,999.9,33.537,28.147,14.4763,54.4015,47.1034,1,-0.13218,-0.708184,20.2538,5.23481,11.992,4.95735,3.304,9999,999.9,9999,9999,1.86837,1.86403,1.87165,1.86249,1.86191,1.86841,1.85852,1.86499,5,0,0,0,11111111,oooooooo,off,off,off,off,0,100,100,4.99,0.055,4.206493009,0.004507312,-2.84E-06,7.75E-10,-0.002197438,-0.005433597,0.000660104,4.95E-07,1,2226,1,22,1.1,1.3,0.802002,2.35596,1.4978,2.34497,1.54419,2.39136,32.8202,13.703,18,499.715,419.12,25.2553,25.7079,30.0001,25.6847,25.7111,16.1118,-30,-30,25.2552,300,21.3097,97.7792,98.8723,NA
43,1743539014,11080.9,20250401 15:23:34,15:23:34,5,gibson,2608_mai_pink,1743539006,7.12E-05,0.071175708,-0.310152816,200.2914375,356.6734702,31.65794214,17.77764613,0.002972028,2.723841223,0.002970227,0.001856554,49.61369687,25.79095244,25.79095244,3.332743545,38.49685953,1.260847802,3.275196517,2.071895742,-3.138848738,-43.11026195,-3.36955303,-0.004966844,-0.240583181,0.066618357,-0.310152816,202.7556072,203.2533333,-0.025655467,65.61149696,0.071175708,14.13336031,14.21704825,6.79E-05,104.7752615,0,0,1,0,47172,299.9794375,252.8827164,0.843000169,0.165390326,6,0.5,0: Broadleaf,2,TRUE,1743539006,200.2914375,200.01875,14.2053125,14.12650625,195.7384375,14.1513125,500.001125,88.65893125,0.099961063,25.49738125,25.0024,999.9,0,0,10005.50875,0,197.291125,0.386447,203.2935625,202.8846875,0.081409338,200.01875,14.12650625,1.259658125,1.252440625,10.32596875,10.2399375,299.9794375,0.900004813,0.099994875,0,2.6772625,0,2890.126875,2669.77625,36.694875,40.75,38.937,40,37.375,269.983125,30,0,1743539015,0,1743539034,15:23:54,1743539034,1743539032,43,-0.114,-0.002,4.553,0.054,200,14,0.25,0.12,0.4075852,-0.080787338,0.127200016,1,0.081304405,-0.003518044,0.001544036,1,2,2,2-Feb,3.12451,2.72347,0.0471175,0.0480259,0.0687853,0.0685328,25789.3,23281.8,24193.8,23803.2,38411.1,36669.2,43628.8,42410.8,1.86773,1.81955,0.104964,0,23.2784,999.9,33.738,28.127,14.5467,53.9415,46.6346,1,-0.132144,-0.580822,20.2543,5.23466,11.992,4.9574,3.304,9999,999.9,9999,9999,1.86835,1.86402,1.87165,1.86249,1.86191,1.86843,1.85852,1.86497,5,0,0,0,11111111,oooooooo,off,off,off,off,0,100,100,4.553,0.054,3.887388836,0.004507312,-2.84E-06,7.75E-10,-0.000105218,-0.005433597,0.000660104,4.95E-07,1,2226,1,22,1.2,1.3,0.593262,2.3645,1.4978,2.34497,1.54419,2.40356,32.8424,13.6942,18,499.386,418.542,25.1529,25.7053,30.0001,25.6772,25.7025,11.9181,-30,-30,25.1416,200,21.3097,97.7745,98.8723,NA
44,1743539105,11172,20250401 15:25:05,15:25:05,5,gibson,2608_mai_pink,1743539097,6.72E-05,0.067204532,-0.195213643,100.3348188,205.225223,18.21768686,8.906645503,0.002822563,2.722864465,0.002820938,0.001763232,49.61605624,25.78621668,25.78621668,3.331808258,38.84666549,1.271854587,3.274037991,2.059953672,-2.963719871,-43.27396455,-3.383379867,-0.005008042,-0.253698242,0.062640117,-0.195213643,101.3578517,101.7004303,-0.022383055,65.6489664,0.067204532,14.26063597,14.3393956,9.80E-05,103.6132902,0,0,1,0,46988,299.99425,252.8951565,0.843000013,0.165390024,6,0.5,0: Broadleaf,2,TRUE,1743539097,100.3348188,100.0379375,14.32765,14.2535625,96.10181875,14.27165,500.0246875,88.6692375,0.100001469,25.491425,24.99355,999.9,0,0,9998.515625,0,197.3663125,0.245580288,101.7411875,101.4844375,0.074396244,100.0379375,14.2535625,1.270448125,1.2638525,10.4537375,10.37573125,299.99425,0.9000105,0.099989175,0,2.6462,0,2890.434375,2669.9125,36.636625,40.687,38.875,39.937,37.3159375,269.99875,30,0,1743539106,0,1743539126,15:25:26,1743539126,1743539123,44,0.053,0,4.233,0.056,100,14,0.42,0.15,0.283133838,-0.043349073,0.123677261,1,0.07431411,0.000194564,0.001040358,1,2,2,2-Feb,3.12451,2.72308,0.0243011,0.0253002,0.0692384,0.0690016,26405.7,23838.6,24192.6,23804.2,38388,36650.2,43626.2,42412.4,1.8675,1.8201,0.10423,0,23.2729,999.9,33.982,28.107,14.634,54.6815,46.9872,1,-0.132713,-0.614417,20.2545,5.23451,11.992,4.9558,3.304,9999,999.9,9999,9999,1.86835,1.86401,1.87166,1.86249,1.86195,1.86844,1.85852,1.86495,5,0,0,0,11111111,oooooooo,off,off,off,off,0,100,100,4.233,0.056,3.774027543,0.004507312,-2.84E-06,7.75E-10,-0.002031792,-0.005433597,0.000660104,4.95E-07,1,2226,1,22,1.2,1.2,0.375977,2.42188,1.49902,2.34497,1.54419,2.20093,32.8202,13.668,18,499.162,418.775,25.1795,25.6971,30.0001,25.6659,25.6917,7.55423,-30,-30,25.1897,100,21.3097,97.7691,98.8761,NA
45,1743539207,11274,20250401 15:26:47,15:26:47,5,gibson,2608_mai_pink,1743539199,6.85E-05,0.068491173,-0.188863718,50.31475,150.9754736,13.4005212,4.465916603,0.002893879,2.721894946,0.00289217,0.00180776,49.61630433,25.78647562,25.78647562,3.331859392,39.23333141,1.284553757,3.274138877,2.047305636,-3.020460737,-43.22043159,-3.380411235,-0.004999233,-0.308855647,0.057469158,-0.188863718,50.64300953,50.87440364,-0.000310244,65.6108607,0.068491173,14.41219017,14.4925049,9.10E-05,104.7943126,0,0,1,0,47344,299.99575,252.896421,0.843000013,0.165390024,6,0.5,0: Broadleaf,2,TRUE,1743539199,50.31475,49.94760625,14.47228125,14.40431875,46.12975,14.42128125,500.0179375,88.65954375,0.100046694,25.49194375,24.9978125,999.9,0,0,9993.823125,0,197.319,0.210944563,50.8955125,50.677575,0.075646638,49.94760625,14.40431875,1.283786875,1.27708,10.6103875,10.53179375,299.99575,0.900010875,0.099988781,0,2.77796875,0,2889.249375,2669.926875,36.625,40.67925,38.812,39.89825,37.261625,269.99875,30,0,1743539208,0,1743539233,15:27:13,1743539233,1743539225,45,0.158,-0.007,4.185,0.051,50,14,0.3,0.12,0.207189214,0.019494109,0.066138014,1,0.075489,0.002222462,0.000526067,1,2,2,2-Feb,3.12477,2.72329,0.0118452,0.0128666,0.0697795,0.0695379,26742.5,24142.7,24192.2,23804,38363.4,36627.8,43625,42411.9,1.86887,1.8207,0.105537,0,23.2725,999.9,34.257,28.087,14.7389,53.4215,46.895,1,-0.133468,-0.653668,20.2543,5.23421,11.992,4.9572,3.304,9999,999.9,9999,9999,1.86836,1.86402,1.87168,1.86249,1.86194,1.86843,1.85856,1.86498,5,0,0,0,11111111,oooooooo,off,off,off,off,0,100,100,4.185,0.051,3.826840257,0.004507312,-2.84E-06,7.75E-10,-0.00172134,-0.005433597,0.000660104,4.95E-07,1,2226,1,22,1.4,1.4,0.266113,2.40967,1.4978,2.34497,1.54419,2.40967,32.7758,13.668,18,499.887,419.02,25.2648,25.6863,30,25.6541,25.6789,5.36799,-30,-30,25.2652,50,21.3097,97.7666,98.8752,NA
46,1743539316,11383,20250401 15:28:36,15:28:36,5,gibson,2608_mai_pink,1743539308,4.88E-05,0.048815019,0.362075658,399.7985625,111.7345657,9.916653585,35.48287696,0.002081188,2.721973165,0.002080305,0.00130027,49.62068661,25.79817256,25.79817256,3.33416992,39.87429171,1.306020077,3.275343638,2.028149843,-2.152742338,-44.02925024,-3.44388211,-0.005188074,0.171033322,0.052402579,0.362075658,406.0048567,405.5593576,0.000972274,65.64506399,0.048815019,14.66193273,14.71886154,0.000106055,103.7398945,0,0,1,0,47294,300.0231875,252.9194702,0.842999744,0.165389505,6,0.5,0: Broadleaf,2,TRUE,1743539308,399.7985625,400.0289375,14.71540625,14.65345,394.2115625,14.64940625,500.0120625,88.651925,0.099962288,25.4981375,25.00213125,999.9,0,0,9995.14875,0,197.2385625,-0.449613563,405.5426875,405.978125,0.051010675,400.0289375,14.65345,1.30357875,1.299055625,10.84015625,10.7879375,300.0231875,0.9000165,0.099983125,0,2.7218875,0,2881.26375,2670.174375,36.562,40.60925,38.753875,39.851375,37.2381875,270.025625,30,0,1743539317,0,1743539350,15:29:10,1743539350,1743539334,46,0.219,0.011,5.587,0.066,400,15,0.8,0.16,-0.4568435,0.005056511,0.050829497,1,0.050977665,0.001894814,0.000682044,1,2,2,2-Feb,3.12464,2.72346,0.0844042,0.0852979,0.0706293,0.0704484,24778.3,22372.1,24191.8,23804.9,38333.7,36599.1,43624.2,42413.7,1.86843,1.82148,0.104144,0,23.2856,999.9,34.629,28.077,14.8908,53.7715,46.867,1,-0.134385,-0.587356,20.2544,5.23496,11.992,4.95785,3.304,9999,999.9,9999,9999,1.86836,1.86405,1.87165,1.86249,1.86191,1.86843,1.85853,1.86495,5,0,0,0,11111111,oooooooo,off,off,off,off,0,100,100,5.587,0.066,3.984501006,0.004507312,-2.84E-06,7.75E-10,-0.008566154,-0.005433597,0.000660104,4.95E-07,1,2226,1,22,1.4,1.5,1.00342,2.37549,1.4978,2.34497,1.54419,2.3645,32.7535,13.6505,18,499.519,419.381,25.2001,25.6755,30,25.6417,25.6682,20.1296,-30,-30,25.2019,400,21.3097,97.7649,98.8792,NA
47,1743539423,11490,20250401 15:30:23,15:30:23,5,gibson,2608_mai_pink,1743539415,5.71E-05,0.057098193,0.057156928,399.9119375,348.8177415,30.96109866,35.49622476,0.002460279,2.722169217,0.002459045,0.001537014,49.61935162,25.78571252,25.78571252,3.331708703,40.47169264,1.324790027,3.273374401,2.006918676,-2.518030326,-43.6897363,-3.416692255,-0.005107262,0.068548714,0.050779893,0.057156928,406.024394,405.9529576,0.000386584,65.73150382,0.057098193,14.87370265,14.94037235,0.000114159,100.9353152,0,0,1,0,47237,300.014875,252.9124834,0.842999813,0.165389638,6,0.5,0: Broadleaf,2,TRUE,1743539415,399.9119375,400.0185625,14.9255125,14.8654875,394.2979375,14.8575125,500.0114375,88.66015625,0.09994675,25.4880125,24.99758125,999.9,0,0,9995.390625,0,197.93625,-0.1343098,405.9435625,406.05475,0.0612725,400.0185625,14.8654875,1.323409375,1.31797625,11.0673625,11.0054375,300.014875,0.90001625,0.099983413,0,2.68055625,0,2878.970625,2670.101875,36.5,40.562,38.7145625,39.812,37.187,270.01875,30,0,1743539424,0,1743539444,15:30:44,1743539444,1743539441,47,0.027,-0.001,5.614,0.068,400,15,0.5,0.17,-0.1194342,-0.091964034,0.069149598,1,0.060761633,0.002119551,0.00156944,1,2,2,2-Feb,3.12466,2.72352,0.0844228,0.0853143,0.0713809,0.0712142,24777.2,22372,24191.1,23805.2,38301.6,36569.4,43623.1,42414.3,1.86822,1.82167,0.104539,0,23.2901,999.9,35.026,28.077,15.0576,54.4415,47.0673,1,-0.134614,-0.612339,20.2543,5.23496,11.992,4.9574,3.304,9999,999.9,9999,9999,1.86836,1.86402,1.87166,1.86249,1.86197,1.8684,1.85854,1.86499,5,0,0,0,11111111,oooooooo,off,off,off,off,0,100,100,5.614,0.068,4.202915417,0.004507312,-2.84E-06,7.75E-10,0.002630727,-0.005433597,0.000660104,4.95E-07,1,2226,1,22,1.2,1.5,1.00342,2.36816,1.49902,2.34497,1.54419,2.32544,32.7758,13.6417,18,499.366,419.447,25.2165,25.6733,30.0001,25.6374,25.6617,20.1207,-30,-30,25.2088,400,21.3097,97.7625,98.8806,NA
48,1743539523,11590,20250401 15:32:03,15:32:03,5,gibson,2608_mai_pink,1743539515,5.63E-05,0.056316684,0.106976868,599.6555,509.2366943,45.19591926,53.2207947,0.002446579,2.723696161,0.002445359,0.001528459,49.61685115,25.78736553,25.78736553,3.332035129,40.99011401,1.341887926,3.273686736,1.990147203,-2.48356578,-43.72110942,-3.417284864,-0.005108922,0.283573422,0.051449492,0.106976868,609.2408735,609.0122667,0.020936227,65.72990232,0.056316684,15.06514044,15.13096294,0.000101868,101.0828235,0,0,1,0,47144,299.9991875,252.8993076,0.842999975,0.165389952,6,0.5,0: Broadleaf,2,TRUE,1743539515,599.6555,600.0328125,15.119475,15.05866875,593.6755,15.047475,499.9973125,88.65233125,0.09995185,25.48961875,25.00340625,999.9,0,0,10005.3875,0,196.1560625,-0.289779556,608.9493125,609.20675,0.059599569,600.0328125,15.05866875,1.340271875,1.334986875,11.25819375,11.198625,299.9991875,0.9000105,0.099989181,0,2.80870625,0,2876.15,2669.9575,36.476375,40.511625,38.687,39.75,37.152125,270.0025,30,0,1743539524,0,1743539550,15:32:30,1743539550,1743539541,48,-0.088,0.002,5.98,0.072,600,15,0.49,0.13,-0.278416138,0.087045265,0.119591665,1,0.059505771,0.003125416,0.001087039,1,2,2,2-Feb,3.1247,2.72325,0.114277,0.115011,0.0720459,0.0718822,23968.2,21646.5,24189.9,23805.8,38274.7,36546.6,43620.9,42415.8,1.86855,1.82265,0.103757,0,23.3019,999.9,35.35,28.057,15.1835,54.3115,46.5946,1,-0.134494,-0.536201,20.2544,5.23511,11.992,4.95615,3.304,9999,999.9,9999,9999,1.86837,1.86403,1.87168,1.86249,1.86191,1.86838,1.85852,1.86498,5,0,0,0,11111111,oooooooo,off,off,off,off,0,100,100,5.98,0.072,4.229850942,0.004507312,-2.84E-06,7.75E-10,0.001418648,-0.005433597,0.000660104,4.95E-07,1,2226,1,22,1.3,1.4,1.38184,2.3645,1.4978,2.34497,1.54419,2.33765,32.8202,13.6154,18,499.542,419.987,25.1399,25.6755,30.0001,25.6353,25.6595,27.7137,-30,-30,25.1379,600,21.3097,97.7574,98.8837,NA
49,1743539642,11709,20250401 15:34:02,15:34:02,5,gibson,2608_mai_pink,1743539634,5.56E-05,0.055632802,0.095972767,799.4946667,708.9531561,62.92159179,70.95740617,0.002438503,2.723224558,0.002437291,0.001523416,49.61275006,25.79023201,25.79023201,3.332601248,41.54653915,1.360318021,3.274202975,1.972283227,-2.453406563,-43.74464816,-3.419811627,-0.00511629,0.374894272,0.048707974,0.095972767,812.4775033,812.241097,0.025460317,65.70189117,0.055632802,15.27534792,15.34045714,8.53E-05,102.6479622,0,0,1,0,47257,299.9735333,252.8777546,0.84300022,0.165390425,6,0.5,0: Broadleaf,2,TRUE,1743539634,799.4946667,799.9912667,15.32704,15.26948667,793.4236667,15.25204,500.0032667,88.65288,0.099939913,25.49227333,25.00952,999.9,0,0,10002.51,0,184.7314667,-0.2494262,812.1905333,812.3961333,0.05790462,799.9912667,15.26948667,1.358819333,1.353685333,11.46568667,11.40852,299.9735333,0.900002667,0.099997033,0,2.728833333,0,2874.802667,2669.720667,36.437,40.5,38.63326667,39.75,37.125,269.978,30,0,1743539643,0,1743539665,15:34:25,1743539665,1743539660,49,-0.248,0,6.071,0.075,800,15,0.51,0.16,-0.229216048,-0.540864468,0.090748574,0,0.058107419,-0.001289026,0.001124855,1,1,2,2-Jan,3.12461,2.72342,0.139605,0.140151,0.0727892,0.0726333,23282.8,21032.5,24189.5,23806.5,38245.6,36520.6,43620.5,42417.7,1.86835,1.8229,0.102989,0,23.3167,999.9,35.698,28.077,15.3488,53.9615,46.855,1,-0.135008,-0.459725,20.2547,5.23436,11.992,4.9576,3.304,9999,999.9,9999,9999,1.86837,1.86402,1.87164,1.86249,1.86188,1.86841,1.85852,1.86495,5,0,0,0,11111111,oooooooo,off,off,off,off,0,100,100,6.071,0.075,4.141460316,0.004507312,-2.84E-06,7.75E-10,0.002918447,-0.005433597,0.000660104,4.95E-07,1,2226,1,22,1.5,1.7,1.74072,2.33643,1.49902,2.34497,1.54419,2.35596,32.8424,13.6067,18,499.423,420.13,25.061,25.6798,30,25.6353,25.6595,34.879,-30,-30,25.0625,800,21.3097,97.7562,98.8876,NA
50,1743539747,11814,20250401 15:35:47,15:35:47,5,gibson,2608_mai_pink,1743539739,5.23E-05,0.052309727,0.561189959,999.4320667,583.0289378,51.74048395,88.69388027,0.002316305,2.722975415,0.002315211,0.001447105,49.61597737,25.76520933,25.76520933,3.327662188,42.08168307,1.375713254,3.269149791,1.951948934,-2.306858943,-43.88411785,-3.430149602,-0.005149023,0.415623477,0.047294494,0.561189959,1015.761363,1015.119333,-0.008939773,65.72904684,0.052309727,15.45254519,15.51370794,8.79E-05,101.1409137,0,0,1,0,47143,299.993,252.894169,0.843000233,0.16539045,6,0.5,0: Broadleaf,2,TRUE,1743539739,999.4320667,999.9875333,15.50199333,15.44612,993.0180667,15.42399333,500.0024,88.64430667,0.09997444,25.46627333,24.99275333,999.9,0,0,10001.99,0,198.6264667,-0.6403036,1015.084,1015.676667,0.056194113,999.9875333,15.44612,1.374190667,1.36921,11.6358,11.58084667,299.993,0.9000028,0.0999969,0,2.650273333,0,2875.029333,2669.894667,36.437,40.5,38.625,39.75,37.125,269.9946667,30.002,0,1743539748,0,1743539771,15:36:11,1743539771,1743539765,50,0.084,0,6.414,0.078,1000,15,0.67,0.24,-0.647885333,-0.000461221,0.044896039,1,0.056160433,-0.004643548,0.001367366,1,2,2,2-Feb,3.12489,2.72337,0.161845,0.16229,0.0733951,0.0732453,22680.1,20490.5,24188.1,23805.5,38220.1,36496.7,43617.8,42416,1.8691,1.82342,0.102241,0,23.3137,999.9,35.997,28.077,15.479,53.9915,46.6426,1,-0.134573,-0.575275,20.2542,5.23436,11.9914,4.9566,3.304,9999,999.9,9999,9999,1.86833,1.86405,1.87164,1.86249,1.86189,1.86835,1.85852,1.86497,5,0,0,0,11111111,oooooooo,off,off,off,off,0,100,100,6.414,0.078,3.893200082,0.004507312,-2.84E-06,7.75E-10,0.003281867,-0.005433597,0.000660104,4.95E-07,1,2226,1,22,1.4,1.4,2.08252,2.31934,1.4978,2.34497,1.54419,2.39624,32.8424,13.5892,18,499.87,420.43,25.1182,25.6798,30,25.6353,25.6595,41.7063,-30,-30,25.1184,1000,21.3097,97.7505,98.8836,NA
51,1743539863,11930,20250401 15:37:43,15:37:43,5,gibson,2608_mai_pink,1743539855,4.99E-05,0.049863867,1.2596944,1199.210667,266.5014379,23.64906642,106.4167343,0.002224472,2.722584033,0.002223463,0.001389755,49.61850669,25.76818633,25.76818633,3.328249464,42.54632668,1.391088261,3.269584874,1.937161203,-2.198996553,-43.98598813,-3.438696529,-0.005174529,0.591559564,0.046441266,1.2596944,1218.944964,1217.700848,-0.062097143,65.72976018,0.049863867,15.62623365,15.68462941,6.92E-05,101.0903051,0,0,1,0,47095,300.0096,252.9080508,0.84299986,0.16538973,6,0.5,0: Broadleaf,2,TRUE,1743539855,1199.210667,1199.987333,15.67618,15.62132667,1192.116667,15.59418,500.0233333,88.63902667,0.099955753,25.46851333,24.9938,999.9,0,0,10000.24933,0,191.0930667,-1.240656733,1217.835333,1219.030667,0.053602593,1199.987333,15.62132667,1.389410667,1.384660667,11.80256,11.75066,300.0096,0.900015,0.099984633,0,2.743186667,0,2874.888,2670.053333,36.40393333,40.5,38.625,39.7458,37.1082,270.014,30,0,1743539864,0,1743539904,15:38:24,1743539904,1743539881,51,0.462,0.002,7.094,0.082,1200,16,1.15,0.09,-1.24845505,0.426274692,0.135570385,0,0.053471225,-0.000211692,0.001117862,1,1,2,2-Jan,3.12484,2.72334,0.181784,0.182196,0.0739776,0.0738492,22139.6,20004.5,24186.6,23806,38195.4,36474.8,43615.4,42416.5,1.86925,1.824,0.102218,0,23.3019,999.9,36.32,28.087,15.6293,54.1215,46.9351,1,-0.134123,-0.598377,20.2542,5.23466,11.9917,4.95725,3.304,9999,999.9,9999,9999,1.86834,1.86403,1.87164,1.8625,1.86189,1.8684,1.85852,1.86493,5,0,0,0,11111111,oooooooo,off,off,off,off,0,100,100,7.094,0.082,3.97719826,0.004507312,-2.84E-06,7.75E-10,0.003092184,-0.005433597,0.000660104,4.95E-07,1,2226,1,22,1.5,1.6,2.41089,2.323,1.49902,2.34741,1.54419,2.30225,32.8869,13.5366,18,499.942,420.743,25.1324,25.6798,30.0001,25.6332,25.6574,48.2545,-30,-30,25.1429,1200,21.3097,97.7447,98.885,NA
52,1743539977,12044,20250401 15:39:37,15:39:37,5,gibson,2608_mai_pink,1743539969,5.05E-05,0.050540206,0.493837602,1499.036625,1103.182297,97.89281075,133.019637,0.00226272,2.722394506,0.002261676,0.001413641,49.61283375,25.79141289,25.79141289,3.332834493,42.84495267,1.402803773,3.274140093,1.93003072,-2.228823101,-43.95208772,-3.437091015,-0.005168085,0.747440199,0.05153948,0.493837602,1524.057645,1523.304909,0.032103693,65.72979999,0.050540206,15.75090642,15.81022794,5.08E-05,101.0879021,0,0,1,0,47354,299.974,252.8781514,0.843000231,0.165390446,6,0.5,0: Broadleaf,2,TRUE,1743539969,1499.036625,1500.02625,15.8086,15.74773125,1491.675625,15.7206,500.0074375,88.6367375,0.100011688,25.49195,25.0180125,999.9,0,0,9999.37625,0,198.4719375,-0.931693813,1523.168125,1524.02625,0.057295325,1500.02625,15.74773125,1.40090625,1.395828125,11.9274375,11.8723875,299.974,0.90000475,0.099994969,0,2.76913125,0,2875.175625,2669.726875,36.375,40.5,38.6210625,39.7303125,37.0659375,269.976875,30,0,1743539978,0,1743540006,15:40:06,1743540006,1743539995,52,-0.062,0.004,7.361,0.088,1500,16,1.01,0.27,-0.952264571,-0.020267221,0.073759332,1,0.05748181,0.001727914,0.00135645,1,2,2,2-Feb,3.12495,2.72321,0.208705,0.20893,0.0744068,0.074268,21409.9,19349.9,24184.4,23804.4,38176.3,36458.2,43611.2,42413.9,1.8692,1.82477,0.102714,0,23.3274,999.9,36.546,28.087,15.7281,53.4015,46.4864,1,-0.132848,-0.435106,20.2549,5.23511,11.992,4.95665,3.304,9999,999.9,9999,9999,1.86832,1.86401,1.87164,1.8625,1.86191,1.8684,1.85852,1.86495,5,0,0,0,11111111,oooooooo,off,off,off,off,0,100,100,7.361,0.088,4.439922069,0.004507312,-2.84E-06,7.75E-10,0.004790986,-0.005433597,0.000660104,4.95E-07,1,2226,1,22,1.2,1.6,2.88086,2.32666,1.4978,2.34619,1.54419,2.1936,32.8869,13.4491,18,499.981,421.252,25.0975,25.6902,30.0001,25.6417,25.666,57.6388,-30,-30,25.0931,1500,21.3097,97.7355,98.8788,NA