obs,time,elapsed,date,hhmmss,averaging,id,machine,TIME,E,Emm,A,Ca,Ci,Pci,Pca,gsw,gbw,gtw,gtc,Rabs,TleafEB,TleafCnd,SVPleaf,RHcham,VPcham,SVPcham,VPDleaf,LatHFlux,SenHFlux,NetTherm,EBSum,Asty,Esty,Adyn,Crd,Csd,dCsd/dt,αVc,Edyn,Hr,Hs,dHs/dt,αVh,Leak,LeakPct,CorrFact,CorrFactPct,Fan,Qin,Qabs,alpha,convert,S,K,Geometry,Custom,UseDynamic,TIME,CO2_s,CO2_r,H2O_s,H2O_r,CO2_a,H2O_a,Flow,Pa,ΔPcham,Tair,Tleaf,Tleaf2,Offset,Offset2,Fan_speed,Qamb_in,Qamb_out,ΔCO2,CO2_s_d,CO2_r_d,ΔH2O,CO2_b,H2O_b,e_s,e_r,Td_s,Td_r,Q,f_red,f_blue,f_farred,F,Q_modavg,F_dc,Pc,Tled,TDigital,TPreamp,TPwrSpy,TDrive,Q_red,Q_blue,Q_farred,TSPF,state,time,hhmmss,co2_t,h2o_t,count,co2_adj,h2o_adj,co2_match,h2o_match,co2_at,h2o_at,co2_cv,h2o_cv,ΔCO2:MN,ΔCO2:SLP,ΔCO2:SD,ΔCO2:OK,F:MN,F:SLP,F:SD,F:OK,ΔH2O:MN,ΔH2O:SLP,ΔH2O:SD,ΔH2O:OK,Stable,Total,State,Vflow,VPchamber,abs_c_a,abs_c_b,abs_h_a,abs_h_b,Wc_s,Wc_r,Wco_s,Wco_r,Ww_s,Ww_r,Wwo_s,Wwo_r,Flow_s_v,Flow_r_v,Tleaf_mv,Tleaf2_mv,Tleaf_j,Tleaf2_j,Console_RH,Console_T,Console_H2O,Fan_%,Flow_%,Pump,Tchp_pwm,Txchg_pwm,diag_20v,diag_5_4v,diag_12v,diag_5va,diag_3_3vf,AccCO2_soda,AccH2O_des,AccH2O_hum,CO2_hrs,ADC_CH1,ADC_CH2,ADC_CH3,ADC_CH4,ADC_CH5,ADC_CH6,ADC_CH7,ADC_CH8,DAC_1,DAC_2,DAC_3,DAC_4,GPIO,GPIO_dir,excit_5v,power_12v,power_5v,ch1_pullup,AuxPower,MatchValveR,MatchValveS,MatchCO2,MatchH2O,cf_co2_a,cf_co2_b,cf_co2_c,cf_co2_d,cf_h2o_a,cf_h2o_b,cf_h2o_c,cf_h2o_d,co2_fit_low,co2_fit_high,h2o_fit_low,h2o_fit_high,co2_elapsed,h2o_elapsed,CO2_f,CO2_f_s,Pump_f,Pump_f_s,Pump_p,Pump_p_s,Tboard,V_system,DIAG,Flow_s,Flow_r,Txchg,Tirga,Tchopper,Ts,Tr,CO2_%,Desiccant_%,Humidifier_%,Txchg_sp,CO2_r_sp,H2O_r_sp,SS_s,SS_r,NA
97,1743529254,2045.6,20250401 12:40:53,12:40:53,5,5015_mai_orange,albert,1743529246,0.000176372,0.176372097,1.482508954,398.3482,99.4506083,8.872030047,35.53680827,0.008182511,2.731231486,0.008168916,0.005106792,81.6796608,25.67506884,25.67506884,3.309922918,44.57222562,1.435036656,3.219575948,1.874886263,-7.778009466,-68.57923338,-5.334899827,-0.012481875,1.307673752,0.181637464,1.482508954,406.4214309,404.6595636,-0.009792566,65.04338632,0.176372097,15.87367522,16.08190606,4.04E-07,119.6380241,0,0,1,0,47473,458.2431333,376.4467928,0.821500128,0.178245248,6,0.5,0: Broadleaf,2,TRUE,1743529246,398.3482,400.0041667,16.08597667,15.87152667,398.2752,16.00797667,500.0204667,89.11038,0.100035093,25.20932333,25,999.9,0,0,9998.774,0,158.2416667,-1.800121667,404.7117333,406.4551667,0.208477267,400.0041667,15.87152667,1.432896,1.414318,12.2703,12.07202,300.0014667,0.9000004,0.099999367,0,1.975563333,0,1753.759333,2534.673,37.17893333,40.8624,37.60386667,40.6372,36.91226667,270.0013333,30.003,0,1743529254,0,1743529278,12:41:18,1743529278,1743529271,1,0.144,0.009,0.073,0.078,400,16,0.49,0.1,-1.774928,-0.36948833,0.047394313,1,1.961958824,0.373485098,0.186922324,-1,0.20873475,-0.007495745,0.001060937,1,2,2,2-Feb,3.13068,2.77771,0.0817094,0.0824158,0.0802068,0.0797716,27752.3,26914.5,30752.5,29573.8,39027.8,35789.1,47026.3,43920.7,1.854,1.91147,0.0793114,0,23.6922,999.9,36.6,28.2,15.7686,64.1813,22.2997,1,-0.0712576,-0.357851,20.2631,5.23945,11.9698,4.97305,3.291,9999,9999,9999,999.9,4.97274,1.87663,1.87469,1.87746,1.87429,1.8779,1.875,1.8761,0,0,0,0,11111111,oooooooo,on,on,on,on,0,100,100,0.073,0.078,-0.267854756,0.00067337,-5.61E-07,2.77E-10,-0.058346182,-0.000554366,0.000592956,-3.10E-06,0,2134,1,26,189761.8,189761.8,1.06567,2.50732,1.39893,2.36084,1.44897,2.53784,33.6029,13.6855,18,475.261,480.537,24.9575,26.0889,29.9999,25.8485,25.912,21.3615,-30,-30,24.968,400,19.4801,101.643,101.048,NA
98,1743529351,2143.1,20250401 12:42:31,12:42:31,5,5015_mai_orange,albert,1743529343,0.000188482,0.188482071,0.817575665,298.8654194,141.3271771,12.60643728,26.65890766,0.008738117,2.731059872,0.008722614,0.005453024,81.81633697,25.68237779,25.68237779,3.311358206,44.55008348,1.435159806,3.221452562,1.8761984,-8.31205931,-68.20968614,-5.306941531,-0.012350011,0.876055979,0.185894191,0.817575665,304.8363219,303.8368788,0.000538286,65.48117611,0.188482071,15.86976837,16.09231333,-7.97E-07,110.3283308,0,0,1,0,47419,459.010871,377.0774016,0.821499937,0.178244879,6,0.5,0: Broadleaf,2,TRUE,1743529343,298.8654194,299.9833548,16.08916774,15.86968387,298.9024194,16.01116774,500.0002258,89.10039677,0.099978819,25.2191129,24.99734839,999.9,0,0,9998.872258,0,159.0190645,-1.046748774,303.8259355,304.8208387,0.222881323,299.9833548,15.86968387,1.433853548,1.413995161,12.28046129,12.06855161,299.9918065,0.900001,0.099998829,0,1.972980645,0,1744.916452,2534.590323,37.54212903,41.26,38.08829032,41.39680645,37.29003226,269.9922581,29.99774194,0,1743529352,0,1743529368,12:42:48,1743529367,1743529368,2,-0.071,0.001,-0.037,0.078,300,16,0.38,0.16,-1.0348037,-0.353731385,0.052378799,1,1.958970588,0.468036677,0.173131648,-1,0.223203975,-0.002728221,0.000783059,1,2,2,2-Feb,3.13065,2.7779,0.0651927,0.0656895,0.0802078,0.0797561,28255.3,27406.2,30756.4,29574.7,39031.5,35789.7,47032.3,43922.1,1.85425,1.91145,0.0807717,0,23.6556,999.9,36.6,28.2,15.7702,64.4012,22.3157,1,-0.0744055,-0.501893,20.2626,5.2393,11.9704,4.97285,3.291,9999,9999,9999,999.9,4.97276,1.8766,1.87469,1.87747,1.87429,1.87789,1.875,1.87612,0,0,0,0,11111111,oooooooo,on,on,on,on,0,100,100,-0.037,0.078,-0.124316909,0.00067337,-5.61E-07,2.77E-10,-0.049023841,-0.000554366,0.000592956,-3.10E-06,0,2134,1,26,1.2,1.3,0.852051,2.51587,1.39893,2.36084,1.44897,2.54517,33.6029,13.668,18,475.181,480.258,25.019,26.0491,29.9999,25.8168,25.8815,17.075,-30,-30,25.0323,300,19.4801,101.656,101.051,NA
99,1743529439,2231.1,20250401 12:43:59,12:43:59,5,5015_mai_orange,albert,1743529431,0.000194452,0.19445169,0.392288485,199.4309677,123.9249784,11.05374079,17.78865126,0.008992998,2.730684701,0.008976577,0.005611833,81.82075199,25.69995047,25.69995047,3.314811245,44.46490646,1.434049525,3.225126598,1.88076172,-8.575319523,-67.96786979,-5.289830179,-0.012267501,0.421639237,0.188949185,0.392288485,203.1943275,202.7202545,-0.000912173,65.06878602,0.19445169,15.85232806,16.08179818,1.43E-05,119.2202199,0,0,1,0,47364,459.0348387,377.0971652,0.821500098,0.17824519,6,0.5,0: Broadleaf,2,TRUE,1743529431,199.4309677,199.9821613,16.07732258,15.85422581,199.5889677,16.00032258,499.9930323,89.09704194,0.09999431,25.23826452,24.99860323,999.9,0,0,9997.014516,0,159.023,-0.47464471,202.7684839,203.2038065,0.227843097,199.9821613,15.85422581,1.432865161,1.412564516,12.26997419,12.05319355,300.0118387,0.900001774,0.099998181,0,1.963354839,0,1736.303548,2534.760968,37.56422581,41.508,38.46335484,41.87890323,37.58841935,270.0093548,30.00322581,0,1743529439,0,1743529458,12:44:18,1743529458,1743529456,3,-0.077,-0.001,-0.158,0.077,200,16,0.27,0.09,-0.456362025,-0.296274495,0.047355099,1,1.974644118,-0.162864787,0.183143107,-1,0.2276441,0.006067745,0.000909903,1,2,2,2-Feb,3.13076,2.77793,0.0463461,0.0466357,0.0801794,0.0797041,28828.2,27967.1,30759.6,29576.5,39035.1,35792.7,47036.9,43925,1.8545,1.9114,0.0826009,0,23.6357,999.9,36.6,28.2,15.7717,64.4512,22.1314,1,-0.078031,-0.527026,20.2628,5.2393,11.9697,4.9731,3.291,9999,9999,9999,999.9,4.97275,1.87662,1.87469,1.87744,1.87426,1.8779,1.875,1.87609,0,0,0,0,11111111,oooooooo,on,on,on,on,0,100,100,-0.158,0.077,-0.195670101,0.00067337,-5.61E-07,2.77E-10,-0.048511478,-0.000554366,0.000592956,-3.10E-06,0,2134,1,26,1.2,1.2,0.626221,2.50854,1.39893,2.35962,1.44897,2.53906,33.6029,13.6592,18,475.086,479.94,25.0439,26.0068,29.9999,25.783,25.8484,12.5894,-30,-30,25.0475,200,19.4801,101.666,101.057,NA
100,1743529528,2320.1,20250401 12:45:28,12:45:28,5,5015_mai_orange,albert,1743529520,0.000194289,0.194289491,-0.006472824,99.98970968,97.71549381,8.715521866,8.918365626,0.0089723,2.731425573,0.008955959,0.00559894,81.85111264,25.70736177,25.70736177,3.316268511,44.40822256,1.432843181,3.226526751,1.88342533,-8.568166547,-68.00365008,-5.291570369,-0.012274363,-0.005649037,0.193715868,-0.006472824,101.6037866,101.6192727,-0.001623264,65.13395506,0.194289491,15.83565622,16.06526242,-2.43E-05,118.1247014,0,0,1,0,47400,459.2051935,377.2371095,0.821500094,0.178245181,6,0.5,0: Broadleaf,2,TRUE,1743529520,99.98970968,100.0061742,16.06455484,15.83583226,100.2467097,15.98555484,500.0046129,89.09286452,0.099969974,25.24555806,25.00340645,999.9,0,0,10001.89581,0,159.2147742,0.030153329,101.6698065,101.6152903,0.230436226,100.0061742,15.83583226,1.431390323,1.410860645,12.25432581,12.03485806,299.9904194,0.899997097,0.100002894,0,1.98043871,0,1728.636452,2534.575161,37.01393548,39.04003226,37.24974194,38.1913871,36.22748387,269.99,30.00096774,0,1743529529,0,1743529548,12:45:47,1743529548,1743529545,4,-0.046,0.002,-0.257,0.079,100,16,0.32,0.1,0.054859545,-0.469659121,0.065849318,1,1.989914706,-0.014131395,0.186768523,-1,0.230188775,0.000460176,0.001021419,1,2,2,2-Feb,3.13078,2.77781,0.0246067,0.0246489,0.0801226,0.0796458,29489.6,28612.7,30763.7,29576.8,39040.6,35793.9,47042.5,43925.7,1.85487,1.91173,0.0824183,0,23.6476,999.9,36.5,28.2,15.7294,64.4312,22.2196,1,-0.0810696,-0.495346,20.2608,5.23945,11.9695,4.973,3.291,9999,9999,9999,999.9,4.97276,1.87665,1.87469,1.87748,1.87425,1.8779,1.875,1.87612,0,0,0,0,11111111,oooooooo,on,on,on,on,0,100,100,-0.257,0.079,-0.272397343,0.00067337,-5.61E-07,2.77E-10,-0.049293204,-0.000554366,0.000592956,-3.10E-06,0,2134,1,26,1.2,1.2,0.393066,2.53296,1.39893,2.36084,1.44897,2.58301,33.5804,13.6329,18,475.058,479.872,25.0199,25.9686,29.9999,25.7492,25.8158,7.90323,-30,-30,25.0152,100,19.4801,101.679,101.058,NA
101,1743529616,2408.1,20250401 12:46:56,12:46:56,5,5015_mai_orange,albert,1743529608,0.000198924,0.198924378,-0.199502063,50.24576333,82.59007376,7.367232079,4.482042243,0.009230156,2.730910552,0.00921286,0.005759589,81.95024546,25.65780743,25.65780743,3.306535385,44.50011171,1.431627613,3.217132628,1.874907772,-8.772565062,-67.90745581,-5.282464832,-0.012240243,-0.209858189,0.192844323,-0.199502063,50.81710679,51.06696545,-0.00140362,65.47955561,0.198924378,15.82043622,16.05523758,1.00E-05,110.3689323,0,0,1,0,47395,459.7624,377.694758,0.821499883,0.178244775,6,0.5,0: Broadleaf,2,TRUE,1743529608,50.24576333,50.00555667,16.04920667,15.82150333,50.58876333,15.97320667,499.9909,89.10242,0.099971317,25.19657,24.98604,999.9,0,0,9997.756,0,159.785,0.2970173,51.12337667,50.80944,0.233800567,50.00555667,15.82150333,1.430566333,1.409733667,12.24557,12.02274333,299.9774,0.900007,0.099993007,0,1.985146667,0,1728.930333,2534.473333,35.60383333,38.24766667,36.5997,37.10403333,35.5811,269.9813333,29.99533333,0,1743529616,0,1743529634,12:47:13,1743529631,1743529634,5,-0.057,-0.002,-0.343,0.076,50,16,0.31,0.2,0.3077693,-0.333941629,0.050371486,1,1.978585294,0.220120707,0.128292559,-1,0.23425,-0.003366822,0.001107248,1,2,2,2-Feb,3.13064,2.7777,0.0126565,0.0125744,0.0800924,0.0795978,29852.1,28967.5,30764.6,29577.1,39042.2,35795.1,47044.1,43925.8,1.85508,1.91208,0.0809357,0,23.6595,999.9,36.5,28.3,15.8188,64.1213,22.3478,1,-0.0833765,-0.557456,20.2626,5.2393,11.9685,4.9728,3.291,9999,9999,9999,999.9,4.97274,1.87668,1.8747,1.87753,1.87436,1.87792,1.87501,1.8762,0,0,0,0,11111111,oooooooo,on,on,on,on,0,100,100,-0.343,0.076,-0.318850059,0.00067337,-5.61E-07,2.77E-10,-0.047721004,-0.000554366,0.000592956,-3.10E-06,0,2134,1,26,1.1,1.2,0.274658,2.55371,1.39893,2.36084,1.44897,2.58911,33.5804,13.6154,18,474.966,479.849,25.0291,25.9379,30,25.7199,25.7866,5.53862,-30,-30,25.0428,50,19.4801,101.682,101.059,NA
102,1743529719,2510.6,20250401 12:48:38,12:48:38,5,5015_mai_orange,albert,1743529711,0.000196892,0.196892407,1.624443144,398.0444194,104.547808,9.324104703,35.49962368,0.00913993,2.730370614,0.009122967,0.005703376,81.9096309,25.66552204,25.66552204,3.308048995,44.56770862,1.434427522,3.218535496,1.873621473,-8.682955169,-67.95159409,-5.287343255,-0.012261621,1.546846414,0.198185756,1.624443144,406.4055245,404.4190303,0.001229098,65.44146099,0.196892407,15.84966605,16.08222727,-1.14E-05,111.2450388,0,0,1,0,47320,459.5342581,377.5073656,0.82149994,0.178244885,6,0.5,0: Broadleaf,2,TRUE,1743529711,398.0444194,399.9952903,16.08371613,15.84971935,398.0464194,16.00471613,500.0022581,89.08504194,0.100038819,25.20389355,25.00225806,999.9,0,0,9996.490645,0,159.5504194,-2.128035484,404.3716129,406.4372581,0.235125129,399.9952903,15.84971935,1.432919355,1.411972903,12.27054516,12.04683548,299.9838387,0.900011903,0.099987923,0,1.947874194,0,1721.459677,2534.532258,36.11064516,39.88070968,37.19119355,39.165,36.38480645,269.9887097,29.99741935,0,1743529719,0,1743529736,12:48:55,1743529736,1743529736,6,0.177,0.002,-0.002,0.079,400,16,0.3,0.12,-2.149377317,0.469626272,0.05436437,1,1.998273529,-0.606207793,0.165110806,-1,0.235746659,-0.013432787,0.001527477,1,2,2,2-Feb,3.13068,2.7777,0.0817015,0.0824298,0.080189,0.0796941,27767.1,26919.2,30767.7,29578.5,39046.6,35797.7,47048.2,43927.7,1.85557,1.91302,0.0815988,0,23.6556,999.9,36.4,28.3,15.7812,64.3613,22.2957,1,-0.085935,-0.46427,20.2631,5.23945,11.9694,4.9731,3.291,9999,9999,9999,999.9,4.97274,1.87668,1.87471,1.87753,1.87439,1.87792,1.875,1.87619,0,0,0,0,11111111,oooooooo,on,on,on,on,0,100,100,-0.002,0.079,-0.375655321,0.00067337,-5.61E-07,2.77E-10,-0.050181179,-0.000554366,0.000592956,-3.10E-06,0,2134,1,26,1.5,1.4,1.06567,2.5293,1.39893,2.35962,1.44897,2.52686,33.6029,13.5892,18,475.01,480.184,25.0772,25.9057,29.9999,25.687,25.7535,21.372,-30,-30,25.0867,400,19.4801,101.691,101.064,NA
103,1743529797,2588.6,20250401 12:49:56,12:49:56,5,5015_mai_orange,albert,1743529789,0.000204209,0.204208843,1.507120729,398.1436129,133.8203086,11.9358942,35.51180004,0.009467266,2.730209267,0.009449066,0.005907298,81.67575239,25.67629527,25.67629527,3.31016372,44.51098695,1.433818563,3.221268863,1.876345157,-9.005609985,-67.43416804,-5.248052449,-0.012078084,1.480060729,0.200405364,1.507120729,406.4552248,404.6068242,0.002310542,65.43089715,0.204208843,15.83699428,16.07821212,-1.52E-05,111.4714697,0,0,1,0,47268,458.2223871,376.4296407,0.82149989,0.178244788,6,0.5,0: Broadleaf,2,TRUE,1743529789,398.1436129,400.0153226,16.07538065,15.83877419,398.1126129,15.99638065,500.0297419,89.09339032,0.100053681,25.21815484,24.99800968,999.9,0,0,9994.593226,0,158.2294839,-1.90539129,404.6157419,406.4532258,0.240075968,400.0153226,15.83877419,1.432519032,1.411130323,12.26630968,12.03776129,299.9929032,0.900006387,0.099993374,0,1.963441935,0,1723.990645,2534.603871,36.81829032,40.47764516,37.42506452,40.19525806,36.74980645,269.9958065,29.99709677,0,1743529797,0,1743529814,12:50:14,1743529814,1743529814,7,0.033,0,0.031,0.079,400,16,0.36,0.11,-1.894416,-0.055158799,0.057834866,1,1.931373529,0.584377386,0.19246632,-1,0.239818625,0.006187328,0.000909563,1,2,2,2-Feb,3.13072,2.7777,0.0817084,0.0824421,0.0801712,0.0796562,27767.8,26919.6,30768.6,29579.2,39048.5,35799.8,47049.6,43928.6,1.8559,1.91345,0.082083,0,23.6516,999.9,36.4,28.3,15.7802,64.2713,22.3117,1,-0.0876753,-0.492587,20.2627,5.23601,11.9683,4.9727,3.291,9999,9999,9999,999.9,4.97276,1.87668,1.87471,1.87757,1.87439,1.87792,1.87501,1.87622,0,0,0,0,11111111,oooooooo,on,on,on,on,0,100,100,0.031,0.079,-0.19914724,0.00067337,-5.61E-07,2.77E-10,-0.047715723,-0.000554366,0.000592956,-3.10E-06,0,2134,1,26,1,1,1.06567,2.52197,1.39893,2.35962,1.44897,2.57812,33.558,13.5804,18,475.024,480.26,25.1268,25.8825,30,25.6635,25.73,21.3639,-30,-30,25.1241,400,19.4801,101.694,101.066,NA
104,1743529886,2678.1,20250401 12:51:26,12:51:26,5,5015_mai_orange,albert,1743529878,0.000203481,0.203480989,2.604611031,596.9674194,140.8534667,12.56175759,53.23944228,0.00941544,2.731255593,0.009397445,0.005875017,82.00294443,25.69539748,25.69539748,3.31391628,44.47954875,1.434256851,3.224531028,1.879659429,-8.973511594,-67.76860664,-5.273016482,-0.012190286,2.435250148,0.199752673,2.604611031,609.751566,606.5820182,-0.00133271,65.5004141,0.203480989,15.84634182,16.08648485,1.31E-05,109.8122878,0,0,1,0,47564,460.0569677,377.9368457,0.821500102,0.178245196,6,0.5,0: Broadleaf,2,TRUE,1743529878,596.9674194,600.0327742,16.08214839,15.84630323,596.7554194,16.00414839,500.0065806,89.08316774,0.099994619,25.23516129,25.00744839,999.9,0,0,10001.97194,0,160.0479032,-3.182477742,606.6086129,609.6941613,0.240241387,600.0327742,15.84630323,1.43304129,1.411639677,12.27185806,12.04324516,300.0090645,0.900000645,0.099999155,0,1.927535484,0,1763.391935,2534.737097,37.36658065,40.94716129,37.76193548,40.96548387,37.10654839,270.0087097,30.00322581,0,1743529886,0,1743529909,12:51:49,1743529909,1743529903,8,0.116,0,0.212,0.078,600,16,0.3,0.1,-3.2047745,0.329049006,0.061012812,1,1.951435294,-0.323761649,0.193482609,-1,0.2404517,-0.00165269,0.000892296,1,2,2,2-Feb,3.13087,2.77777,0.109825,0.110887,0.0802035,0.0796888,26920.7,26085.7,30772,29579.9,39053.8,35801.4,47055.2,43929.7,1.85653,1.9141,0.0827387,0,23.6476,999.9,36.4,28.3,15.7787,63.7913,22.0833,1,-0.089624,-0.541438,20.2629,5.23915,11.9683,4.9729,3.291,9999,9999,9999,999.9,4.97274,1.87668,1.87473,1.87756,1.87439,1.87794,1.87503,1.87621,0,0,0,0,11111111,oooooooo,on,on,on,on,0,100,100,0.212,0.078,-0.165870266,0.00067337,-5.61E-07,2.77E-10,-0.047905779,-0.000554366,0.000592956,-3.10E-06,0,2134,1,26,1.2,1.2,1.46973,2.5061,1.39893,2.36084,1.44897,2.50732,33.558,13.5541,18,475.181,480.464,25.1008,25.8578,29.9999,25.6375,25.7044,29.4312,-30,-30,25.0882,600,19.4801,101.706,101.068,NA
105,1743529985,2777.1,20250401 12:53:05,12:53:05,5,5015_mai_orange,albert,1743529977,0.000203098,0.203098418,3.076015566,795.901129,252.5934188,22.52663737,70.9795853,0.009387511,2.731292426,0.009369623,0.005857619,81.77160103,25.70611675,25.70611675,3.316023668,44.45169297,1.434389491,3.226850082,1.881634177,-8.956640222,-67.56905867,-5.258021358,-0.012119219,3.280062381,0.20069435,3.076015566,812.9218747,809.1658848,0.001117919,65.49101056,0.203098418,15.84728225,16.08704121,5.48E-06,110.0712104,0,0,1,0,47312,458.7592258,376.8707366,0.821500071,0.178245137,6,0.5,0: Broadleaf,2,TRUE,1743529977,795.901129,800.0289677,16.08395161,15.8469871,795.863129,16.00595161,499.9897742,89.08143871,0.099971787,25.24724194,25.00356129,999.9,0,0,10002.38548,0,158.7376452,-3.895310645,809.1512258,812.9111613,0.240942677,800.0289677,15.8469871,1.433135806,1.411672903,12.27284839,12.0436,300.0215806,0.899991871,0.100008003,0,1.894222581,0,1826.915806,2534.835484,37.82025806,41.304,38.25180645,41.6126129,37.46951613,270.0177419,30.00354839,0,1743529985,0,1743530003,12:53:22,1743530003,1743530002,9,-0.233,0,0.038,0.078,800,16,0.5,0.12,-3.923042,0.47138364,0.06807856,1,1.913379412,0.327769289,0.183192244,-1,0.2402762,0.010112398,0.001332953,1,2,2,2-Feb,3.13079,2.7778,0.133619,0.134904,0.0802113,0.0796984,26203.1,25381.8,30774.1,29580.5,39057.6,35803.6,47058,43930.8,1.85688,1.91467,0.0828877,0,23.6417,999.9,36.3,28.3,15.7349,64.0313,22.1234,1,-0.0920198,-0.545131,20.2627,5.23586,11.9691,4.97315,3.291,9999,9999,9999,999.9,4.97275,1.87664,1.8747,1.8775,1.87431,1.8779,1.875,1.87617,0,0,0,0,11111111,oooooooo,on,on,on,on,0,100,100,0.038,0.078,-0.04951,0.00067337,-5.61E-07,2.77E-10,-0.048364764,-0.000554366,0.000592956,-3.10E-06,0,2134,1,26,1.3,1.4,1.84937,2.51343,1.39893,2.35962,1.44897,2.45117,33.558,13.5279,18,475.174,480.588,25.0685,25.8294,30,25.6088,25.6752,37.0235,-30,-30,25.0681,800,19.4801,101.712,101.071,NA
106,1743530079,2870.6,20250401 12:54:38,12:54:38,5,5015_mai_orange,albert,1743530071,0.000201244,0.201244365,4.130304035,994.9150323,260.6734185,23.24768975,88.7297068,0.009290744,2.730891885,0.00927322,0.005797334,81.61886775,25.71707007,25.71707007,3.318178279,44.4196269,1.434322481,3.229028656,1.883855797,-8.874876493,-67.50193388,-5.254156991,-0.012099609,4.045770104,0.200508283,4.130304035,1016.068734,1011.145758,-0.024158606,65.07115944,0.201244365,15.8451185,16.08268788,2.98E-06,119.1736149,0,0,1,0,47417,457.9022258,376.1667228,0.821500097,0.178245187,6,0.5,0: Broadleaf,2,TRUE,1743530071,994.9150323,1000.009032,16.08287742,15.84615161,994.8330323,16.00187742,500.0304839,89.08316774,0.100032755,25.25858387,25.00373871,999.9,0,0,9999.805484,0,157.8674194,-5.072025161,1011.202258,1016.110323,0.237814129,1000.009032,15.84615161,1.43281,1.411625161,12.26939677,12.04307742,300.0348065,0.899997,0.100002752,0,1.9367,0,1896.387742,2534.950968,36.98154839,41.08241935,38.74767742,41.25380645,37.52190323,270.03,30.00548387,0,1743530079,0,1743530101,12:55:00,1743530101,1743530096,10,-0.025,0.002,0.082,0.081,1000,16,0.58,0.23,-5.09679561,0.480319652,0.065086081,1,1.943402941,-0.297966383,0.140251557,-1,0.237679244,-0.000219094,0.000966737,1,2,2,2-Feb,3.13075,2.77785,0.154458,0.15596,0.0802024,0.079701,25575.5,24764.8,30777,29581.2,39063.5,35805.9,47062.9,43932.1,1.85705,1.91572,0.0830553,0,23.6337,999.9,36.3,28.3,15.7352,63.9713,22.1915,1,-0.0941184,-0.522111,20.2609,5.23975,11.9682,4.97305,3.291,9999,9999,9999,999.9,4.97272,1.87665,1.87469,1.87754,1.87437,1.87791,1.875,1.87613,0,0,0,0,11111111,oooooooo,on,on,on,on,0,100,100,0.082,0.081,-0.28284919,0.00067337,-5.61E-07,2.77E-10,-0.048191135,-0.000554366,0.000592956,-3.10E-06,0,2134,1,26,1.3,1.3,2.20947,2.50244,1.39893,2.36084,1.44897,2.56226,33.558,13.5191,18,475.079,481.035,25.0403,25.8031,29.9999,25.5813,25.6476,44.2319,-30,-30,25.0365,1000,19.4801,101.723,101.073,NA
107,1743530174,2966.1,20250401 12:56:14,12:56:14,5,5015_mai_orange,albert,1743530166,0.000195473,0.195473333,4.685031473,1194.080333,336.6886873,30.02237921,106.4756077,0.009036254,2.729883781,0.00901967,0.005638781,82.01092398,25.6992272,25.6992272,3.31466906,44.45713816,1.43364843,3.224787941,1.88102063,-8.620373996,-68.10117862,-5.301694144,-0.01232278,4.702543531,0.194113364,4.685031473,1219.347026,1213.536848,0.020817824,65.42077346,0.195473333,15.84862957,16.07937394,5.42E-06,113.6959617,0,0,1,0,47315,460.1021,377.9738882,0.821500028,0.178245055,6,0.5,0: Broadleaf,2,TRUE,1743530166,1194.080333,1200.001333,16.07778,15.84859667,1193.817333,15.99678,500.0166,89.06949333,0.100058077,25.2365,24.99565,999.9,0,0,9995.336333,0,160.1234333,-6.014774,1213.501,1219.326333,0.232482933,1200.001333,15.84859667,1.432334333,1.411627,12.26433667,12.04311,299.9786667,0.900003,0.099997033,0,1.914703333,0,1958.656667,2534.480667,35.8227,38.4914,37.2684,37.48733333,35.93526667,269.9823333,29.99866667,0,1743530174,0,1743530193,12:56:32,1743530193,1743530191,11,0.093,0,0.263,0.081,1200,16,0.47,0.14,-6.048214,0.376573508,0.090966502,1,1.962961765,-0.012190986,0.185576615,-1,0.232409175,-0.001639779,0.001156409,1,2,2,2-Feb,3.1307,2.7776,0.173159,0.174831,0.0801754,0.0797032,25012.1,24211.6,30779.5,29581.5,39068.7,35807.5,47066.1,43932.5,1.85742,1.9163,0.0821054,0,23.6436,999.9,36.3,28.3,15.7383,64.3913,22.2396,1,-0.0962221,-0.543333,20.2608,5.23601,11.9688,4.9735,3.291,9999,9999,9999,999.9,4.97275,1.87667,1.87469,1.87752,1.87437,1.87791,1.87502,1.87619,0,0,0,0,11111111,oooooooo,on,on,on,on,0,100,100,0.263,0.081,-0.306941675,0.00067337,-5.61E-07,2.77E-10,-0.045875549,-0.000554366,0.000592956,-3.10E-06,0,2134,1,26,1.2,1.3,2.55371,2.50732,1.39893,2.36084,1.44897,2.5293,33.558,13.4929,18,475.104,481.194,25.0407,25.7794,30,25.5554,25.6224,51.1214,-30,-30,25.0406,1200,19.4801,101.73,101.074,NA
108,1743530274,3065.6,20250401 12:57:53,12:57:53,5,5015_mai_orange,albert,1743530266,0.000189269,0.189268844,6.108618878,1492.984839,346.8222612,30.93160611,133.1529839,0.00878387,2.730925661,0.008768205,0.005481533,82.05977427,25.66184453,25.66184453,3.30732739,44.55175215,1.433345738,3.217260083,1.873981652,-8.34675602,-68.40423313,-5.321205113,-0.012419997,5.518135645,0.190711121,6.108618878,1524.13146,1516.667091,0.003523803,65.46500366,0.189268844,15.8473432,16.07081939,-2.61E-06,110.7191538,0,0,1,0,47300,460.3754194,378.1984887,0.821500177,0.178245342,6,0.5,0: Broadleaf,2,TRUE,1743530266,1492.984839,1499.947742,16.07146452,15.84630645,1491.984839,15.98946452,500.0383548,89.08573871,0.100018871,25.19723548,24.99059032,999.9,0,0,9999.718065,0,160.383871,-7.503508387,1516.824194,1524.098065,0.227572032,1499.947742,15.84630645,1.431953871,1.411680323,12.26030323,12.04368065,299.9915484,0.899998355,0.100001526,0,1.965196774,0,2030.703226,2534.586452,35.84254839,39.15303226,37.02187097,38.12477419,36.04,269.9906452,30.00290323,0,1743530274,0,1743530291,12:58:11,1743530291,1743530291,12,0.533,0.002,1,0.082,1500,16,0.35,0.15,-7.525116341,0.494864111,0.233651713,1,1.983526471,0.129776923,0.17955048,-1,0.227581488,-0.00359147,0.002316623,1,2,2,2-Feb,3.13082,2.77778,0.198199,0.200145,0.0801552,0.0797129,24256.1,23469.2,30780.9,29581.4,39073.1,35808.7,47068.1,43932.3,1.858,1.9175,0.0815839,0,23.6496,999.9,36.2,28.3,15.6956,64.1813,22.1194,1,-0.0975076,-0.664736,20.2624,5.2402,11.9713,4.9733,3.291,9999,9999,9999,999.9,4.97275,1.87667,1.87469,1.87755,1.87434,1.8779,1.875,1.87619,0,0,0,0,11111111,oooooooo,on,on,on,on,0,100,100,1,0.082,-0.215214991,0.00067337,-5.61E-07,2.77E-10,-0.045654868,-0.000554366,0.000592956,-3.10E-06,0,2134,1,26,1.4,1.4,3.04321,2.50977,1.39893,2.35962,1.44897,2.45605,33.5355,13.4753,18,475.249,481.769,25.1856,25.7578,30,25.5317,25.5981,60.9263,-30,-30,25.1869,1500,19.4801,101.734,101.074,NA
110,1743532922,5714.1,20250401 13:42:02,13:42:02,5,1941_mai_orange,albert,1743532914,0.00029955,0.299549863,2.097760724,397.3765806,145.1066455,12.92457671,35.3941343,0.013853551,2.729308911,0.013814603,0.008637617,80.8465326,25.62738028,25.62738028,3.300571466,44.14023768,1.420410893,3.217950259,1.880160573,-13.21014896,-62.76239404,-4.884457081,-0.010467487,2.07010525,0.292108902,2.097760724,406.3880602,403.8138848,0.003646534,65.09161789,0.299549863,15.6019583,15.95567636,-2.71E-07,118.6373827,4,1,1,0,47364,453.5696129,372.6074458,0.821500019,0.178245037,6,0.5,0: Broadleaf,2,TRUE,1743532914,397.3765806,399.9999355,15.94721935,15.6022871,397.4335806,15.87421935,500.0122258,88.96952581,0.099976597,25.20083871,24.99185484,999.9,0,0,10003.14032,0,153.5747742,-2.677464194,403.7645484,406.3397742,0.352820548,399.9999355,15.6022871,1.419519032,1.388129032,12.12775161,11.78856452,299.9948387,0.9,0.0999997,0,1.941367742,0,2360.280323,2534.614839,37.43719355,41.12493548,38.08851613,41.2296129,37.35054839,269.996129,30,0,1743532923,0,1743532940,13:42:20,1743532940,1743532939,14,0.053,-0.003,-0.057,0.073,400,16,0.23,0.15,-2.674845854,-0.050372613,0.044591288,1,1.945058824,0.076788386,0.170681546,-1,0.35250461,0.007074606,0.000833719,1,2,2,2-Feb,3.13082,2.77788,0.0814633,0.0822844,0.079591,0.0786675,27765.7,26897.8,30759.2,29551.3,39066.7,35808.6,47041.3,43891.4,1.8468,1.90877,0.0789016,0,23.6911,999.9,35.4,28.6,15.6374,63.9302,22.2396,1,-0.0687754,-0.28064,20.2645,5.2402,11.9706,4.9731,3.291,9999,9999,9999,999.9,4.97275,1.87671,1.87485,1.87759,1.8744,1.87804,1.87515,1.87622,0,0,0,0,11111111,oooooooo,on,on,on,on,0,100,100,-0.057,0.073,-0.307593288,0.00067337,-5.61E-07,2.77E-10,-0.047340631,-0.000554366,0.000592956,-3.10E-06,0,2134,1,26,42.1,42.1,1.06323,2.50244,1.39893,2.35962,1.44897,2.48535,33.9413,12.5472,18,471.344,478.638,24.6883,26.103,30.0001,25.8354,25.8966,21.3329,-30,-30,24.688,400,19.4801,101.671,100.976,NA
111,1743533017,5809.1,20250401 13:43:37,13:43:37,5,1941_mai_orange,albert,1743533009,0.000303203,0.303202807,1.451795987,298.2086774,124.2864254,11.06985897,26.56064804,0.013979034,2.728359759,0.013939365,0.008715658,80.85440836,25.64796737,25.64796737,3.30460564,44.02846896,1.418622056,3.222056295,1.885983584,-13.37124378,-62.61767354,-4.875919041,-0.010427999,1.393257547,0.298327536,1.451795987,304.8018571,303.0449818,-0.002721752,65.5213875,0.303202807,15.57363035,15.93176909,-1.31E-05,109.1256385,4,1,1,0,47335,453.6137742,372.6437265,0.821500024,0.178245047,6,0.5,0: Broadleaf,2,TRUE,1743533009,298.2086774,299.9872903,15.92752581,15.57524516,298.3296774,15.85452581,500.0148387,88.96726774,0.100053387,25.22226129,25.00410645,999.9,0,0,9997.737419,0,153.6275161,-1.753978387,303.0617742,304.7336452,0.357090032,299.9872903,15.57524516,1.417455806,1.385686774,12.10567742,11.76190645,299.9862581,0.899994226,0.100005584,0,1.946119355,0,2348.503226,2534.538387,37.87674194,41.48374194,38.39690323,41.81235484,37.69722581,269.9864516,29.99903226,0,1743533018,0,1743533037,13:43:57,1743533037,1743533034,15,-0.025,0,-0.121,0.073,300,16,0.38,0.07,-1.7339855,-0.491107542,0.05800227,1,1.947188235,0.080467528,0.192618596,-1,0.3564848,0.016347332,0.001781481,1,2,2,2-Feb,3.13074,2.7776,0.0649899,0.0656032,0.0795184,0.0785665,28263.4,27386.7,30758.8,29551.2,39068.7,35811.4,47041.4,43891.2,1.84655,1.90807,0.0810884,0,23.6742,999.9,35.4,28.6,15.6361,64.1802,22.2316,1,-0.0691032,-0.243606,20.2644,5.2393,11.9701,4.97185,3.291,9999,9999,9999,999.9,4.97275,1.87679,1.87485,1.87762,1.87443,1.87804,1.87515,1.87625,0,0,0,0,11111111,oooooooo,on,on,on,on,0,100,100,-0.121,0.073,-0.254644507,0.00067337,-5.61E-07,2.77E-10,-0.050111709,-0.000554366,0.000592956,-3.10E-06,0,2134,1,26,1.3,1.3,0.849609,2.51953,1.39893,2.35962,1.44897,2.48169,33.9413,12.4772,18,471.226,478.202,24.6848,26.103,30.0001,25.8376,25.8989,17.0477,-30,-30,24.6788,300,19.4801,101.671,100.976,NA
112,1743533112,5904.1,20250401 13:45:12,13:45:12,5,1941_mai_orange,albert,1743533104,0.000303794,0.303793655,0.754321557,199.0243226,107.119083,9.540372039,17.72574998,0.013975684,2.729205842,0.013936047,0.008713581,80.86162502,25.65935154,25.65935154,3.306838292,43.94222164,1.416823398,3.224287132,1.890014894,-13.39730019,-62.60106349,-4.873678151,-0.010416812,0.756843086,0.300585593,0.754321557,203.1956816,202.2757091,0.000104122,65.09021515,0.303793655,15.55219491,15.91108788,-1.66E-05,118.8454297,4,1,1,0,47287,453.6544516,372.6771254,0.821499985,0.178244972,6,0.5,0: Broadleaf,2,TRUE,1743533104,199.0243226,200.0043226,15.90806129,15.55309677,199.2323226,15.83606129,500.0001613,88.9632871,0.099947719,25.23389032,25.01922903,999.9,0,0,10003.22742,0,153.6283871,-0.937952097,202.2854839,203.1640323,0.360788645,200.0043226,15.55309677,1.415753226,1.383656129,12.08740645,11.73967742,300.0260645,0.899997,0.100003,0,1.916158065,0,2327.084516,2534.876129,37.24364516,39.43522581,37.419,38.7073871,36.57232258,270.0232258,30.00225806,0,1743533112,0,1743533136,13:45:35,1743533136,1743533129,16,-0.042,0,-0.208,0.072,200,16,0.26,0.15,-0.9305555,-0.369064593,0.048149396,1,1.949735294,-0.154215428,0.140075532,-1,0.36111105,-0.007406139,0.000840548,1,2,2,2-Feb,3.13076,2.77779,0.0462024,0.0465607,0.0794419,0.0784865,28832.4,27943.5,30759.9,29549.7,39071.6,35811.1,47042.6,43888.8,1.84658,1.90762,0.0798851,0,23.6983,999.9,35.3,28.6,15.5917,64.0702,22.2917,1,-0.0693445,-0.0204031,20.2628,5.2402,11.9692,4.97335,3.291,9999,9999,9999,999.9,4.97275,1.87675,1.87485,1.87763,1.87446,1.87805,1.87516,1.87624,0,0,0,0,11111111,oooooooo,on,on,on,on,0,100,100,-0.208,0.072,-0.279995996,0.00067337,-5.61E-07,2.77E-10,-0.049797027,-0.000554366,0.000592956,-3.10E-06,0,2134,1,26,1.2,1.3,0.625,2.50977,1.39893,2.35962,1.44897,2.55249,33.9413,12.4159,18,471.254,477.927,24.4528,26.1008,30,25.8398,25.9011,12.5639,-30,-30,24.4481,200,19.4801,101.674,100.971,NA
113,1743533205,5997.1,20250401 13:46:45,13:46:45,5,1941_mai_orange,albert,1743533197,0.000311618,0.311617615,0.085271786,99.8354,87.09448866,7.756600646,8.891301161,0.014402007,2.729522709,0.014359923,0.008978723,80.85992301,25.60889706,25.60889706,3.296953223,44.02571267,1.415445359,3.215042469,1.881507864,-13.74233684,-62.28201909,-4.845872206,-0.010305127,0.102837296,0.30642594,0.085271786,101.5168235,101.4187636,-0.001254203,65.37448587,0.311617615,15.53172202,15.89959212,1.59E-05,112.6034263,4,1,1,0,47326,453.6452,372.6694978,0.821499925,0.178244855,6,0.5,0: Broadleaf,2,TRUE,1743533197,99.8354,99.99551667,15.89323667,15.53136667,100.1234,15.82023667,499.9958667,88.95965333,0.099950387,25.18565333,25.00584333,999.9,0,0,10005.525,0,153.632,-0.132434143,101.4764667,101.5731,0.366704833,99.99551667,15.53136667,1.414288,1.381664667,12.07168,11.71788667,300.0132,0.900008467,0.099991573,0,2.0015,0,2308.146333,2534.777333,36.3122,38.01853333,36.46426667,36.6727,35.50803333,270.015,30,0,1743533205,0,1743533222,13:47:02,1743533219,1743533222,17,-0.028,0.001,-0.288,0.073,100,16,0.22,0.1,-0.092415491,-0.482458211,0.077315065,1,1.979655882,0.029602749,0.175365067,-1,0.36682305,-0.001414244,0.001029392,1,2,2,2-Feb,3.1307,2.77783,0.024531,0.0246158,0.0793951,0.0784078,29487,28586.2,30759.2,29549.1,39071,35812.5,47041.4,43888.5,1.8462,1.90698,0.0772774,0,23.7347,999.9,35.3,28.6,15.5919,64.2502,22.3958,1,-0.0685798,-0.111784,20.2643,5.23751,11.971,4.97225,3.291,9999,9999,9999,999.9,4.97274,1.87682,1.87485,1.87766,1.87451,1.87805,1.87515,1.87629,0,0,0,0,11111111,oooooooo,on,on,on,on,0,100,100,-0.288,0.073,-0.322352235,0.00067337,-5.61E-07,2.77E-10,-0.049539458,-0.000554366,0.000592956,-3.10E-06,0,2134,1,26,1.2,1.3,0.391846,2.53662,1.39893,2.3584,1.44897,2.54761,33.9413,12.3546,18,471.098,477.541,24.5019,26.1074,30,25.8462,25.9055,7.88158,-30,-30,24.4953,100,19.4801,101.671,100.969,NA
114,1743533287,6079.1,20250401 13:48:07,13:48:07,5,1941_mai_orange,albert,1743533279,0.000318863,0.318862817,-0.254977799,50.24658387,75.72928296,6.744684433,4.475116346,0.014786415,2.728952135,0.014742049,0.009217755,80.85636845,25.5742788,25.5742788,3.290185737,44.08757388,1.414679373,3.208793882,1.875506363,-14.06185021,-61.98276136,-4.821965203,-0.010208323,-0.212545276,0.311981273,-0.254977799,50.78482344,51.09783273,-0.000471555,65.48419158,0.318862817,15.51553435,15.89203697,6.32E-06,110.2494952,4,1,1,0,47277,453.6245806,372.6526215,0.821500063,0.178245121,6,0.5,0: Broadleaf,2,TRUE,1743533279,50.24658387,50.01034194,15.8840129,15.51558387,50.63058387,15.8130129,500.0025484,88.96310645,0.099990013,25.15298065,24.98415806,999.9,0,0,10001.73548,0,153.632,0.302841742,51.12564194,50.79850968,0.375904484,50.01034194,15.51558387,1.413755806,1.380315161,12.06599355,11.70308387,299.9925806,0.899998065,0.100001835,0,2.029767742,0,2302.280323,2534.594839,35.94322581,39.41103226,37.24967742,38.47354839,36.24974194,269.9932258,30.00064516,0,1743533288,0,1743533304,13:48:24,1743533302,1743533304,18,-0.067,-0.002,-0.384,0.071,50,16,0.25,0.17,0.32582805,-0.449800075,0.070779263,1,1.994532353,0.457177995,0.177240358,-1,0.375642925,0.005766878,0.001075883,1,2,2,2-Feb,3.1307,2.77771,0.0126429,0.0125282,0.0793675,0.0783535,29846.1,28939.4,30758.9,29548,39071.3,35812.5,47041.4,43886.9,1.84648,1.90663,0.0751801,0,23.7493,999.9,35.3,28.6,15.5925,64.2402,22.4239,1,-0.0675991,-0.24979,20.2649,5.23885,11.9728,4.9728,3.291,9999,9999,9999,999.9,4.97274,1.8768,1.87485,1.87763,1.87446,1.87805,1.87515,1.8763,0,0,0,0,11111111,oooooooo,on,on,on,on,0,100,100,-0.384,0.071,-0.350098996,0.00067337,-5.61E-07,2.77E-10,-0.048772589,-0.000554366,0.000592956,-3.10E-06,0,2134,1,26,1.1,1.1,0.274658,2.55371,1.39893,2.35962,1.44897,2.57812,33.9639,12.3021,18,471.288,477.387,24.5998,26.1184,30,25.8529,25.9142,5.52429,-30,-30,24.6045,50,19.4801,101.671,100.966,NA
115,1743533384,6175.6,20250401 13:49:43,13:49:43,5,1941_mai_orange,albert,1743533376,0.000325106,0.325105518,2.500348724,397.0223333,121.6920321,10.83692815,35.35566321,0.015059453,2.728271204,0.015013425,0.009387514,80.86072448,25.59814195,25.59814195,3.294849417,44.10876792,1.417508691,3.213666484,1.877340726,-14.33715335,-61.72908235,-4.80462046,-0.010131683,2.362320179,0.323581971,2.500348724,406.3447057,403.2894909,0.001591174,65.08018416,0.325105518,15.535203,15.91912485,-3.77E-07,119.0246927,4,1,1,0,47357,453.6490333,372.6727081,0.82150006,0.178245116,6,0.5,0: Broadleaf,2,TRUE,1743533376,397.0223333,400.0113,15.91775,15.53563,397.0453333,15.84475,499.9967667,88.95208,0.099996523,25.17846333,24.99496333,999.9,0,0,9998.916667,0,153.6316667,-3.186749667,403.2449667,406.3238,0.3863222,400.0113,15.53563,1.416290333,1.381927,12.09319,11.72075667,300.0173667,0.8999993,0.100000477,0,2.019633333,0,2314.131667,2534.804,36.3748,40.3956,37.70806667,40.0248,36.80806667,270.015,30.003,0,1743533384,0,1743533406,13:50:05,1743533404,1743533406,19,0.196,0.002,-0.023,0.073,400,16,0.33,0.18,-3.215526829,0.416495331,0.069965741,1,2.008991176,0.019735676,0.170515394,-1,0.386589,-0.007364404,0.001331745,1,2,2,2-Feb,3.13075,2.77768,0.081389,0.082274,0.0794586,0.078409,27766.7,26894.8,30757.9,29547.8,39070.7,35814.7,47039.2,43886.3,1.84655,1.90723,0.0769533,0,23.7283,999.9,35.2,28.6,15.5521,64.1802,22.3998,1,-0.066875,-0.226536,20.2649,5.23945,11.9715,4.97315,3.291,9999,9999,9999,999.9,4.97274,1.87675,1.87485,1.87761,1.87441,1.87803,1.87513,1.87622,0,0,0,0,11111111,oooooooo,on,on,on,on,0,100,100,-0.023,0.073,-0.417046709,0.00067337,-5.61E-07,2.77E-10,-0.050559471,-0.000554366,0.000592956,-3.10E-06,0,2134,1,26,1.4,1.3,1.06445,2.52441,1.39893,2.35962,1.44897,2.57812,33.9639,12.232,18,471.386,477.839,24.6316,26.1273,30.0001,25.8616,25.9213,21.3378,-30,-30,24.647,400,19.4801,101.667,100.965,NA
116,1743533467,6258.6,20250401 13:51:06,13:51:06,5,1941_mai_orange,albert,1743533459,0.000340183,0.340182648,2.328594681,397.0028387,150.0445339,13.3619244,35.35431635,0.015732428,2.728438846,0.015682204,0.009805877,80.85579732,25.61346198,25.61346198,3.297846521,44.04853408,1.417223669,3.217413925,1.880622852,-15.00205476,-61.10693289,-4.756738135,-0.009928472,2.347621488,0.334416489,2.328594681,406.2697609,403.4393515,-0.001696887,65.51895359,0.340182648,15.51894187,15.92063394,3.94E-06,109.2173956,4,1,1,0,47327,453.6225806,372.6508673,0.821499818,0.178244648,6,0.5,0: Broadleaf,2,TRUE,1743533459,397.0028387,399.9793226,15.91437419,15.51945806,397.0718387,15.84137419,499.9964839,88.9530871,0.099969713,25.19803871,24.99436774,999.9,0,0,9999.802581,0,153.632,-2.931925484,403.4709032,406.2847097,0.401232677,399.9793226,15.51945806,1.416194516,1.380502903,12.09214194,11.70514839,299.9905806,0.900002806,0.099996948,0,1.993332258,0,2331.509677,2534.582258,36.55206452,40.899,37.93116129,40.88480645,37.17503226,269.9929032,29.99516129,0,1743533467,0,1743533489,13:51:28,1743533484,1743533489,20,-0.046,0,-0.069,0.073,400,16,0.36,0.17,-2.9294315,-0.054161201,0.044647467,1,1.979638235,-0.126299465,0.185718098,-1,0.400810575,0.01064561,0.001156832,1,2,2,2-Feb,3.13067,2.77779,0.0813838,0.0822718,0.0794576,0.0783504,27767.8,26895,30758.9,29547.9,39072.6,35817.3,47041.5,43886.7,1.84652,1.9073,0.0802353,0,23.6935,999.9,35.2,28.7,15.6396,64.0702,22.3918,1,-0.0673044,-0.342176,20.2647,5.2396,11.9703,4.9732,3.291,9999,9999,9999,999.9,4.97275,1.87673,1.87485,1.8776,1.8744,1.87805,1.87515,1.87623,0,0,0,0,11111111,oooooooo,on,on,on,on,0,100,100,-0.069,0.073,-0.220704588,0.00067337,-5.61E-07,2.77E-10,-0.048411872,-0.000554366,0.000592956,-3.10E-06,0,2134,1,26,1,1,1.06445,2.52686,1.39893,2.35962,1.44897,2.56836,33.9865,12.162,18,471.388,477.92,24.7879,26.1273,30,25.8638,25.9251,21.3361,-30,-30,24.7894,400,19.4801,101.671,100.965,NA
117,1743533564,6355.6,20250401 13:52:43,13:52:43,5,1941_mai_orange,albert,1743533556,0.00034576,0.345759508,3.853649494,595.1979355,193.5763568,17.24302814,53.0179146,0.015939764,2.729141071,0.015888224,0.009934757,80.86686171,25.64593256,25.64593256,3.304206714,43.95564385,1.417105167,3.223943601,1.887101547,-15.24799432,-60.88861334,-4.740108847,-0.009854797,3.786050455,0.338618643,3.853649494,609.4415795,604.7356909,0.001913204,65.07503296,0.345759508,15.50743894,15.91553515,2.20E-05,119.1142772,4,1,1,0,47275,453.6833871,372.7009369,0.821500076,0.178245146,6,0.5,0: Broadleaf,2,TRUE,1743533556,595.1979355,599.9827742,15.90892581,15.50907097,595.0809355,15.83792581,500.0288387,88.97611935,0.099987,25.2321,25.00698387,999.9,0,0,10001.39871,0,153.6699355,-4.907667742,604.700129,609.4344839,0.40798629,599.9827742,15.50907097,1.41623871,1.379937742,12.09261613,11.69895484,300.0134516,0.900000387,0.099999374,0,1.925929032,0,2404.355484,2534.771935,37.65303226,41.312,38.25583871,41.55635484,37.536,270.0109677,30.00290323,0,1743533564,0,1743533582,13:53:01,1743533582,1743533581,21,0.122,-0.002,0.117,0.071,600,16,0.23,0.15,-4.923286585,0.296226899,0.099134146,1,1.919914706,0.108802141,0.186223312,-1,0.407347366,0.009883359,0.001239659,1,2,2,2-Feb,3.13068,2.77754,0.109408,0.110708,0.0794413,0.078302,26921.4,26062.1,30759.8,29548.4,39076.4,35822,47042.7,43887.6,1.84667,1.90905,0.0804067,0,23.683,999.9,35.1,28.7,15.5972,64.2102,22.3438,1,-0.0674543,-0.229208,20.2652,5.23885,11.9706,4.9732,3.291,9999,9999,9999,999.9,4.97275,1.87674,1.87485,1.8776,1.87442,1.87805,1.87514,1.87624,0,0,0,0,11111111,oooooooo,on,on,on,on,0,100,100,0.117,0.071,-0.266191436,0.00067337,-5.61E-07,2.77E-10,-0.048520922,-0.000554366,0.000592956,-3.10E-06,0,2134,1,26,1.3,1.2,1.46729,2.51587,1.39893,2.35962,1.44897,2.56226,33.9865,12.0919,18,471.453,479.044,24.7014,26.1227,30.0001,25.8616,25.9229,29.3853,-30,-30,24.6996,600,19.4801,101.674,100.967,NA
118,1743533665,6457.1,20250401 13:54:25,13:54:25,5,1941_mai_orange,albert,1743533657,0.000338559,0.338558755,4.693026261,793.7841,291.3334271,25.94329122,70.68660909,0.015571501,2.729774238,0.015522322,0.009705857,80.69284304,25.65986457,25.65986457,3.306938937,43.89222048,1.416165745,3.226461841,1.890773193,-14.93044108,-61.02224083,-4.750055522,-0.009894397,4.898031579,0.337470132,4.693026261,812.5690163,806.8477939,0.00018387,65.37809342,0.338558755,15.50508741,15.90487091,3.41E-06,114.3667223,4,1,1,0,47353,452.7072333,371.8990141,0.821500048,0.178245093,6,0.5,0: Broadleaf,2,TRUE,1743533657,793.7841,799.9832333,15.90301,15.50448333,793.8251,15.82901,499.9966667,88.95021,0.099960057,25.24522,25.0133,999.9,0,0,10008.087,0,152.7172667,-5.983195,806.8335,812.5817667,0.4015913,799.9832333,15.50448333,1.414848667,1.379127,12.07772333,11.69005333,299.9899667,0.899997,0.100003,0,1.975886667,0,2492.738333,2534.569667,36.9706,39.96843333,38.1372,39.62066667,36.96846667,269.9903333,30,0,1743533666,0,1743533690,13:54:50,1743533690,1743533684,22,-0.218,0.003,-0.041,0.074,800,16,0.44,0.17,-6.0042955,0.341016135,0.065347846,1,2.000976471,0.063893049,0.197479703,-1,0.402322025,-0.013609925,0.001397552,1,2,2,2-Feb,3.13084,2.77791,0.133129,0.134635,0.0794105,0.0783095,26205,25361.2,30760.4,29548.7,39080.5,35824.1,47044,43888.6,1.8473,1.90818,0.0805408,0,23.6862,999.9,35.1,28.7,15.5965,63.8801,22.3558,1,-0.0680564,-0.149785,20.2621,5.23676,11.9698,4.97235,3.291,9999,9999,9999,999.9,4.97278,1.87681,1.87485,1.87763,1.87442,1.87805,1.87514,1.87627,0,0,0,0,11111111,oooooooo,on,on,on,on,0,100,100,-0.041,0.074,-0.144513812,0.00067337,-5.61E-07,2.77E-10,-0.050448531,-0.000554366,0.000592956,-3.10E-06,0,2134,1,26,1.4,1.4,1.8457,2.5061,1.39893,2.3584,1.44897,2.55127,33.9865,14.9463,18,471.77,478.454,24.6063,26.1162,30.0001,25.8594,25.9208,36.9728,-30,-30,24.5947,800,19.4801,101.676,100.969,NA
119,1743533781,6573.1,20250401 13:56:21,13:56:21,5,1941_mai_orange,albert,1743533773,0.000317879,0.317879183,5.680699812,992.6849032,348.4097407,31.02406388,88.39339505,0.014674299,2.728361529,0.014630593,0.009148037,80.81192765,25.61603431,25.61603431,3.298349988,43.98434657,1.414874801,3.216768944,1.883475187,-14.01847198,-61.97893523,-4.824734784,-0.010214338,5.794827363,0.316174878,5.680699812,1015.775651,1008.83697,0.003109208,65.44979767,0.317879183,15.51643825,15.89191697,-1.21E-05,111.0666745,4,1,1,0,47317,453.3756129,372.4480616,0.82149999,0.178244981,6,0.5,0: Broadleaf,2,TRUE,1743533773,992.6849032,1000.015129,15.88947742,15.51610645,992.6759032,15.81547742,500.0137419,88.94476452,0.100001619,25.19467097,25.0119871,999.9,0,0,10000.27742,0,153.395129,-7.315185161,1008.733871,1015.775161,0.379010065,1000.015129,15.51610645,1.413788387,1.380077419,12.06633226,11.70047742,299.9804839,0.899998129,0.100001884,0,1.969280645,0,2570.497419,2534.492258,35.49764516,37.99974194,36.89283871,36.80425806,35.57025806,269.9816129,29.99774194,0,1743533781,0,1743533806,13:56:46,1743533806,1743533800,23,-0.018,0,0.009,0.074,1000,16,0.26,0.18,-7.347980488,0.671334146,0.075659237,0,1.979444118,-0.055610393,0.153438233,-1,0.380261366,-0.022462223,0.002298825,1,1,2,2-Jan,3.13073,2.77762,0.153929,0.155625,0.0793443,0.0783341,25576.1,24745.8,30760.2,29548.3,39084.8,35824.2,47043.9,43888.1,1.84702,1.90853,0.0766814,0,23.7424,999.9,35.1,28.7,15.598,64.3401,22.2276,1,-0.0675508,-0.0605692,20.2642,5.23751,11.97,4.972,3.291,9999,9999,9999,999.9,4.97277,1.87668,1.87479,1.87759,1.87438,1.87796,1.87507,1.87622,0,0,0,0,11111111,oooooooo,on,on,on,on,0,100,100,0.009,0.074,-0.3622388,0.00067337,-5.61E-07,2.77E-10,-0.047655486,-0.000554366,0.000592956,-3.10E-06,0,2134,1,26,1.5,1.6,2.20703,2.51709,1.39893,2.3584,1.44897,2.53662,33.9187,14.8325,18,471.653,478.72,24.5085,26.1228,30.0001,25.8638,25.9251,44.1741,-30,-30,24.4974,1000,19.4801,101.676,100.968,NA
120,1743533877,6668.5,20250401 13:57:56,13:57:56,5,1941_mai_orange,albert,1743533869,0.00029331,0.293310202,6.572440662,1191.898548,385.8157384,34.36849974,106.174427,0.013536814,2.729210564,0.013499623,0.008440597,80.71202771,25.60554354,25.60554354,3.296297117,43.93761853,1.411977433,3.21359573,1.884319684,-12.93497992,-62.89379542,-4.893762902,-0.01051054,6.37602841,0.289561844,6.572440662,1218.990226,1211.011455,-0.006953812,65.44828218,0.293310202,15.50788066,15.85433879,-6.92E-06,111.0979365,4,1,1,0,47341,452.8153226,371.9877671,0.821499955,0.178244913,6,0.5,0: Broadleaf,2,TRUE,1743533869,1191.898548,1199.964194,15.85065161,15.50867419,1191.673548,15.77765161,499.9840645,88.98012258,0.099964945,25.17809355,25.0003,999.9,0,0,10001.3629,0,152.8080645,-8.196434839,1210.97129,1218.868387,0.348418581,1199.964194,15.50867419,1.410967097,1.379963871,12.03600968,11.69925484,300.0072581,0.899997968,0.100001942,0,2.011909677,0,2631.240323,2534.717742,36.20535484,39.60858065,37.34045161,38.76177419,36.34858065,270.006129,29.99967742,0,1743533877,0,1743533899,13:58:19,1743533899,1743533894,24,0.125,-0.001,0.225,0.073,1200,16,0.31,0.2,-8.2094605,0.147212533,0.073392179,1,2.027747059,0.080742555,0.174821979,-1,0.349614725,-0.020751321,0.002316263,1,2,2,2-Feb,3.1307,2.77786,0.172705,0.174566,0.079246,0.078339,25007.8,24190.1,30759.3,29547.6,39089.6,35824.4,47042.8,43887,1.84715,1.90937,0.0768974,0,23.7452,999.9,35.1,28.7,15.5893,64.1701,22.2396,1,-0.0663135,-0.0371106,20.2644,5.2393,11.97,4.973,3.291,9999,9999,9999,999.9,4.97276,1.87668,1.87483,1.87759,1.87439,1.87802,1.8751,1.87622,0,0,0,0,11111111,oooooooo,on,on,on,on,0,100,100,0.225,0.073,-0.379513046,0.00067337,-5.61E-07,2.77E-10,-0.047256444,-0.000554366,0.000592956,-3.10E-06,0,2134,1,26,1.2,1.3,2.55127,2.50732,1.39893,2.3584,1.44897,2.57446,33.8735,14.7975,18,471.777,479.35,24.6249,26.1316,30.0001,25.8725,25.9338,51.057,-30,-30,24.574,1200,19.4801,101.673,100.965,NA
121,1743533990,6782,20250401 13:59:50,13:59:50,5,1941_mai_orange,albert,1743533982,0.000249128,0.249128113,7.290204816,1491.166871,436.8951224,38.9215242,132.8430657,0.011451165,2.729121616,0.011424539,0.007142724,80.67109416,25.62993776,25.62993776,3.301072387,43.83686334,1.409776169,3.215960407,1.891296218,-10.98654976,-64.66312826,-5.032528303,-0.011112168,6.994030652,0.249993212,7.290204816,1523.713229,1514.710667,0.024829036,65.44578256,0.249128113,15.52992204,15.82411455,2.65E-06,113.2782416,4,1,1,0,47296,452.5855484,371.7990192,0.821499981,0.178244963,6,0.5,0: Broadleaf,2,TRUE,1743533982,1491.166871,1500.006774,15.82477419,15.52953871,1490.213871,15.74877419,500.0153548,88.98665161,0.100001471,25.19044839,25.0026,999.9,0,0,10000.09903,0,152.6256774,-9.372309677,1514.606129,1523.668065,0.297278258,1500.006774,15.52953871,1.408374516,1.38192129,12.00810645,11.7207,299.959871,0.899998548,0.100001297,0,1.939274194,0,2690.889677,2534.317097,36.44735484,40.67316129,38.01396774,40.44729032,37.01793548,269.9632258,29.99548387,0,1743533991,0,1743534016,14:00:16,1743534016,1743534007,25,0.526,0.003,0.953,0.076,1500,16,0.33,0.1,-9.4093045,0.812850281,0.094640392,0,1.915814706,0.624829638,0.219222244,-1,0.2977168,-0.014545261,0.00159599,1,1,2,2-Jan,3.13071,2.77779,0.197742,0.19981,0.0791356,0.0784164,24251.4,23449.6,30759.7,29546.5,39096.8,35822.2,47043.6,43885.8,1.84695,1.9102,0.0730976,0,23.7973,999.9,35.1,28.7,15.5902,64.5001,22.1394,1,-0.066095,0.0883197,20.2643,5.23885,11.9692,4.97285,3.291,9999,9999,9999,999.9,4.97276,1.87668,1.87481,1.87758,1.87438,1.87802,1.87507,1.87622,0,0,0,0,11111111,oooooooo,on,on,on,on,0,100,100,0.953,0.076,-0.25292599,0.00067337,-5.61E-07,2.77E-10,-0.04819771,-0.000554366,0.000592956,-3.10E-06,0,2134,1,26,1.5,1.6,3.03955,2.50244,1.39893,2.3584,1.44897,2.47803,33.8509,14.7449,18,471.744,479.983,24.1553,26.1493,30.0001,25.8835,25.9447,60.8446,-30,-30,24.1562,1500,19.4801,101.675,100.962,NA
123,1743537125,9916.6,20250401 14:52:04,14:52:04,5,3993_mai_orange,albert,1743537117,0.000291793,0.291792522,0.932641742,398.8602667,273.7447039,24.35691925,35.48929776,0.013212076,2.72674594,0.013176614,0.008238562,77.54437116,25.59618713,25.59618713,3.294467161,42.78710232,1.37581189,3.215482739,1.918655272,-12.86805023,-60.01213462,-4.673773301,-0.009586992,0.830881031,0.289199451,0.932641742,406.1757169,405.0396242,-6.06E-05,65.09209264,0.291792522,15.12045168,15.46519818,-4.44E-07,118.7920394,0,0,1,0,47300,435.0445,357.3889864,0.821499838,0.178244688,6,0.5,0: Broadleaf,2,TRUE,1743537117,398.8602667,399.9957667,15.46259667,15.12091667,398.8842667,15.39459667,499.9900667,88.87680333,0.099965543,25.18795333,25.00684,999.9,0,0,9998.29,0,135.0431333,-1.220336333,405.0398333,406.1368667,0.345534033,399.9957667,15.12091667,1.374608333,1.343899,11.6404,11.29899667,300.0013667,0.9000112,0.099988787,0,2.069693333,0,2043.332,2534.679333,36.94566667,41.12066667,38.4622,41.20813333,37.44126667,270.0053333,29.997,0,1743537125,0,1743537142,14:52:21,1743537141,1743537142,27,0.085,0.002,-0.024,0.068,400,15,0.36,0.05,-1.247691951,0.289227178,0.057864836,1,2.048570588,0.192461421,0.175490451,-1,0.345406146,0.003163526,0.000771599,1,2,2,2-Feb,3.13094,2.77794,0.0816065,0.0822098,0.0777618,0.0768374,27768.9,26891.7,30767.2,29541.9,39157,35872.5,47055.4,43881.5,1.85417,1.903,0.0606924,0,24.0125,999.9,33.8,29,15.2969,64.2668,21.7188,1,-0.0727744,-0.152941,20.264,5.2387,11.9712,4.97295,3.291,9999,9999,9999,999.9,4.97275,1.87677,1.87485,1.8776,1.87439,1.87805,1.87515,1.87625,0,0,0,0,11111111,oooooooo,on,on,on,on,0,100,100,-0.024,0.068,-0.305805208,0.00067337,-5.61E-07,2.77E-10,-0.048844693,-0.000554366,0.000592956,-3.10E-06,0,2134,1,26,49.9,50,1.06201,2.50488,1.39893,2.3584,1.44897,2.56104,34.4636,13.7205,18,475.04,474.604,24.382,26.0591,30.0002,25.802,25.8641,21.2931,-30,-30,24.3737,400,19.4801,101.7,100.95,NA
124,1743537212,10004.1,20250401 14:53:32,14:53:32,5,3993_mai_orange,albert,1743537204,0.000294756,0.294755782,0.461559381,299.3338667,234.2229732,20.83661901,26.62892393,0.013305244,2.726320513,0.013269275,0.008296521,77.51757284,25.61164059,25.61164059,3.297490073,42.66572337,1.373248492,3.218622311,1.924241581,-12.99873,-59.86462734,-4.663759429,-0.009543927,0.455158054,0.29111856,0.461559381,304.6009707,304.0346909,0.00083912,65.11862224,0.294755782,15.09053789,15.43884303,-6.52E-06,118.3670245,1,0,1,0,47111,434.8950333,357.2661184,0.821499652,0.178244328,6,0.5,0: Broadleaf,2,TRUE,1743537204,299.3338667,299.9846333,15.43659,15.09263667,299.4048667,15.36759,499.9946,88.86059333,0.100018537,25.20434667,25.00718333,999.9,0,0,9997.577333,0,134.8942333,-0.642167167,304.0370667,304.5815667,0.3480559,299.9846333,15.09263667,1.372069333,1.341141,11.61242667,11.26801333,300.0008,0.900018433,0.09998151,0,2.035266667,0,2045.241333,2534.679667,37.42273333,41.4895,38.73306667,41.7726,37.82063333,270.0066667,29.993,0,1743537213,0,1743537233,14:53:53,1743537229,1743537233,28,-0.009,0.002,-0.071,0.069,300,15,0.25,0.15,-0.631209525,-0.391610398,0.053868862,1,2.009744118,0.276643237,0.20450621,-1,0.348192125,-0.000497505,0.000641267,1,2,2,2-Feb,3.13094,2.77783,0.0651088,0.0655263,0.0776498,0.0767181,28266.7,27379.6,30766.1,29540.9,39159.6,35874.6,47054.2,43879.7,1.85378,1.90243,0.0603572,0,24.011,999.9,33.8,29.1,15.3855,64.2868,21.5705,1,-0.0724644,-0.0863644,20.264,5.23736,11.9688,4.97205,3.291,9999,9999,9999,999.9,4.97275,1.8768,1.87485,1.87759,1.87439,1.87805,1.87514,1.87622,0,0,0,0,11111111,oooooooo,on,on,on,on,0,100,100,-0.071,0.069,-0.221105018,0.00067337,-5.61E-07,2.77E-10,-0.047173015,-0.000554366,0.000592956,-3.10E-06,0,2134,1,26,1.2,1.2,0.848389,2.52441,1.39893,2.3584,1.44897,2.46094,34.4864,13.6505,18,474.861,474.268,24.2711,26.0634,30,25.807,25.8684,17.0151,-30,-30,24.2736,300,19.4801,101.697,100.946,NA
125,1743537306,10097.5,20250401 14:55:05,14:55:05,5,3993_mai_orange,albert,1743537298,0.000294501,0.294500532,0.130348048,199.7524,177.2785943,15.77221432,17.77167557,0.013263152,2.726794165,0.013227416,0.008270338,77.8857277,25.62271377,25.62271377,3.29965763,42.56808019,1.370819259,3.220298526,1.928838372,-12.98747348,-60.21704137,-4.690866736,-0.009653887,0.16031462,0.28912345,0.130348048,203.0836153,202.9201879,0.000989367,65.25891822,0.294500532,15.06541014,15.41331394,3.63E-06,116.5263916,1,0,1,0,47248,436.9587333,358.9616089,0.821500022,0.178245042,6,0.5,0: Broadleaf,2,TRUE,1743537298,199.7524,200.0140667,15.40791333,15.06633,199.9504,15.34091333,500.0279,88.86850333,0.100017527,25.21309333,25.01562333,999.9,0,0,9999.511333,0,136.9663,-0.178875267,202.964,203.0737667,0.3488466,200.0140667,15.06633,1.369922667,1.338922,11.58874667,11.24302333,299.9924333,0.8999987,0.10000129,0,2.0994,0,2048.100667,2534.595667,36.7998,39.89973333,38.34973333,39.48313333,37.02466667,269.9926667,29.99966667,0,1743537306,0,1743537323,14:55:22,1743537321,1743537323,29,-0.083,-0.002,-0.198,0.067,200,15,0.37,0.14,-0.149255528,-0.496749153,0.064591872,1,2.076729412,0.545561494,0.156608349,-1,0.348920976,-0.0003397,0.000478629,1,2,2,2-Feb,3.13071,2.77771,0.0462988,0.0465072,0.0775595,0.0766352,28834.7,27935.4,30765.3,29539.3,39161.1,35874.9,47053,43877.7,1.85287,1.902,0.0590086,0,24.051,999.9,33.7,29.1,15.3371,64.3168,21.7508,1,-0.0712093,0.0537827,20.2626,5.23915,11.9709,4.97305,3.291,9999,9999,9999,999.9,4.97275,1.87671,1.87483,1.87759,1.87439,1.878,1.87511,1.87622,0,0,0,0,11111111,oooooooo,on,on,on,on,0,100,100,-0.198,0.067,-0.229483012,0.00067337,-5.61E-07,2.77E-10,-0.045598249,-0.000554366,0.000592956,-3.10E-06,0,2134,1,26,1.3,1.2,0.623779,2.52075,1.39893,2.35718,1.44897,2.50122,34.5092,13.6417,18,474.455,474.086,24.1319,26.0788,30.0001,25.8179,25.8794,12.5372,-30,-30,24.1256,200,19.4801,101.694,100.941,NA
126,1743537391,10183,20250401 14:56:31,14:56:31,5,3993_mai_orange,albert,1743537383,0.000297373,0.297372554,-0.134933161,100.2081,112.5155736,10.0094257,8.914548446,0.013461308,2.726024113,0.013424488,0.008393605,77.38690249,25.55946972,25.55946972,3.287294433,42.63895784,1.36825271,3.208926247,1.919041724,-13.11412963,-59.63803344,-4.644210046,-0.009470624,-0.207472263,0.29037697,-0.134933161,101.4864498,101.6825212,-0.006787767,65.12213107,0.297372554,15.03486626,15.38605879,2.02E-05,118.311088,1,0,1,0,47366,434.1593667,356.6620058,0.821500198,0.178245383,6,0.5,0: Broadleaf,2,TRUE,1743537383,100.2081,99.99404667,15.38047667,15.03737667,100.4671,15.31247667,499.9898,88.86037667,0.099981287,25.15367333,25.00083667,999.9,0,0,9995.834667,0,134.1453667,0.223055263,101.7830333,101.5206333,0.347088067,99.99404667,15.03737667,1.367069333,1.336226333,11.5572,11.21264333,300.014,0.899987,0.100013,0,2.04209,0,2056.692,2534.766333,35.67693333,38.2622,37.0769,37.2122,35.8123,270.0083333,30.00533333,0,1743537392,0,1743537409,14:56:49,1743537404,1743537409,30,-0.008,0.001,-0.259,0.068,100,15,0.33,0.22,0.243743903,-0.415521631,0.15752836,1,2.048617647,0.033934301,0.160492242,-1,0.346311775,0.026991749,0.00324975,1,2,2,2-Feb,3.1309,2.77779,0.024573,0.0245964,0.077453,0.0765125,29490.6,28575.8,30764.3,29537.7,39163,35876.5,47051.6,43875.6,1.85345,1.90112,0.0523403,0,24.1544,999.9,33.6,29.1,15.2964,64.0568,21.5545,1,-0.0694055,-0.175602,20.2624,5.23915,11.9697,4.97265,3.291,9999,9999,9999,999.9,4.97275,1.87683,1.87485,1.87759,1.87441,1.87805,1.87515,1.87622,0,0,0,0,11111111,oooooooo,on,on,on,on,0,100,100,-0.259,0.068,-0.31235585,0.00067337,-5.61E-07,2.77E-10,-0.04743867,-0.000554366,0.000592956,-3.10E-06,0,2134,1,26,1.2,1.1,0.390625,2.55371,1.39893,2.3584,1.44897,2.49268,34.5549,13.5979,18,474.862,473.648,24.1922,26.0986,30,25.8328,25.8946,7.85946,-30,-30,24.1712,100,19.4801,101.691,100.936,NA
127,1743537479,10271,20250401 14:57:59,14:57:59,5,3993_mai_orange,albert,1743537471,0.000286485,0.286485144,-0.400068452,50.34495806,97.00626468,8.628514468,4.478083972,0.013023972,2.727234692,0.012989517,0.008121536,77.69289591,25.50582408,25.50582408,3.276839311,42.72611461,1.366283942,3.197772496,1.91055537,-12.63399484,-60.37196504,-4.696628882,-0.009692848,-0.252612893,0.283005458,-0.400068452,50.75261269,51.24364667,-0.000778289,65.12538283,0.286485144,15.02785824,15.36634788,8.12E-07,118.2589687,1,0,1,0,47284,435.8782258,358.0738493,0.82149974,0.178244499,6,0.5,0: Broadleaf,2,TRUE,1743537471,50.34495806,50.05892258,15.36047742,15.02609032,50.75495806,15.29347742,500.0043871,88.84803871,0.099974052,25.09521613,24.97293871,999.9,0,0,10004.44194,0,135.8713871,0.407931968,51.25443548,50.82258065,0.340053258,50.05892258,15.02609032,1.365251613,1.335039677,11.53708387,11.19921935,300.0068387,0.900014613,0.099985361,0,2.085264516,0,2071.812581,2534.728387,36.2033871,39.22958065,37.16909677,38.21751613,36.1066129,270.0112903,29.99548387,0,1743537480,0,1743537496,14:58:16,1743537495,1743537496,31,-0.122,0,-0.41,0.067,50,15,0.24,0.1,0.444124675,-0.289719794,0.110735626,1,2.084882353,-0.185943468,0.189320005,-1,0.3399684,-0.001487595,0.000834057,1,2,2,2-Feb,3.13078,2.77758,0.0126611,0.0125268,0.0773637,0.0764687,29848.9,28929.1,30762.4,29537.4,39163.7,35877,47048.9,43875.2,1.85275,1.9005,0.0490993,0,24.1615,999.9,33.6,29.1,15.296,64.3168,21.7388,1,-0.0678049,-0.137347,20.2642,5.23945,11.9718,4.973,3.291,9999,9999,9999,999.9,4.97275,1.87679,1.87485,1.8776,1.8744,1.87804,1.87514,1.87622,0,0,0,0,11111111,oooooooo,on,on,on,on,0,100,100,-0.41,0.067,-0.320867649,0.00067337,-5.61E-07,2.77E-10,-0.046464166,-0.000554366,0.000592956,-3.10E-06,0,2134,1,26,1.2,1.2,0.273438,2.57202,1.39893,2.35718,1.44897,2.49634,34.5777,13.6154,18,474.595,473.372,24.1974,26.1184,30.0004,25.8485,25.9098,5.49971,-30,-30,24.2157,50,19.4801,101.685,100.935,NA
128,1743537576,10368,20250401 14:59:36,14:59:36,5,3993_mai_orange,albert,1743537568,0.000293795,0.293794819,1.033765806,398.763871,262.6256257,23.36294396,35.47368215,0.013322341,2.726814926,0.013286286,0.00830716,77.54629537,25.5368061,25.5368061,3.282873918,42.66745362,1.367165618,3.204235319,1.9157083,-12.95635151,-59.9346543,-4.664847545,-0.009557985,0.896522654,0.29005831,1.033765806,406.0286562,404.7720667,-0.000622945,65.1343459,0.293794819,15.02230143,15.36957515,-1.46E-05,118.1171321,0,0,1,0,47191,435.0540323,357.3969338,0.821500106,0.178245205,6,0.5,0: Broadleaf,2,TRUE,1743537568,398.763871,399.9785484,15.36847097,15.02573548,398.797871,15.30147097,499.9783871,88.85915806,0.099959684,25.12910968,24.98981935,999.9,0,0,10000.68677,0,135.0751613,-1.426524516,404.775,406.0802258,0.348430903,399.9785484,15.02573548,1.366134839,1.335172903,11.54687419,11.20074194,299.978871,0.89999,0.10001,0,2.046229032,0,2027.462581,2534.471935,36.17512903,40.32229032,37.86464516,39.84854839,36.75593548,269.9787097,30,0,1743537576,0,1743537597,14:59:57,1743537597,1743537593,32,0.211,0,-0.034,0.067,400,15,0.17,0.11,-1.43961625,0.419296548,0.058201585,1,2.036961765,-0.128267374,0.174098365,-1,0.3485654,-0.000685936,0.000736178,1,2,2,2-Feb,3.13085,2.77786,0.0815773,0.0821918,0.0773931,0.0764584,27765,26887.6,30762.3,29537.2,39167.2,35881.9,47048.6,43874.7,1.85338,1.90088,0.0553131,0,24.0919,999.9,33.5,29.1,15.2494,64.1567,21.7428,1,-0.0664863,-0.260193,20.2643,5.23796,11.973,4.9728,3.291,9999,9999,9999,999.9,4.97276,1.87682,1.87486,1.87767,1.87443,1.87805,1.87515,1.87625,0,0,0,0,11111111,oooooooo,on,on,on,on,0,100,100,-0.034,0.067,-0.442741704,0.00067337,-5.61E-07,2.77E-10,-0.046564102,-0.000554366,0.000592956,-3.10E-06,0,2134,1,26,1.4,1.3,1.06201,2.52563,1.39893,2.35718,1.44897,2.55371,34.6006,13.6067,18,475.016,473.726,24.4715,26.1316,30.0002,25.8616,25.9229,21.3023,-30,-30,24.4715,400,19.4801,101.685,100.934,NA
129,1743537658,10450,20250401 15:00:58,15:00:58,5,3993_mai_orange,albert,1743537650,0.000293135,0.293134984,0.875216755,398.8484839,280.8970649,24.98616321,35.478097,0.013254255,2.726924448,0.013218569,0.008264804,77.31149394,25.54912401,25.54912401,3.285275868,42.54175665,1.364245452,3.206838551,1.921030416,-12.9272528,-59.74335962,-4.650378667,-0.009497147,0.838557375,0.288194145,0.875216755,406.1166113,405.0516848,-0.000287411,65.26695695,0.293134984,14.99479592,15.34124,-8.62E-06,116.4094089,0,0,1,0,47243,433.7385484,356.3160965,0.821499721,0.178244461,6,0.5,0: Broadleaf,2,TRUE,1743537650,398.8484839,399.9927097,15.33699032,14.99645484,398.8874839,15.26999032,499.9903871,88.85136774,0.099946932,25.14274516,24.9812,999.9,0,0,10002.21677,0,133.779871,-1.140216774,405.0670968,406.0826452,0.345582129,399.9927097,14.99645484,1.363160323,1.332455806,11.51391613,11.17002581,299.9586774,0.900009839,0.099990103,0,1.978967742,0,2025.172581,2534.317097,36.55219355,40.87687097,38.26987097,40.78209677,37.19519355,269.9658065,29.99,0,1743537659,0,1743537676,15:01:15,1743537674,1743537676,33,-0.005,0,-0.039,0.067,400,15,0.23,0.18,-1.138539268,-0.09265777,0.054957605,1,2.003020588,-0.212325437,0.16494738,-1,0.345400268,0.005052188,0.001002775,1,2,2,2-Feb,3.13092,2.77786,0.0815585,0.0821758,0.077263,0.0763375,27764.4,26887,30761,29536.1,39171.5,35885.2,47047,43873,1.85347,1.90058,0.0579208,0,24.0343,999.9,33.5,29.2,15.3427,64.3567,21.5986,1,-0.0663516,-0.268088,20.2641,5.23811,11.9718,4.97305,3.291,9999,9999,9999,999.9,4.97276,1.87682,1.87486,1.87768,1.87442,1.87805,1.87515,1.8763,0,0,0,0,11111111,oooooooo,on,on,on,on,0,100,100,-0.039,0.067,-0.231732737,0.00067337,-5.61E-07,2.77E-10,-0.046717862,-0.000554366,0.000592956,-3.10E-06,0,2134,1,26,1,1.1,1.06201,2.5293,1.39893,2.3584,1.44897,2.56714,34.6006,13.5979,18,475.129,473.587,24.4449,26.136,30,25.8703,25.9294,21.2899,-30,-30,24.4525,400,19.4801,101.681,100.93,NA
130,1743537749,10540.5,20250401 15:02:28,15:02:28,5,3993_mai_orange,albert,1743537741,0.000296612,0.296611793,1.310485601,598.1966774,422.444689,37.56816975,53.19786212,0.013339299,2.725772143,0.013303139,0.008317702,77.79173644,25.58817542,25.58817542,3.292900914,42.37770237,1.361968879,3.213880893,1.930932034,-13.08058006,-60.04327567,-4.677483984,-0.009603271,1.350066174,0.291995054,1.310485601,609.192164,607.4984121,0.0207941,65.26991186,0.296611793,14.96652798,15.31709576,-8.93E-06,116.3632594,0,0,1,0,47189,436.4303548,358.5276442,0.821500247,0.178245476,6,0.5,0: Broadleaf,2,TRUE,1743537741,598.1966774,600.0264194,15.315,14.96996129,598.0526774,15.248,499.9841613,88.83043871,0.099948445,25.17958387,24.99741935,999.9,0,0,9997.700968,0,136.4079032,-1.949083226,607.3824516,609.1453226,0.350031129,600.0264194,14.96996129,1.36088129,1.329788065,11.48864194,11.13982258,300.0224516,0.899992258,0.100007742,0,2.039735484,0,2023.563871,2534.84129,37.10454839,41.31206452,38.63493548,41.48164516,37.59648387,270.0174194,30.00741935,0,1743537749,0,1743537769,15:02:48,1743537769,1743537766,34,0.119,0,0.144,0.067,600,15,0.41,0.1,-1.978480244,0.489270105,0.073544369,1,2.032661765,-0.111298699,0.139064122,-1,0.349627317,0.007241833,0.001072045,1,2,2,2-Feb,3.13085,2.77777,0.109631,0.110503,0.0771617,0.0762174,26916.5,26058.2,30761.8,29537.2,39179.1,35893.5,47048.4,43874.9,1.85327,1.90052,0.0613332,0,23.9941,999.9,33.3,29.2,15.2514,64.1767,21.6907,1,-0.06625,-0.181084,20.2645,5.23796,11.9713,4.97245,3.291,9999,9999,9999,999.9,4.97275,1.87684,1.87487,1.87775,1.87446,1.87805,1.87516,1.87633,0,0,0,0,11111111,oooooooo,on,on,on,on,0,100,100,0.144,0.067,-0.236566135,0.00067337,-5.61E-07,2.77E-10,-0.046437641,-0.000554366,0.000592956,-3.10E-06,0,2134,1,26,1.2,1.2,1.46484,2.52563,1.39893,2.35718,1.44897,2.50122,34.6235,13.5366,18,475.037,473.592,24.3666,26.136,30.0001,25.8725,25.9338,29.3415,-30,-30,24.3698,600,19.4801,101.684,100.934,NA
131,1743537843,10635,20250401 15:04:03,15:04:03,5,3993_mai_orange,albert,1743537835,0.000297737,0.297737144,1.477518473,797.8267,595.1072251,52.91940917,70.94606787,0.013329158,2.726614669,0.013293064,0.0083114,77.61093434,25.61274214,25.61274214,3.297705645,42.19249501,1.35812889,3.218887363,1.939576755,-13.13020803,-59.82966599,-4.660591125,-0.009530808,1.605129852,0.294222566,1.477518473,812.1665844,810.3697758,-0.000657564,65.19092308,0.297737144,14.921731,15.27365455,-1.16E-05,117.2302059,0,0,1,0,47301,435.418,357.6958108,0.821499825,0.178244662,6,0.5,0: Broadleaf,2,TRUE,1743537835,797.8267,800.0345333,15.27289,14.92521667,797.7777,15.20589,500.002,88.82418333,0.099975097,25.20573,25.01538,999.9,0,0,10003.43,0,135.4259667,-2.053898667,810.3608333,812.156,0.352162433,800.0345333,14.92521667,1.357,1.325721333,11.44549333,11.09365333,299.9920333,0.900011033,0.099988953,0,2.02586,0,2020.397333,2534.601,37.74353333,41.29556667,38.98516667,41.4476,37.84356667,269.996,29.99566667,0,1743537843,0,1743537862,15:04:22,1743537862,1743537861,35,-0.155,0.001,0.049,0.067,800,15,0.34,0.09,-2.076482,0.398810206,0.064360426,1,2.014664706,0.106450727,0.176863533,-1,0.3518826,0.005860841,0.00067933,1,2,2,2-Feb,3.13083,2.77765,0.133365,0.134428,0.0770065,0.0760522,26199.6,25356.8,30762.5,29536.7,39188.3,35901.2,47049.3,43874.3,1.85328,1.9009,0.0625253,0,23.9893,999.9,33.2,29.2,15.2062,64.0367,21.6266,1,-0.0669004,-0.0604902,20.2626,5.23571,11.9686,4.9732,3.291,9999,9999,9999,999.9,4.97276,1.87677,1.87485,1.87763,1.8744,1.87804,1.87514,1.87624,0,0,0,0,11111111,oooooooo,on,on,on,on,0,100,100,0.049,0.067,-0.117607489,0.00067337,-5.61E-07,2.77E-10,-0.046293534,-0.000554366,0.000592956,-3.10E-06,0,2134,1,26,1.2,1.3,1.84326,2.51343,1.39893,2.35718,1.44897,2.57202,34.6463,13.5279,18,475.044,473.853,24.2775,26.1339,30,25.8735,25.936,36.9188,-30,-30,24.2593,800,19.4801,101.686,100.933,NA
132,1743537939,10731,20250401 15:05:39,15:05:39,5,3993_mai_orange,albert,1743537931,0.000293057,0.293056862,1.810765202,997.5023226,745.4560407,66.28607591,88.69807347,0.013146132,2.72657912,0.013111021,0.008197535,77.68264849,25.57606787,25.57606787,3.290535181,42.18906316,1.354913592,3.211528039,1.935621589,-12.92380761,-60.08933957,-4.67911284,-0.009611531,1.804010819,0.291012945,1.810765202,1015.197592,1012.989576,0.000504285,65.20814636,0.293056862,14.8908865,15.23753697,-4.27E-05,116.9577508,0,0,1,0,47243,435.819129,358.0254496,0.821500081,0.178245156,6,0.5,0: Broadleaf,2,TRUE,1743537931,997.5023226,1000.015355,15.23741613,14.89353871,997.4013226,15.17041613,500.0246774,88.82015806,0.100009303,25.16728387,25.00695484,999.9,0,0,10003.67129,0,135.8342581,-2.498051613,1012.956129,1015.134516,0.348558903,1000.015355,14.89353871,1.353805161,1.322846774,11.40986774,11.06096774,299.984871,0.899993677,0.100006316,0,1.983158065,0,2010.010968,2534.525484,36.45945161,38.64083871,37.22364516,37.72158065,36.16306452,269.983871,30,0,1743537939,0,1743537956,15:05:56,1743537955,1743537956,36,-0.015,0,0.101,0.067,1000,15,0.55,0.12,-2.52500175,0.424938799,0.071826361,1,2.022511765,-0.227468297,0.155939569,-1,0.347940625,0.011575418,0.002315701,1,2,2,2-Feb,3.13094,2.7777,0.154143,0.155381,0.0768541,0.0759326,25570.4,24742.9,30761.2,29536.5,39194.9,35907.5,47047.6,43874.5,1.85325,1.90128,0.0543222,0,24.1001,999.9,33.1,29.2,15.1635,64.0367,21.5104,1,-0.0658562,0.127958,20.2628,5.23646,11.9692,4.97225,3.291,9999,9999,9999,999.9,4.97275,1.87681,1.87485,1.87764,1.8744,1.87805,1.87514,1.87624,0,0,0,0,11111111,oooooooo,on,on,on,on,0,100,100,0.101,0.067,-0.272135706,0.00067337,-5.61E-07,2.77E-10,-0.045557126,-0.000554366,0.000592956,-3.10E-06,0,2134,1,26,1.3,1.3,2.20337,2.51099,1.39893,2.35718,1.44897,2.60132,34.6921,13.5016,18,475.067,474.152,23.9352,26.14,30.0002,25.8791,25.9425,44.1124,-30,-30,23.9373,1000,19.4801,101.682,100.933,NA
133,1743538030,10821.5,20250401 15:07:09,15:07:09,5,3993_mai_orange,albert,1743538022,0.000289349,0.289349224,1.92116286,1197.297667,923.9618712,82.13150552,106.4284826,0.013071914,2.724909329,0.013037176,0.008151348,77.72037429,25.48045633,25.48045633,3.271905457,42.29087285,1.350346857,3.192998313,1.9215586,-12.76030079,-60.27764812,-4.692102836,-0.009677451,1.92863302,0.287040289,1.92116286,1218.160647,1215.690424,0.02787109,65.20516834,0.289349224,14.84921221,15.19132242,-2.13E-05,117.0011043,0,0,1,0,47240,436.0323333,358.2004536,0.821499752,0.178244521,6,0.5,0: Broadleaf,2,TRUE,1743538022,1197.297667,1200.024333,15.19111333,14.85191,1196.952667,15.12211333,500.0183667,88.79052,0.1000588,25.07014,24.95289,999.9,0,0,9997.049333,0,136.0076667,-2.882279667,1215.610667,1218.115333,0.341497667,1200.024333,14.85191,1.349032,1.318708667,11.35652667,11.01379333,300.0246667,0.9000124,0.099987577,0,2.027943333,0,2005.365333,2534.878,36.24973333,38.84546667,36.933,37.729,35.94146667,270.0256667,29.99733333,0,1743538030,0,1743538048,15:07:27,1743538048,1743538048,37,0.155,0.003,0.345,0.069,1200,15,0.9,0.16,-2.904517561,0.39120899,0.077150947,1,2.039741176,-0.082606571,0.170046093,-1,0.341399122,0.00176308,0.00074001,1,2,2,2-Feb,3.13096,2.77772,0.172788,0.174173,0.0766714,0.0757613,25006.3,24191.7,30760.6,29535.5,39203.3,35914.4,47046.6,43873,1.8537,1.90042,0.0517219,0,24.1082,999.9,33,29.3,15.208,64.0367,21.4824,1,-0.0653506,-0.428483,20.2637,5.23526,11.971,4.97345,3.291,9999,9999,9999,999.9,4.97275,1.87683,1.87487,1.87773,1.8745,1.87805,1.87515,1.8763,0,0,0,0,11111111,oooooooo,on,on,on,on,0,100,100,0.345,0.069,-0.288019448,0.00067337,-5.61E-07,2.77E-10,-0.045213234,-0.000554366,0.000592956,-3.10E-06,0,2134,1,26,1.2,1.2,2.54761,2.50854,1.39893,2.3584,1.44897,2.59399,34.715,13.4841,18,475.352,473.638,24.5369,26.1449,30,25.8856,25.9469,50.9854,-30,-30,24.5551,1200,19.4801,101.68,100.929,NA
134,1743538121,10913,20250401 15:08:41,15:08:41,5,3993_mai_orange,albert,1743538113,0.000283438,0.283437748,2.429229892,1496.934,1143.310361,101.6328012,133.0676262,0.012712372,2.72517592,0.012679519,0.007927644,77.76311669,25.53553631,25.53553631,3.282626401,42.06038341,1.347251927,3.203137531,1.935374474,-12.49960469,-60.55730313,-4.715977944,-0.009769071,2.118350045,0.282283895,2.429229892,1522.534101,1519.577879,-0.000559959,65.39094554,0.283437748,14.81902792,15.15423758,-3.04E-05,114.174868,0,0,1,0,47250,436.2740667,358.3988586,0.821499342,0.178243729,6,0.5,0: Broadleaf,2,TRUE,1743538113,1496.934,1499.983,15.15580667,14.82221,1495.942,15.08680667,500.0151667,88.79342667,0.100022317,25.12335667,24.99364667,999.9,0,0,9998.312,0,136.2724333,-3.495801667,1519.524,1522.550333,0.338182033,1499.983,14.82221,1.346143333,1.316114,11.32418667,10.98417,300.0016333,0.900036233,0.099963717,0,2.037693333,0,2003.229,2534.702,36.42063333,39.98723333,37.56833333,39.32896667,36.54346667,270.0116667,29.98666667,0,1743538122,0,1743538144,15:09:04,1743538144,1743538139,38,0.443,0,0.992,0.069,1500,15,0.53,0.17,-3.514539,0.307483902,0.086029973,1,2.031523529,-0.005864014,0.173277751,-1,0.338569925,-0.007264987,0.001042387,1,2,2,2-Feb,3.13099,2.7776,0.197757,0.199369,0.0765288,0.0756392,24252.3,23452.7,30761.2,29534.1,39212.6,35919.7,47048.2,43871.5,1.85403,1.90135,0.0600517,0,24.011,999.9,32.9,29.3,15.1639,64.2266,21.4343,1,-0.0650076,-0.535618,20.2632,5.24035,11.9686,4.9733,3.291,9999,9999,9999,999.9,4.97276,1.87683,1.87487,1.87773,1.87449,1.87808,1.87515,1.87633,0,0,0,0,11111111,oooooooo,on,on,on,on,0,100,100,0.992,0.069,-0.133579427,0.00067337,-5.61E-07,2.77E-10,-0.04237457,-0.000554366,0.000592956,-3.10E-06,0,2134,1,26,1.2,1.2,3.03589,2.5061,1.39893,2.3584,1.44897,2.54883,34.715,13.4403,18,475.54,474.256,24.9202,26.1427,30.0001,25.8878,25.9491,60.7653,-30,-30,24.9191,1500,19.4801,101.683,100.925,NA