obs,time,elapsed,date,hhmmss,averaging,machine,id,TIME,E,Emm,A,Ca,Ci,Pci,Pca,gsw,gbw,gtw,gtc,Rabs,TleafEB,TleafCnd,SVPleaf,RHcham,VPcham,SVPcham,VPDleaf,LatHFlux,SenHFlux,NetTherm,EBSum,Leak,LeakPct,CorrFact,CorrFactPct,Fan,Qin,Qabs,alpha,convert,S,K,Geometry,Custom,TIME,CO2_s,CO2_r,H2O_s,H2O_r,CO2_a,H2O_a,Flow,Pa,ΔPcham,Tair,Tleaf,Tleaf2,Offset,Offset2,Fan_speed,Qamb_in,Qamb_out,ΔCO2,CO2_s_d,CO2_r_d,ΔH2O,CO2_b,H2O_b,e_s,e_r,Td_s,Td_r,Q,f_red,f_blue,f_farred,F,Q_modavg,F_dc,Pc,Tled,TDigital,TPreamp,TPwrSpy,TDrive,Q_red,Q_blue,Q_farred,TSPF,state,time,hhmmss,co2_t,h2o_t,count,co2_adj,h2o_adj,co2_match,h2o_match,co2_at,h2o_at,co2_cv,h2o_cv,ΔCO2:MN,ΔCO2:SLP,ΔCO2:SD,ΔCO2:OK,ΔH2O:MN,ΔH2O:SLP,ΔH2O:SD,ΔH2O:OK,Stable,Total,State,Vflow,VPchamber,abs_c_a,abs_c_b,abs_h_a,abs_h_b,Wc_s,Wc_r,Wco_s,Wco_r,Ww_s,Ww_r,Wwo_s,Wwo_r,Flow_s_v,Flow_r_v,Tleaf_mv,Tleaf2_mv,Tleaf_j,Tleaf2_j,Console_RH,Console_T,Console_H2O,Fan_%,Flow_%,Pump,Tchp_pwm,Txchg_pwm,diag_20v,diag_5_4v,diag_12v,diag_5va,diag_3_3vf,AccCO2_soda,AccH2O_hum,CO2_hrs,AccH2O_des,ADC_CH1,ADC_CH2,ADC_CH3,ADC_CH4,ADC_CH5,ADC_CH6,ADC_CH7,ADC_CH8,DAC_1,DAC_2,DAC_3,DAC_4,GPIO,GPIO_dir,excit_5v,power_12v,power_5v,ch1_pullup,AuxPower,MatchValveR,MatchValveS,MatchCO2,MatchH2O,cf_co2_a,cf_co2_b,cf_co2_c,cf_co2_d,cf_h2o_a,cf_h2o_b,cf_h2o_c,cf_h2o_d,co2_fit_low,co2_fit_high,h2o_fit_low,h2o_fit_high,co2_elapsed,h2o_elapsed,CO2_f,CO2_f_s,Pump_f,Pump_f_s,Pump_p,Pump_p_s,Tboard,V_system,DIAG,Flow_s,Flow_r,Txchg,Tirga,Tchopper,Ts,Tr,CO2_%,Desiccant_%,Humidifier_%,Txchg_sp,CO2_r_sp,H2O_r_sp,SS_s,SS_r,NA
1,1743783502,0,20250404 11:18:22,11:18:22,5,gibson,5077_mai_yellowblue,1743783494,0.000177203,0.177202973,1.239424688,398.4438125,147.6841501,13.34586823,36.00642732,0.008228717,2.752035943,0.008215073,0.005135644,49.61891967,25.7862204,25.7862204,3.331808993,43.71078867,1.433936215,3.280508677,1.897872778,-7.814651115,-38.80583254,-3.002378932,-0.003942911,0,0,1,0,47964,300.0085,252.9074317,0.843000887,0.165391713,6,0.5,0: Broadleaf,2,1743783494,398.4438125,400.01575,15.86780625,15.65855,393.3478125,15.80680625,500.031375,90.26764375,0.099997031,25.52466875,24.9863625,999.9,0,0,9993.320625,0,196.3189375,-1.07767375,405.3891875,406.379125,0.254557688,400.01575,15.65855,1.436439375,1.413460625,12.30785,12.0628125,300.0085,0.8999795,0.100020506,0,2.64284375,0,1742.224375,2670.0125,35.394375,39.5659375,37.683125,38.875,36.187,270.00125,30.01,0,1743783503,0,1743783521,11:18:41,1743783521,1743783520,1,-0.499,-0.042,5.096,0.061,400,16,0.62,0.09,-1.066175714,-0.015414078,0.044576934,1,0.25434081,0.005409974,0.001257481,1,2,2,2-Feb,3.12446,2.72334,0.0858796,0.0869445,0.0761588,0.0753865,24636.9,22337.6,24090.2,23808.6,37919.7,36396.5,43412.8,42403.8,1.87418,1.87348,0.110321,0,23.1826,999.9,42.01,25.639,15.3717,54.1955,44.4431,1,-0.175145,-1.08603,20.2525,5.23481,11.9918,4.9572,3.304,9999,9999,999.9,9999,1.86829,1.86396,1.87164,1.86236,1.86182,1.86829,1.85845,1.86493,5,0,0,0,11111111,oooooooo,off,off,off,off,0,100,100,5.096,0.061,4.209548368,0.004507312,-2.84E-06,7.75E-10,0.025311425,-0.005433597,0.000660104,4.95E-07,1,2226,1,22,1131.8,1131.8,1.0022,2.37671,1.49902,2.34253,1.54419,2.22412,30.7388,16.0846,18,498.184,445.074,26.1132,25.179,30.0003,25.0506,25.0753,20.0893,-30,-30,26.1183,400,0,97.3137,98.8699,NA
2,1743783600,98,20250404 11:20:00,11:20:00,5,gibson,5077_mai_yellowblue,1743783592,0.000181466,0.181465768,0.753221523,298.9455,148.2026602,13.39676823,27.02315581,0.008437678,2.753084652,0.008423338,0.005265872,49.61563464,25.80775233,25.80775233,3.336063279,43.83962369,1.440113175,3.284957886,1.895950104,-8.002640351,-38.6286976,-2.988201298,-0.003904606,0,0,1,0,47752,299.9879375,252.8901576,0.843001088,0.165392099,6,0.5,0: Broadleaf,2,1743783592,298.9455,299.9143125,15.93135,15.71709375,294.3235,15.87235,500.078125,90.29485,0.100074181,25.54749375,25.00896875,999.9,0,0,9996.5175,0,194.219375,-0.7796745,303.97925,304.703375,0.220114313,299.9143125,15.71709375,1.4390475,1.419173125,12.3354625,12.12405,299.9879375,0.899973625,0.100026381,0,2.7031125,0,1740.205,2669.824375,35.437,39.625,37.687,38.878875,36.194875,269.98125,30.01,0,1743783601,0,1743783631,11:20:31,1743783631,1743783624,2,-0.19,-0.003,4.622,0.059,299,16,0.41,0.11,-0.700286714,-0.017664623,0.302035097,1,0.218719429,0.021122571,0.002262806,1,2,2,2-Feb,3.12424,2.7232,0.0681515,0.0694725,0.076392,0.0755756,25107.6,22760.7,24083.5,23804.2,37898.5,36381.4,43401.4,42396.4,1.87363,1.87535,0.11079,0,23.1903,999.9,42.083,25.7,15.4533,54.6555,44.5593,1,-0.171791,-0.95695,20.2534,5.23436,11.9914,4.9574,3.304,9999,9999,999.9,9999,1.86829,1.86397,1.87164,1.86234,1.8618,1.86829,1.85843,1.86494,5,0,0,0,11111111,oooooooo,off,off,off,off,0,100,100,4.622,0.059,3.710665535,0.004507312,-2.84E-06,7.75E-10,-0.017179335,-0.005433597,0.000660104,4.95E-07,1,2226,1,22,1.3,1.3,0.800781,2.37427,1.49902,2.34253,1.54419,2.20947,30.8037,16.0758,18,497.993,446.332,26.0583,25.1854,30.0003,25.0674,25.0921,16.0526,-30,-30,26.0532,300,0,97.2876,98.8524,NA
3,1743783710,208,20250404 11:21:50,11:21:50,5,gibson,5077_mai_yellowblue,1743783702,0.000180489,0.180489362,0.349836108,199.5171875,127.3342238,11.5067965,18.0297457,0.008420483,2.752732825,0.008406199,0.005255156,49.62094878,25.80531131,25.80531131,3.335580743,44.04601225,1.446654574,3.284416682,1.888926169,-7.959580884,-38.67332494,-2.991957523,-0.003914564,0,0,1,0,47883,300.02125,252.9181387,0.84300075,0.165391447,6,0.5,0: Broadleaf,2,1743783702,199.5171875,199.9801875,16.00868125,15.79556875,195.2981875,15.94768125,500.0175,90.2668875,0.099992275,25.54471875,25.0054125,999.9,0,0,9997.530625,0,199.737375,-0.383664125,202.84425,203.1896875,0.21562325,199.9801875,15.79556875,1.44528125,1.425816875,12.40124375,12.1950375,300.02125,0.899985375,0.100014625,0,2.7199625,0,1741.043125,2670.13,35.5,39.6715,37.75,38.937,36.25,270.015,30.01,0,1743783711,0,1743783738,11:22:18,1743783738,1743783728,3,-0.08,0.001,4.219,0.061,200,16,0.31,0.11,-0.375314619,-0.036950649,0.020926655,1,0.216390857,-0.011536519,0.001920181,1,2,2,2-Feb,3.12467,2.72326,0.0479557,0.0490317,0.0766633,0.0758665,25648,23260.8,24080,23804.5,37880.4,36368.9,43395.4,42397.1,1.87335,1.8713,0.108369,0,23.2192,999.9,42.156,25.75,15.5277,54.0955,44.1947,1,-0.170645,-1.08016,20.2528,5.23451,11.9912,4.95725,3.304,9999,9999,999.9,9999,1.86829,1.86397,1.87164,1.86234,1.86184,1.86829,1.85847,1.86494,5,0,0,0,11111111,oooooooo,off,off,off,off,0,100,100,4.219,0.061,3.520446782,0.004507312,-2.84E-06,7.75E-10,-0.019705818,-0.005433597,0.000660104,4.95E-07,1,2226,1,22,1.3,1.4,0.592041,2.37915,1.49902,2.34253,1.54419,2.32788,30.8686,16.0671,18,497.998,444.085,25.9588,25.1994,30.0001,25.0882,25.113,11.8947,-30,-30,25.9849,200,0,97.274,98.8537,NA
4,1743783820,318,20250404 11:23:40,11:23:40,5,gibson,5077_mai_yellowblue,1743783812,0.000181371,0.181370653,0.106390152,99.86930667,76.78654308,6.939007159,9.024938566,0.008497424,2.752122168,0.008482875,0.005303102,49.61518195,25.80153433,25.80153433,3.334834239,44.27590232,1.453898448,3.283724039,1.880935791,-7.998445795,-38.63137842,-2.989265457,-0.003907716,0,0,1,0,47831,299.9851333,252.8877994,0.843001107,0.165392136,6,0.5,0: Broadleaf,2,1743783812,99.86930667,100.0187133,16.08873333,15.87458667,96.02830667,16.02873333,499.9918,90.26753333,0.099956607,25.54116667,25.00888667,999.9,0,0,9993.843333,0,199.3171333,-0.1431666,101.5092667,101.6322,0.219606933,100.0187133,15.87458667,1.452780667,1.432958667,12.48006,12.27097333,299.9851333,0.8999748,0.1000252,0,2.6938,0,1748.040667,2669.799333,35.50826667,39.687,37.7996,39,36.312,269.9793333,30.01,0,1743783821,0,1743783840,11:24:00,1743783840,1743783838,4,-0.006,-0.002,3.841,0.06,100,16,0.19,0.17,-0.135976929,-0.084078818,0.025505667,1,0.219719476,-0.001903403,0.001066503,1,2,2,2-Feb,3.12462,2.72335,0.0247692,0.0258183,0.076944,0.0761387,26274.1,23833.8,24081.3,23809.7,37868.7,36364.4,43397.7,42406.5,1.87285,1.8706,0.106849,0,23.2627,999.9,42.26,25.801,15.6117,54.3455,44.2748,1,-0.172393,-0.830839,20.254,5.23406,11.9914,4.95685,3.304,9999,9999,999.9,9999,1.86829,1.8639,1.87164,1.86235,1.86185,1.86829,1.85846,1.86493,5,0,0,0,11111111,oooooooo,off,off,off,off,0,100,100,3.841,0.06,3.439937773,0.004507312,-2.84E-06,7.75E-10,-0.01906738,-0.005433597,0.000660104,4.95E-07,1,2226,1,22,1.4,1.5,0.375977,2.41333,1.49902,2.34131,1.54419,2.21436,30.9119,16.0583,18,497.921,443.89,25.8549,25.2232,30.0001,25.1153,25.1403,7.55289,-30,-30,25.8535,100,0,97.2791,98.8755,NA
5,1743783918,416,20250404 11:25:18,11:25:18,5,gibson,5077_mai_yellowblue,1743783910,0.00018453,0.18452992,-0.132002758,50.14351333,72.38774935,6.542173993,4.531810863,0.008694656,2.752900119,0.008679428,0.005426009,49.62273248,25.78498476,25.78498476,3.331565,44.53496221,1.461045998,3.280671917,1.870519001,-8.137769472,-38.5102732,-2.978570451,-0.003880644,0,0,1,0,48082,300.0329333,252.9279108,0.843000493,0.165390952,6,0.5,0: Broadleaf,2,1743783910,50.14351333,49.99622,16.16616,15.94831333,46.29351333,16.10416,500.0217333,90.27681333,0.099998367,25.52550667,24.98784,999.9,0,0,9997.422,0,199.6439333,-0.0659091,50.75089333,50.80651333,0.220401067,49.99622,15.94831333,1.45966,1.439762667,12.55202,12.34302667,300.0329333,0.899993533,0.100006467,0,2.637353333,0,1755.680667,2670.241333,35.562,39.75,37.812,39.02893333,36.3288,270.0286667,30.00866667,0,1743783919,0,1743783944,11:25:44,1743783944,1743783938,5,0.214,0,3.85,0.062,51,16,0.91,0.09,-0.059049537,-0.09299033,0.028262933,1,0.220577476,-0.002651299,0.001102363,1,2,2,2-Feb,3.12446,2.72314,0.0121311,0.0131144,0.0772266,0.0764001,26612.1,24145.3,24079.1,23810.4,37852.6,36354.3,43393.9,42408,1.8726,1.8698,0.105511,0,23.2504,999.9,42.333,25.851,15.6842,53.9055,44.6234,1,-0.170833,-0.930861,20.2535,5.23481,11.992,4.9572,3.304,9999,9999,999.9,9999,1.86829,1.86397,1.87164,1.86234,1.86186,1.86829,1.85844,1.86493,5,0,0,0,11111111,oooooooo,off,off,off,off,0,100,100,3.85,0.062,3.434155827,0.004507312,-2.84E-06,7.75E-10,-0.021190136,-0.005433597,0.000660104,4.95E-07,1,2226,1,22,1.3,1.3,0.267334,2.43896,1.49902,2.34131,1.54419,2.21802,30.9552,16.0496,18,497.963,443.601,25.8982,25.2448,30.0003,25.1391,25.1633,5.37639,-30,-30,25.9001,50,0,97.2704,98.8789,NA
6,1743784036,534,20250404 11:27:16,11:27:16,5,gibson,5077_mai_yellowblue,1743784028,0.000193436,0.193436424,1.303219738,398.4737333,161.2789151,14.57800986,36.01806231,0.009170579,2.752913657,0.009153641,0.005722545,49.61543654,25.79393245,25.79393245,3.333332197,44.89889547,1.473987599,3.282903919,1.859344598,-8.530546296,-38.13858643,-2.950110145,-0.00380633,0,0,1,0,47964,299.9898,252.8914654,0.843000213,0.165390412,6,0.5,0: Broadleaf,2,1743784028,398.4737333,400.1302,16.30696667,16.07861333,393.2297333,16.23796667,499.9674667,90.29006667,0.099987427,25.53696,25.00064,999.9,0,0,9996.034667,0,199.7194,-1.871663333,404.8596,406.6686667,0.226555067,400.1302,16.07861333,1.472194667,1.451739333,12.6824,12.46910667,299.9898,0.899981133,0.100018867,0,2.704166667,0,1722.819333,2669.846667,35.625,39.7748,37.875,39.062,36.375,269.9846667,30.00066667,0,1743784037,0,1743784056,11:27:36,1743784056,1743784054,6,0.211,0.005,5.244,0.069,400,16,0.51,0.18,-1.9171595,1.453174286,0.542575947,0,0.22705985,-0.02229397,0.002897185,1,1,2,2-Jan,3.12466,2.72327,0.0858295,0.0869426,0.0776889,0.0768724,24620.3,22336.1,24073,23807.3,37831.1,36337.8,43383.8,42403.7,1.87248,1.87007,0.107262,0,23.2289,999.9,42.431,25.911,15.7744,54.3455,44.0986,1,-0.167825,-0.863704,20.2536,5.23526,11.9917,4.9576,3.304,9999,9999,999.9,9999,1.86829,1.86395,1.87164,1.86235,1.86187,1.8683,1.85846,1.86493,5,0,0,0,11111111,oooooooo,off,off,off,off,0,100,100,5.244,0.069,3.647963541,0.004507312,-2.84E-06,7.75E-10,-0.020741231,-0.005433597,0.000660104,4.95E-07,1,2226,1,22,1.5,1.6,1.00098,2.35474,1.49902,2.34131,1.54419,2.37183,31.0202,16.0496,18,498.053,443.936,25.9386,25.2598,30.0003,25.1593,25.1843,20.1032,-30,-30,25.9423,400,0,97.2471,98.868,NA
7,1743784125,623,20250404 11:28:45,11:28:45,5,gibson,5077_mai_yellowblue,1743784117,0.000195894,0.195894012,1.33138173,398.326875,159.8174104,14.44562285,36.00408611,0.009313034,2.75447261,0.009295576,0.005811301,49.61408246,25.8003751,25.8003751,3.33460515,45.07807037,1.480508259,3.284320395,1.854096892,-8.638925916,-38.03806684,-2.940871888,-0.003782185,0,0,1,0,47799,299.981375,252.8843835,0.843000281,0.165390543,6,0.5,0: Broadleaf,2,1743784117,398.326875,400.0181875,16.379425,16.1482,393.093875,16.308425,499.9945,90.28833125,0.099961294,25.544225,25.00090625,999.9,0,0,10005.45938,0,199.7219375,-1.68476875,404.9675625,406.5836875,0.233816563,400.0181875,16.1482,1.479104375,1.45799375,12.75385,12.53460625,299.981375,0.899979563,0.100020438,0,2.7595375,0,1731.12375,2669.771875,35.625,39.812,37.894375,39.0738125,36.386625,269.9775,30.000625,0,1743784126,0,1743784153,11:29:13,1743784153,1743784143,7,-0.011,0.001,5.233,0.071,400,16,0.26,0.14,-1.6905685,0.049109323,0.055948826,1,0.23434185,-0.00790218,0.001348135,1,2,2,2-Feb,3.12469,2.72332,0.08582,0.0869434,0.0779511,0.0771167,24615.3,22333.4,24067.9,23804.5,37813,36324.6,43375.5,42399.6,1.8728,1.86948,0.108976,0,23.2035,999.9,42.504,25.962,15.8492,54.1755,44.2388,1,-0.166042,-0.887356,20.2535,5.23496,11.9911,4.9574,3.304,9999,9999,999.9,9999,1.8683,1.86398,1.87164,1.86236,1.8618,1.8683,1.85843,1.86493,5,0,0,0,11111111,oooooooo,off,off,off,off,0,100,100,5.233,0.071,3.859111169,0.004507312,-2.84E-06,7.75E-10,-0.015513678,-0.005433597,0.000660104,4.95E-07,1,2226,1,22,1.1,1.2,1.00098,2.34131,1.4978,2.34131,1.54419,2.43286,31.0636,16.0496,18,498.313,443.646,25.98,25.266,30.0002,25.1677,25.1927,20.0958,-30,-30,25.9806,400,0,97.2278,98.8576,NA
8,1743784230,728,20250404 11:30:30,11:30:30,5,gibson,5077_mai_yellowblue,1743784222,0.000201278,0.201278332,2.298851304,597.1060625,200.0177968,18.07816594,53.9681101,0.009601971,2.753735385,0.00958341,0.005991296,49.61596271,25.81495659,25.81495659,3.337487759,45.32070691,1.489891328,3.287440619,1.847596431,-8.876374429,-37.81822251,-2.925106753,-0.003740983,0,0,1,0,47870,299.9933125,252.8943981,0.843000119,0.165390229,6,0.5,0: Broadleaf,2,1743784222,597.1060625,600.008875,16.4842375,16.2466875,591.6780625,16.4132375,500.00525,90.28278125,0.100005813,25.56021875,25.00590625,999.9,0,0,10001.7075,0,199.8420625,-2.6488425,607.3751875,609.9181875,0.242591438,600.008875,16.2466875,1.488698125,1.466795625,12.852575,12.626375,299.9933125,0.899985375,0.100014625,0,2.649125,0,1759.104375,2669.8825,35.67925,39.812,37.937,39.1131875,36.433125,269.988125,30,0,1743784231,0,1743784271,11:31:11,1743784271,1743784248,8,-0.26,-0.002,5.428,0.071,600,16,1.17,0.08,-2.653469048,-0.07311039,0.06706201,1,0.242758714,-0.002666104,0.000867848,1,2,2,2-Feb,3.1248,2.72323,0.116166,0.117183,0.0783098,0.0774476,23797.1,21594.7,24066.5,23805.2,37798.5,36315.1,43372.8,42401,1.87293,1.86968,0.108965,0,23.2147,999.9,42.577,26.002,15.9153,54.4455,44.0385,1,-0.165711,-0.907546,20.2531,5.23526,11.992,4.9575,3.304,9999,9999,999.9,9999,1.86829,1.86394,1.87164,1.86235,1.86186,1.86829,1.85842,1.86494,5,0,0,0,11111111,oooooooo,off,off,off,off,0,100,100,5.428,0.071,3.848211064,0.004507312,-2.84E-06,7.75E-10,-0.014793831,-0.005433597,0.000660104,4.95E-07,1,2226,1,22,1.3,1.4,1.38062,2.37061,1.49902,2.34131,1.54419,2.19482,31.107,16.0233,18,498.421,443.817,25.9902,25.266,30.0001,25.1719,25.199,27.6908,-30,-30,25.9867,600,0,97.2219,98.8607,NA
9,1743784350,848,20250404 11:32:30,11:32:30,5,gibson,5077_mai_yellowblue,1743784342,0.000203694,0.203694141,3.112385851,796.080625,268.202002,24.23961529,71.94833723,0.009778671,2.753876733,0.009759421,0.006101365,49.6163922,25.80283311,25.80283311,3.33509092,45.63513141,1.499208337,3.285206573,1.835882583,-8.982911614,-37.72017362,-2.917027904,-0.003720937,0,0,1,0,47931,299.9960625,252.8967032,0.843000075,0.165390145,6,0.5,0: Broadleaf,2,1743784342,796.080625,800.010125,16.5881625,16.34778125,790.545625,16.5091625,499.9938125,90.2782375,0.099966631,25.54876875,24.9937625,999.9,0,0,10003.04813,0,199.659125,-3.70374,809.7361875,813.3059375,0.23732375,800.010125,16.34778125,1.497275,1.475849375,12.94034375,12.7202125,299.9960625,0.89998525,0.10001475,0,2.64561875,0,1809.911875,2669.906875,35.687,39.82775,37.937,39.125,36.437,269.9925,30,0,1743784351,0,1743784381,11:33:01,1743784381,1743784369,9,-0.231,0.006,5.535,0.079,800,16,0.88,0.13,-3.713778095,-0.057615584,0.041623687,1,0.237164762,0.001425506,0.000744007,1,2,2,2-Feb,3.12468,2.72335,0.141875,0.142787,0.0786387,0.0778004,23102.8,20968.9,24063.9,23805.3,37783.2,36304.4,43368.3,42402.4,1.87287,1.86965,0.107925,0,23.2255,999.9,42.65,26.062,15.9997,54.2955,44.1827,1,-0.165653,-0.971874,20.253,5.23466,11.992,4.95585,3.304,9999,9999,999.9,9999,1.86829,1.86397,1.87164,1.86236,1.86187,1.8683,1.85846,1.86493,5,0,0,0,11111111,oooooooo,off,off,off,off,0,100,100,5.535,0.079,3.588293889,0.004507312,-2.84E-06,7.75E-10,-0.016499666,-0.005433597,0.000660104,4.95E-07,1,2226,1,22,1.3,1.7,1.7395,2.31689,1.4978,2.34131,1.54419,2.39746,31.1722,16.0321,18,498.441,443.854,25.9641,25.2682,30,25.1781,25.2054,34.8537,-30,-30,25.9696,800,0,97.2116,98.863,NA
10,1743784473,970.9000001,20250404 11:34:33,11:34:33,5,gibson,5077_mai_yellowblue,1743784465,0.000200062,0.200061762,3.757888485,995.2504667,348.1068407,31.46221606,89.95165148,0.009639279,2.752625212,0.009620565,0.006014531,49.62529644,25.81035479,25.81035479,3.336577796,45.86877971,1.507453099,3.286446923,1.829124697,-8.822723724,-37.87573406,-2.930593929,-0.003755273,0,0,1,0,47914,300.0518667,252.9435776,0.842999513,0.165389061,6,0.5,0: Broadleaf,2,1743784465,995.2504667,999.9986667,16.67888667,16.44282667,989.4314667,16.59788667,500.0210667,90.28094,0.099978667,25.55512667,24.995,999.9,0,0,9995.337333,0,199.8689333,-4.777840667,1012.104667,1016.718,0.2389172,999.9986667,16.44282667,1.506042,1.484474667,13.02965333,12.80917333,300.0518667,0.900006,0.099994,0,2.687066667,0,1872.069333,2670.422,35.7164,39.875,37.9664,39.125,36.4664,270.0486667,30,0,1743784474,0,1743784495,11:34:55,1743784495,1743784491,10,0.024,0,5.819,0.081,1000,16,0.42,0.09,-4.790135714,-0.02961974,0.064703961,1,0.238812143,0.004514961,0.000936072,1,2,2,2-Feb,3.12454,2.72336,0.164476,0.165316,0.0789645,0.078134,22492.8,20419.4,24061.8,23806.7,37769.1,36295.3,43365.4,42405.1,1.87305,1.86963,0.108037,0,23.2265,999.9,42.748,26.123,16.0938,54.3255,44.5433,1,-0.165422,-0.962462,20.2532,5.23526,11.9918,4.9576,3.304,9999,9999,999.9,9999,1.86829,1.86397,1.87164,1.86235,1.86185,1.86829,1.85845,1.86493,5,0,0,0,11111111,oooooooo,off,off,off,off,0,100,100,5.819,0.081,3.357490818,0.004507312,-2.84E-06,7.75E-10,-0.010076264,-0.005433597,0.000660104,4.95E-07,1,2226,1,22,1.5,1.7,2.08374,2.34985,1.49902,2.34131,1.54419,2.21069,31.2374,16.0058,18,498.579,443.873,25.9603,25.2703,30.0002,25.1824,25.2096,41.7026,-30,-30,25.9592,1000,0,97.2045,98.869,NA
11,1743784568,1065.9,20250404 11:36:08,11:36:08,5,gibson,5077_mai_yellowblue,1743784560,0.000196525,0.196524614,4.55676043,1194.284875,399.0680387,36.06778176,107.9395042,0.009498913,2.753884704,0.009480748,0.005927097,49.62295143,25.81307383,25.81307383,3.337115435,46.06054397,1.513923139,3.286811245,1.823192296,-8.66673549,-38.01955234,-2.94044404,-0.00378044,0,0,1,0,47772,300.03675,252.9309146,0.842999781,0.165389578,6,0.5,0: Broadleaf,2,1743784560,1194.284875,1200.034375,16.7506375,16.51876875,1188.001875,16.6646375,500.022625,90.2800625,0.099968637,25.55699375,25.000575,999.9,0,0,10002.89313,0,200,-6.002341875,1214.37375,1220.19125,0.23136275,1200.034375,16.51876875,1.512203125,1.491315,13.09210625,12.8794125,300.03675,0.899997063,0.100002938,0,2.71328125,0,1930.33625,2670.27875,35.75,39.875,38,39.152125,36.5,270.033125,30.00125,0,1743784569,0,1743784592,11:36:32,1743784592,1743784588,11,0.245,0.004,6.283,0.086,1200,17,0.47,0.19,-6.008474762,0.076799221,0.077526363,1,0.231664333,0.000135273,0.001296728,1,2,2,2-Feb,3.12452,2.72327,0.184802,0.18559,0.0791897,0.0783971,21944.8,19923.8,24060.3,23806.6,37758.8,36286.4,43362.2,42404.9,1.87295,1.86983,0.108343,0,23.2275,999.9,42.797,26.163,16.1502,54.6655,44.5633,1,-0.165551,-0.91357,20.2534,5.23511,11.9918,4.9576,3.304,9999,9999,999.9,9999,1.86829,1.86395,1.87164,1.86235,1.86183,1.86829,1.85846,1.86494,5,0,0,0,11111111,oooooooo,off,off,off,off,0,100,100,6.283,0.086,3.381224175,0.004507312,-2.84E-06,7.75E-10,-0.009573702,-0.005433597,0.000660104,4.95E-07,1,2226,1,22,1.2,1.3,2.41211,2.30835,1.4978,2.34131,1.54419,2.37915,31.2809,16.0058,18,498.537,444.009,25.964,25.2703,30.0001,25.1844,25.2116,48.278,-30,-30,25.9585,1200,0,97.1977,98.8686,NA
12,1743784683,1180.9,20250404 11:38:03,11:38:03,5,gibson,5077_mai_yellowblue,1743784675,0.000187451,0.187451456,5.380648752,1493.254,511.5375023,46.23180189,134.9575012,0.009089864,2.753241259,0.009073225,0.005672258,49.62456498,25.81477324,25.81477324,3.337451498,46.26103987,1.520434637,3.286641722,1.81701686,-8.266609213,-38.39186711,-2.969945305,-0.003856646,0,0,1,0,47995,300.04725,252.9397024,0.842999569,0.165389168,6,0.5,0: Broadleaf,2,1743784675,1493.254,1500.04625,16.8230375,16.60189375,1486.695,16.7400375,500.0311875,90.278125,0.100003056,25.556125,24.99419375,999.9,0,0,9999.296875,0,200.4064375,-6.74987,1518.859375,1525.370625,0.228561375,1500.04625,16.60189375,1.51942,1.498786875,13.16501875,12.9558,300.04725,0.900002813,0.099997188,0,2.77758125,0,2000.701875,2670.37625,35.75,39.89825,38,39.187,36.5,270.043125,30,0,1743784684,0,1743784706,11:38:26,1743784706,1743784701,12,-0.053,-0.004,6.559,0.083,1500,17,0.31,0.15,-6.753888,-0.096006316,0.088635712,1,0.2290941,-0.006303519,0.000964753,1,2,2,2-Feb,3.12468,2.72323,0.212164,0.21281,0.0794486,0.0786867,21206.9,19259.3,24057.8,23807.2,37746.8,36277.9,43358,42405.9,1.87318,1.87035,0.106506,0,23.2431,999.9,42.87,26.214,16.2274,54.3855,44.355,1,-0.164893,-0.929635,20.2533,5.23511,11.9917,4.9579,3.304,9999,9999,999.9,9999,1.86829,1.86398,1.87166,1.86234,1.86184,1.86829,1.85845,1.86493,5,0,0,0,11111111,oooooooo,off,off,off,off,0,100,100,6.559,0.083,3.628456993,0.004507312,-2.84E-06,7.75E-10,-0.005921585,-0.005433597,0.000660104,4.95E-07,1,2226,1,22,1.5,1.6,2.8833,2.33154,1.4978,2.34131,1.54419,2.19727,31.3244,15.9795,18,498.721,444.356,25.924,25.2751,30.0002,25.1908,25.2159,57.7009,-30,-30,25.9296,1500,0,97.188,98.871,NA
14,1743785895,2393,20250404 11:58:15,11:58:15,5,gibson,6027_mai_yellowblue,1743785887,0.000536902,0.536901532,3.601546836,395.43,176.2977649,15.92892011,35.72803593,0.02754791,2.752680653,0.027395663,0.017135898,49.6135246,25.77390743,25.77390743,3.329378324,48.73452988,1.607020163,3.29749803,1.722358161,-23.67735754,-24.07477445,-1.86291,-0.001517402,0,0,1,0,47801,299.98275,252.8851357,0.842998925,0.165387925,6,0.5,0: Broadleaf,2,1743785887,395.43,400.0066875,17.78614375,17.1533125,390.21,17.69114375,499.993125,90.25241875,0.099946844,25.61168125,24.99431875,999.9,0,0,9998.824375,0,206.40625,-4.765806875,402.399625,406.98775,0.637348875,400.0066875,17.1533125,1.60565,1.548128125,14.01313125,13.45195,299.98275,0.900027938,0.099972256,0,2.62351875,0,2396.22125,2669.828125,36.687,41,39,40.16375,37.375,269.995,29.9875,0,1743785896,0,1743785921,11:58:41,1743785913,1743785921,14,0.177,0.006,5.22,0.095,400,17,0.44,0.16,-4.75178619,-0.096203377,0.040022595,1,0.636712333,0.013222987,0.0015815,1,2,2,2-Feb,3.12482,2.72336,0.0852738,0.0868745,0.0827029,0.0805223,24585.9,22336.2,24025.4,23806.5,37555.1,36197.6,43304.7,42408.4,1.87018,1.85965,0.0942163,0,23.4484,999.9,43.12,26.778,16.8783,54.4783,44.6154,1,-0.151555,-0.542614,20.2554,5.23511,11.9915,4.9571,3.304,9999,9999,999.9,9999,1.86829,1.86401,1.87164,1.86237,1.86186,1.8683,1.85852,1.86496,5,0,0,0,11111111,oooooooo,off,off,off,off,0,100,100,5.22,0.095,3.658138539,0.004507312,-2.84E-06,7.75E-10,-0.01370667,-0.005433597,0.000660104,4.95E-07,1,2226,1,22,17.9,18,1.0022,2.37427,1.49902,2.33887,1.54419,2.19849,31.6736,15.7957,18,498.482,439.551,25.2607,25.4645,30.0001,25.3824,25.4081,20.101,-30,-30,25.2616,400,0,97.0645,98.8736,NA
15,1743786013,2511,20250404 12:00:13,12:00:13,5,gibson,6027_mai_yellowblue,1743786005,0.000539951,0.539951397,2.595201152,296.7057333,139.5014338,12.60392984,26.80731046,0.027744443,2.753291224,0.027590056,0.017257585,49.61800815,25.77555278,25.77555278,3.329703037,48.8130041,1.609845916,3.297985744,1.719857121,-23.8118566,-23.95442815,-1.853225032,-0.001501626,0,0,1,0,48044,300.0106,252.9085498,0.842998713,0.165387517,6,0.5,0: Broadleaf,2,1743786005,296.7057333,300.0120667,17.81792,17.18155333,292.1327333,17.72392,500.0236,90.24990667,0.099916233,25.61417333,25.00485333,999.9,0,0,10002.71933,0,206.3721333,-2.950332667,302.4544667,305.2566,0.648888333,300.0120667,17.18155333,1.609196,1.550634667,14.04714667,13.47678,300.0106,0.900031267,0.099968927,0,2.76988,0,2324.772,2670.077333,36.65806667,40.937,39,40.104,37.375,270.0206667,29.988,0,1743786014,0,1743786033,12:00:33,1743786031,1743786033,15,-0.366,-0.002,4.573,0.094,300,17,0.29,0.06,-2.944855,-0.163167519,0.022496125,0,0.64893645,0.002752466,0.001066898,1,1,2,2-Jan,3.12469,2.72336,0.0676456,0.0691483,0.0828116,0.0806154,25057.7,22770.5,24023.6,23807.3,37546.4,36193.3,43301.6,42409.3,1.86998,1.85942,0.0935383,0,23.4722,999.9,43.145,26.808,16.9188,53.8083,44.4872,1,-0.152226,-0.423058,20.2556,5.23526,11.992,4.9575,3.304,9999,9999,999.9,9999,1.86835,1.86401,1.87164,1.86242,1.86184,1.8683,1.85849,1.86494,5,0,0,0,11111111,oooooooo,off,off,off,off,0,100,100,4.573,0.094,3.834924372,0.004507312,-2.84E-06,7.75E-10,-0.007286273,-0.005433597,0.000660104,4.95E-07,1,2226,1,22,1.7,1.5,0.802002,2.36206,1.49902,2.34009,1.54419,2.28149,31.6955,15.7869,18,498.388,439.435,25.1662,25.4645,30.0001,25.3855,25.4102,16.0936,-30,-30,25.1649,300,0,97.0575,98.8762,NA
16,1743786118,2616,20250404 12:01:58,12:01:58,5,gibson,6027_mai_yellowblue,1743786110,0.000546237,0.546236539,1.509806836,198.0575625,107.0058695,9.667354295,17.89334209,0.028131132,2.752697586,0.02797239,0.017496931,49.61391682,25.76782193,25.76782193,3.328177574,48.90183536,1.612200951,3.296810722,1.715976622,-24.08903135,-23.69308028,-1.833274793,-0.001469607,0,0,1,0,48068,299.9865,252.8881789,0.842998531,0.165387165,6,0.5,0: Broadleaf,2,1743786110,198.0575625,199.9990625,17.84510625,17.20135,193.9125625,17.75410625,500.023625,90.24416875,0.099981006,25.60816875,24.99275625,999.9,0,0,9999.83875,0,206.565875,-1.844840625,201.757625,203.49975,0.658139813,199.9990625,17.20135,1.611715625,1.55232125,14.071275,13.4935,299.9865,0.900039375,0.099960869,0,2.722425,0,2224.954375,2669.87,36.625,40.9215,38.937,40.062,37.32775,270.000625,29.98375,0,1743786119,0,1743786144,12:02:24,1743786144,1743786138,16,-0.104,-0.003,4.145,0.091,200,17,0.48,0.14,-1.835152,0.005223158,0.056606257,1,0.65790575,0.004905429,0.0008127,1,2,2,2-Feb,3.12473,2.72323,0.0476166,0.0489632,0.0829122,0.0806805,25595.5,23264.9,24023.1,23808,37539.3,36191.4,43300.3,42411.9,1.86972,1.8591,0.0952929,0,23.4297,999.9,43.12,26.858,16.9605,54.4083,44.2348,1,-0.152983,-0.594232,20.2553,5.23496,11.9911,4.9575,3.304,9999,9999,999.9,9999,1.86829,1.86401,1.87164,1.86237,1.86188,1.86829,1.85852,1.86493,5,0,0,0,11111111,oooooooo,off,off,off,off,0,100,100,4.145,0.091,3.468714838,0.004507312,-2.84E-06,7.75E-10,-0.008978382,-0.005433597,0.000660104,4.95E-07,1,2226,1,22,1.4,1.4,0.592041,2.38892,1.49902,2.34009,1.54419,2.23755,31.6955,15.7694,18,498.197,439.223,25.3441,25.4554,30,25.3802,25.4077,11.9051,-30,-30,25.3438,200,0,97.0547,98.8811,NA
17,1743786227,2725,20250404 12:03:47,12:03:47,5,gibson,6027_mai_yellowblue,1743786219,0.000554961,0.554961028,0.417926498,99.43236875,73.23005713,6.615279131,8.982279952,0.028585983,2.753294393,0.028422118,0.017778468,49.61366926,25.77803078,25.77803078,3.330192129,48.93798519,1.614604385,3.299286595,1.715587744,-24.47378132,-23.33586249,-1.805450572,-0.001425122,0,0,1,0,48051,299.9849375,252.8868673,0.84299855,0.165387201,6,0.5,0: Broadleaf,2,1743786219,99.43236875,100.0000813,17.87340625,17.219375,95.54236875,17.78240625,500.014625,90.235625,0.099947456,25.62081875,25.002825,999.9,0,0,10004.32125,0,206.0485625,-0.687165688,101.121625,101.7523125,0.666166563,100.0000813,17.219375,1.613913125,1.55380125,14.09229375,13.5081125,299.9849375,0.90003925,0.099960988,0,2.64145625,0,2122.431875,2669.85625,36.625,40.8710625,38.937,40.003875,37.312,269.99875,29.98375,0,1743786228,0,1743786247,12:04:07,1743786247,1743786246,17,0.117,0,3.89,0.091,100,17,0.38,0.13,-0.690521571,-0.04872826,0.031047946,1,0.665722667,0.008926286,0.001551621,1,2,2,2-Feb,3.12472,2.7234,0.0246261,0.0257747,0.0830027,0.0807333,26212.3,23834.2,24022,23809.8,37532,36189.9,43298.4,42414.7,1.8698,1.8585,0.0960007,0,23.4258,999.9,43.145,26.868,16.9813,54.4283,44.351,1,-0.154235,-0.519071,20.2556,5.23286,11.9918,4.95645,3.30398,9999,9999,999.9,9999,1.86829,1.864,1.87164,1.86237,1.86186,1.8683,1.85851,1.86493,5,0,0,0,11111111,oooooooo,off,off,off,off,0,100,100,3.89,0.091,3.365145727,0.004507312,-2.84E-06,7.75E-10,-0.011745708,-0.005433597,0.000660104,4.95E-07,1,2226,1,22,1.4,1.5,0.375977,2.3999,1.49902,2.34009,1.54419,2.32178,31.6955,15.7606,18,498.174,438.803,25.2871,25.441,30,25.3718,25.3996,7.55446,-30,-30,25.285,100,0,97.0505,98.8881,NA
18,1743786329,2827,20250404 12:05:29,12:05:29,5,gibson,6027_mai_yellowblue,1743786321,0.000567036,0.567035735,-0.11945888,50.11395333,55.03110329,4.971248633,4.527056649,0.029318523,2.753716589,0.029146206,0.018231776,49.61599421,25.76136286,25.76136286,3.326903526,49.06574993,1.617539425,3.29667727,1.709364101,-25.0062759,-22.84420841,-1.766875052,-0.001365153,0,0,1,0,47849,299.9993333,252.898974,0.842998453,0.165387015,6,0.5,0: Broadleaf,2,1743786321,50.11395333,50.0047,17.90596,17.23768667,46.19095333,17.81196,499.9892,90.23532667,0.099926247,25.60748667,24.98900667,999.9,0,0,10006.856,0,205.9870667,-0.129037713,50.7855,50.88178,0.677600467,50.0047,17.23768667,1.616592667,1.555448667,14.11788,13.52438667,299.9993333,0.9000432,0.099957053,0,2.658353333,0,2059.066667,2669.985333,36.562,40.8162,38.88326667,39.9832,37.2996,270.0106667,29.984,0,1743786330,0,1743786356,12:05:56,1743786356,1743786349,18,0.239,0.003,3.923,0.094,50,17,0.41,0.13,-0.121618557,-0.037830132,0.028670907,1,0.676524905,0.01602826,0.00190776,1,2,2,2-Feb,3.12491,2.72353,0.0120858,0.0131068,0.083107,0.0807946,26547.8,24144.7,24020.4,23810.3,37524.3,36187.7,43295.7,42416.1,1.8699,1.85833,0.0953674,0,23.4238,999.9,43.145,26.919,17.032,54.5183,44.3189,1,-0.154512,-0.62607,20.2548,5.23481,11.9918,4.95695,3.304,9999,9999,999.9,9999,1.8683,1.86397,1.87164,1.86235,1.86187,1.86829,1.8585,1.86494,5,0,0,0,11111111,oooooooo,off,off,off,off,0,100,100,3.923,0.094,3.48249024,0.004507312,-2.84E-06,7.75E-10,-0.012099067,-0.005433597,0.000660104,4.95E-07,1,2226,1,22,1.4,1.4,0.266113,2.44385,1.49902,2.34009,1.54419,2.20337,31.6955,15.7344,18,498.2,438.648,25.3646,25.4345,30,25.3676,25.3932,5.37011,-30,-30,25.3678,50,0,97.0443,98.8909,NA
19,1743786448,2946,20250404 12:07:28,12:07:28,5,gibson,6027_mai_yellowblue,1743786440,0.000585358,0.585358448,3.83429506,395.1296667,183.1101261,16.54304068,35.69789551,0.030371074,2.752572691,0.030186129,0.018882853,49.61128676,25.77456985,25.77456985,3.329509051,49.25754385,1.625620274,3.300246311,1.703888777,-25.81430754,-22.08882654,-1.709430241,-0.001277566,0,0,1,0,47916,299.9684667,252.8731594,0.84299914,0.16538834,6,0.5,0: Broadleaf,2,1743786440,395.1296667,400.0082,17.99352,17.30375333,389.8956667,17.89452,500.0176,90.24477333,0.099988207,25.62572,24.99954,999.9,0,0,9999.032,0,206.0698,-5.019386,402.2298,407.0518667,0.698281733,400.0082,17.30375333,1.624590667,1.561573333,14.19404667,13.58476667,299.9684667,0.900019,0.099981153,0,2.668946667,0,2205.564,2669.690667,36.562,40.79546667,38.8708,39.937,37.25,269.978,29.988,0,1743786449,0,1743786473,12:07:53,1743786473,1743786471,19,0.128,0.004,5.234,0.099,400,17,0.58,0.19,-5.026593333,0.014858961,0.045536243,1,0.697918381,0.010571065,0.001354914,1,2,2,2-Feb,3.12486,2.7232,0.0852104,0.086873,0.0833957,0.0810323,24581.2,22340.8,24019.1,23811.2,37516.8,36185.5,43293.6,42417.8,1.87022,1.85928,0.0958964,0,23.4278,999.9,43.145,26.929,17.0408,54.2883,44.1747,1,-0.154914,-0.586806,20.2552,5.23436,11.9917,4.95645,3.30395,9999,9999,999.9,9999,1.8683,1.864,1.87164,1.86236,1.86188,1.86829,1.85852,1.86493,5,0,0,0,11111111,oooooooo,off,off,off,off,0,100,100,5.234,0.099,3.721247921,0.004507312,-2.84E-06,7.75E-10,-0.009452428,-0.005433597,0.000660104,4.95E-07,1,2226,1,22,1.5,1.6,1.00342,2.39136,1.49902,2.34009,1.54419,2.21191,31.6736,15.7169,18,498.358,439.176,25.376,25.4281,30.0002,25.3633,25.389,20.1183,-30,-30,25.375,400,0,97.0392,98.8946,NA
20,1743786535,3033,20250404 12:08:55,12:08:55,5,gibson,6027_mai_yellowblue,1743786527,0.000599911,0.599910527,3.951663525,394.9762667,182.0509008,16.44783174,35.68509217,0.031161576,2.754804797,0.030967068,0.019371792,49.6149854,25.7798956,25.7798956,3.330560237,49.3122058,1.628334814,3.302092834,1.702225423,-26.45605422,-21.49768203,-1.662457345,-0.001208205,0,0,1,0,48124,299.9916,252.8925948,0.84299892,0.165387916,6,0.5,0: Broadleaf,2,1743786527,394.9762667,400.0023333,18.02303333,17.31615333,389.8472667,17.92403333,500.0268667,90.24747333,0.09996064,25.63514667,25.008,999.9,0,0,10011.958,0,206.3553333,-4.933706,402.3246667,407.0508,0.719464867,400.0023333,17.31615333,1.627669333,1.562738667,14.22327333,13.59621333,299.9916,0.900025133,0.09997504,0,2.645073333,0,2273.986667,2669.903333,36.5496,40.75,38.8456,39.92873333,37.25,270,29.988,0,1743786536,0,1743786557,12:09:17,1743786557,1743786555,20,-0.106,0,5.129,0.099,400,17,0.26,0.13,-4.92231381,-0.029145974,0.055261752,1,0.718927143,0.011151896,0.001510335,1,2,2,2-Feb,3.12488,2.72293,0.0852224,0.0868867,0.0834938,0.0810777,24580.3,22340.7,24018.5,23811.4,37511.7,36184.2,43292.3,42418.4,1.8704,1.85877,0.0967011,0,23.4218,999.9,43.12,26.959,17.0586,53.7484,44.2468,1,-0.155404,-0.535123,20.2552,5.23406,11.992,4.95655,3.304,9999,9999,999.9,9999,1.86829,1.86399,1.87164,1.86235,1.86188,1.86829,1.8585,1.86493,5,0,0,0,11111111,oooooooo,off,off,off,off,0,100,100,5.129,0.099,3.8495,0.00450731,-2.84E-06,7.75E-10,-0.005955817,-0.005433597,0.000660104,4.95E-07,1,2226,1,22,1,1.1,1.00342,2.37427,1.49902,2.34009,1.54419,2.28027,31.6955,15.7081,18,498.424,438.847,25.3653,25.426,30,25.3586,25.3847,20.1138,-30,-30,25.3547,400,0,97.0366,98.8959,NA
21,1743786642,3140,20250404 12:10:42,12:10:42,5,gibson,6027_mai_yellowblue,1743786634,0.000604161,0.604161437,6.042977425,592.327625,270.1220118,24.40557162,53.51690584,0.031471914,2.753300808,0.031273418,0.019563616,49.61787815,25.77308746,25.77308746,3.32921651,49.43056935,1.631688624,3.300970725,1.697527887,-26.64351936,-21.32560194,-1.649947034,-0.001190191,0,0,1,0,47800,300.0045,252.9038629,0.843000231,0.165390446,6,0.5,0: Broadleaf,2,1743786634,592.327625,600.008625,18.05960625,17.34770625,586.906625,17.95960625,500.0004375,90.25024375,0.099933381,25.62941875,24.99244375,999.9,0,0,10002.73875,0,206.3154375,-7.53396625,603.379,610.601125,0.7243275,600.008625,17.34770625,1.631004375,1.56563375,14.25489375,13.62465,300.0045,0.899999813,0.100000256,0,2.59619375,0,2474.973125,2669.994375,36.527125,40.75,38.812,39.9215,37.242125,270.005,30.003125,0,1743786643,0,1743786672,12:11:12,1743786672,1743786662,21,-0.162,0,5.421,0.1,600,17,0.75,0.1,-7.5463985,-0.001521654,0.051945611,1,0.72436115,-0.002233128,0.000799049,1,2,2,2-Feb,3.12495,2.7234,0.115443,0.117106,0.0836209,0.0811897,23768.1,21603.9,24018,23813.9,37507.9,36185.7,43290.9,42422.5,1.87065,1.85952,0.0968203,0,23.4072,999.9,43.12,26.969,17.0693,54.2684,44.1466,1,-0.156555,-0.630738,20.2552,5.23361,11.9914,4.9567,3.304,9999,9999,999.9,9999,1.86829,1.864,1.87164,1.86235,1.86188,1.86829,1.85851,1.86494,5,0,0,0,11111111,oooooooo,off,off,off,off,0,100,100,5.421,0.1,3.743740458,0.004507312,-2.84E-06,7.75E-10,-0.005789004,-0.005433597,0.000660104,4.95E-07,1,2226,1,22,1.4,1.4,1.38184,2.32788,1.4978,2.33887,1.54419,2.40845,31.6955,15.6993,18,498.498,439.222,25.4188,25.4154,30,25.3492,25.3763,27.7152,-30,-30,25.4191,600,0,97.0339,98.9057,NA
22,1743786764,3262,20250404 12:12:44,12:12:44,5,gibson,6027_mai_yellowblue,1743786756,0.000583456,0.583456085,7.489272489,790.486,375.4044099,33.91793057,71.4207094,0.030337855,2.752517945,0.030153308,0.018862305,49.61506991,25.79348572,25.79348572,3.333243947,49.42857209,1.63304334,3.303844862,1.700200608,-25.73041337,-22.16988507,-1.716058645,-0.001287171,0,0,1,0,47795,299.9879333,252.8898618,0.843000113,0.165390219,6,0.5,0: Broadleaf,2,1743786756,790.486,800.0261333,18.07456,17.3871,784.798,17.96856,500.0236,90.25037333,0.100005293,25.64408667,25.00666667,999.9,0,0,9998.087333,0,205.1054,-9.482202,805.1013333,814.1823333,0.6942978,800.0261333,17.3871,1.631852,1.569191333,14.26292,13.65954667,299.9879333,0.9000004,0.099999673,0,2.742373333,0,2651.01,2669.848,36.5,40.687,38.812,39.875,37.1954,269.9886667,30,0,1743786765,0,1743786791,12:13:11,1743786791,1743786784,22,-0.072,0.006,5.688,0.106,800,17,0.56,0.12,-9.492809524,0.375370909,0.065513623,0,0.695557857,-0.029404831,0.0031243,1,1,2,2-Jan,3.12475,2.72313,0.141107,0.142706,0.0836355,0.0813292,23077.7,20978.4,24016.7,23814.4,37507.7,36183.6,43288.8,42424.1,1.87077,1.8602,0.0956431,0,23.4278,999.9,43.145,26.999,17.1094,54.3384,44.6514,1,-0.157274,-0.541536,20.2551,5.23421,11.9914,4.95385,3.304,9999,9999,999.9,9999,1.86829,1.864,1.87164,1.86237,1.86187,1.86829,1.85852,1.86493,5,0,0,0,11111111,oooooooo,off,off,off,off,0,100,100,5.688,0.106,3.581919894,0.004507312,-2.84E-06,7.75E-10,-0.005539065,-0.005433597,0.000660104,4.95E-07,1,2226,1,22,1.5,1.7,1.74072,2.32178,1.4978,2.34009,1.54419,2.39136,31.7173,15.6818,18,498.498,439.547,25.3741,25.4046,30,25.3401,25.367,34.8849,-30,-30,25.3738,800,0,97.0291,98.9089,NA
23,1743786883,3381,20250404 12:14:43,12:14:43,5,gibson,6027_mai_yellowblue,1743786875,0.000534721,0.534720745,8.493028698,989.1676,474.8593325,42.90481094,89.37393867,0.027771911,2.752489059,0.027617175,0.017274565,49.61424468,25.78380833,25.78380833,3.331332711,49.40309699,1.629964064,3.299315555,1.701368647,-23.58118485,-24.1644309,-1.870157967,-0.001529035,0,0,1,0,47878,299.9813333,252.884436,0.843000573,0.165391107,6,0.5,0: Broadleaf,2,1743786875,989.1676,999.9941333,18.04002,17.40992,983.2146,17.93102,499.9914667,90.25268667,0.09998832,25.62096667,24.98039333,999.9,0,0,9997.66,0,204.07,-10.8452,1007.33,1017.711333,0.639401867,999.9941333,17.40992,1.628998667,1.571290667,14.23589333,13.68009333,299.9813333,0.8999824,0.1000176,0,2.57308,0,2778.145333,2669.772,36.5,40.687,38.80373333,39.875,37.187,269.9786667,30.004,0,1743786884,0,1743786913,12:15:13,1743786913,1743786903,23,0.007,0.002,5.953,0.109,1000,17,0.28,0.11,-10.844915,0.244651128,0.07180489,0,0.6408059,-0.035130677,0.003469344,1,1,2,2-Jan,3.12498,2.72329,0.163749,0.165246,0.0835102,0.0814057,22468.6,20427.7,24015.5,23814.9,37513.1,36183.1,43286.8,42425,1.87105,1.86052,0.0962541,0,23.4015,999.9,43.096,27.009,17.0991,54.3184,44.4912,1,-0.15797,-0.681231,20.2547,5.23421,11.9917,4.9573,3.304,9999,9999,999.9,9999,1.86829,1.86398,1.87164,1.86235,1.86185,1.8683,1.85851,1.86494,5,0,0,0,11111111,oooooooo,off,off,off,off,0,100,100,5.953,0.109,3.509647074,0.004507312,-2.84E-06,7.75E-10,0.000618069,-0.005433597,0.000660104,4.95E-07,1,2226,1,22,1.5,1.6,2.08374,2.31079,1.4978,2.33887,1.54419,2.41577,31.7173,15.6556,18,498.611,439.678,25.3916,25.3982,30.0002,25.3338,25.3593,41.7365,-30,-30,25.3986,1000,0,97.0244,98.911,NA
24,1743787005,3503,20250404 12:16:45,12:16:45,5,gibson,6027_mai_yellowblue,1743786997,0.000473678,0.473678473,9.5417969,1187.86,533.3793168,48.19084816,107.3232109,0.024425973,2.751533727,0.024306147,0.015202059,49.62483956,25.81708915,25.81708915,3.337909526,49.22103081,1.625530523,3.30251215,1.712379003,-20.88922068,-26.67202403,-2.065459255,-0.001864411,0,0,1,0,48154,300.0455333,252.9385446,0.843000533,0.165391029,6,0.5,0: Broadleaf,2,1743786997,1187.86,1199.985333,17.99147333,17.43328667,1181.654,17.88147333,500.0008,90.25006667,0.099983753,25.63728667,25.00364,999.9,0,0,9992.293333,0,204.8292667,-12.17354667,1209.584667,1221.277333,0.567370733,1199.985333,17.43328667,1.624563333,1.573357333,14.19378,13.70030667,300.0455333,0.899983333,0.100016667,0,2.670026667,0,2875.024,2670.343333,36.5,40.687,38.76653333,39.8624,37.187,270.0366667,30.01,0,1743787006,0,1743787037,12:17:17,1743787037,1743787025,24,0.035,0.001,6.206,0.11,1200,17,0.7,0.2,-12.23922857,1.089428571,0.121027762,0,0.569429048,-0.031045948,0.003161808,1,1,2,2-Jan,3.12481,2.72316,0.184119,0.185516,0.0833397,0.0814864,21921.8,19932.9,24015.5,23815.7,37521.7,36183.1,43286.6,42426.9,1.8707,1.86145,0.101484,0,23.3401,999.9,43.072,27.039,17.1232,53.8184,44.4431,1,-0.158737,-0.57555,20.2552,5.23526,11.9918,4.95605,3.304,9999,9999,999.9,9999,1.8683,1.86401,1.87164,1.86239,1.86186,1.8683,1.85852,1.86493,5,0,0,0,11111111,oooooooo,off,off,off,off,0,100,100,6.206,0.11,3.516042341,0.004507312,-2.84E-06,7.75E-10,0.002472455,-0.005433597,0.000660104,4.95E-07,1,2226,1,22,1.5,1.7,2.41455,2.323,1.4978,2.33887,1.54419,2.28394,31.7392,15.6381,18,498.319,440.157,25.4837,25.3896,30.0001,25.3233,25.3507,48.315,-30,-30,25.4701,1200,0,97.024,98.9151,NA
25,1743787129,3627,20250404 12:18:49,12:18:49,5,gibson,6027_mai_yellowblue,1743787121,0.000421739,0.421739346,10.27149425,1486.979667,685.1536381,61.90777435,134.3576047,0.021489676,2.752798118,0.021396911,0.013381371,49.61599168,25.90099334,25.90099334,3.35454068,48.93095331,1.622647626,3.316198676,1.731893054,-18.59870516,-28.7893399,-2.230117877,-0.002171254,0,0,1,0,47998,299.9936,252.8946308,0.843000087,0.165390167,6,0.5,0: Broadleaf,2,1743787121,1486.979667,1500.057333,17.95837333,17.4614,1480.242667,17.84737333,500.0255333,90.25606,0.099987047,25.70700667,25.00198667,999.9,0,0,9999.116667,0,204.584,-13.29726667,1513.962,1526.716667,0.505936533,1500.057333,17.4614,1.621660667,1.575998,14.16618667,13.72609333,299.9936,0.899991133,0.100008847,0,2.67404,0,2964.902,2669.89,36.4748,40.67046667,38.75,39.8666,37.187,269.9913333,30,0,1743787130,0,1743787161,12:19:21,1743787161,1743787149,25,0.204,0,6.737,0.111,1500,17,0.37,0.19,-13.31099,0.871560902,0.114604402,0,0.5068824,-0.019389203,0.002052894,1,1,2,2-Jan,3.12482,2.72317,0.211542,0.212758,0.083221,0.0815923,21184.5,19268.5,24013.9,23817.4,37527,36183,43284.4,42429.2,1.87135,1.86208,0.100739,0,23.3467,999.9,43.072,27.07,17.1504,53.9584,44.391,1,-0.16013,-0.543837,20.2554,5.23496,11.9918,4.95735,3.304,9999,9999,999.9,9999,1.86831,1.86401,1.87164,1.86237,1.86188,1.86829,1.8585,1.86493,5,0,0,0,11111111,oooooooo,off,off,off,off,0,100,100,6.737,0.111,3.551437157,0.004507312,-2.84E-06,7.75E-10,0.003880495,-0.005433597,0.000660104,4.95E-07,1,2226,1,22,1.5,1.7,2.88574,2.31934,1.49902,2.33887,1.54419,2.2644,31.7611,15.6205,18,498.601,440.409,25.6246,25.3747,29.9998,25.3104,25.3361,57.7397,-30,-30,25.6386,1500,0,97.0186,98.921,NA
27,1743788417,4914.9,20250404 12:40:17,12:40:17,5,gibson,6463_mai_greenblue,1743788409,9.85E-05,0.098464615,0.737488714,399.0565625,154.9134992,13.99072123,36.04004268,0.005016239,2.752262035,0.005011165,0.003132434,49.61721488,25.82344756,25.82344756,3.339167337,49.13165308,1.613255901,3.283536783,1.725911436,-4.342289504,-42.02733139,-3.252218663,-0.004624677,0,0,1,0,47985,300.004625,252.9036139,0.84299905,0.165388167,6,0.5,0: Broadleaf,2,1743788409,399.0565625,399.988625,17.86291875,17.74688125,393.8855625,17.74491875,500.0405,90.21311875,0.099999919,25.54020625,24.9935125,999.9,0,0,10000.7,0,199.3493125,-0.988811313,406.255,407.2155,0.111800562,399.988625,17.74688125,1.61108875,1.601001875,14.06525,13.96845625,300.004625,0.900038063,0.099962181,0,2.76621875,0,1465.213125,2670.02875,36.562,40.875,38.937,40.0155,37.312,270.01625,29.99125,0,1743788418,0,1743788436,12:40:36,1743788436,1743788435,27,0.054,0.006,5.171,0.118,400,18,0.41,0.07,-0.988239286,0.069312078,0.031175947,1,0.111381524,0.004244182,0.000958193,1,2,2,2-Feb,3.12492,2.72328,0.085899,0.0868671,0.0828877,0.0825497,24545.5,22356.3,24001.7,23826.9,37509.6,36150.9,43261,42447.2,1.87155,1.85775,0.106093,0,23.2421,999.9,43.316,27.261,17.4506,54.3385,44.0785,1,-0.166369,-0.633219,20.2552,5.23421,11.992,4.95685,3.304,9999,9999,999.9,9999,1.86829,1.86401,1.87164,1.86235,1.86187,1.86829,1.85847,1.86493,5,0,0,0,11111111,oooooooo,off,off,off,off,0,100,100,5.171,0.118,3.731882935,0.004507312,-2.84E-06,7.75E-10,-0.000435891,-0.005433597,0.000660104,4.95E-07,1,2226,1,22,19.1,19.1,1.0022,2.35352,1.49902,2.33887,1.54419,2.21924,31.8488,15.4367,18,498.129,437.266,25.348,25.3026,30.0001,25.2369,25.2627,20.1139,-30,-30,25.3511,400,0,96.9672,98.9621,NA
28,1743788525,5022.9,20250404 12:42:05,12:42:05,5,gibson,6463_mai_greenblue,1743788517,0.000107077,0.107076608,0.452908401,299.4073125,159.2271389,14.3807289,27.0412156,0.005454846,2.750906407,0.005448844,0.003406066,49.61490359,25.83879453,25.83879453,3.342204958,49.16696315,1.616104429,3.286972238,1.726100529,-4.722078435,-41.67063712,-3.226739543,-0.004551505,0,0,1,0,47951,299.9896875,252.8911041,0.842999325,0.165388697,6,0.5,0: Broadleaf,2,1743788517,299.4073125,299.98925,17.893925,17.7677375,294.8513125,17.777925,500.020625,90.21579375,0.10002175,25.55781875,25.0122125,999.9,0,0,9992.374375,0,202.905875,-0.249704188,305.2021875,305.4158125,0.13035025,299.98925,17.7677375,1.614690625,1.602929375,14.0997125,13.987,299.9896875,0.900032188,0.099968038,0,2.64755,0,1470.023125,2669.890625,36.601375,40.875,38.937,40.062,37.312,270,29.9925,0,1743788526,0,1743788543,12:42:23,1743788543,1743788543,28,-0.334,-0.001,4.556,0.116,300,18,0.48,0.17,-0.232995762,-0.03943839,0.045211189,1,0.130853667,-0.006764026,0.001200194,1,2,2,2-Feb,3.12509,2.72319,0.0681755,0.0691706,0.0829858,0.0826175,25019.8,22789.6,24000.2,23827,37502,36146.8,43258.6,42447.2,1.872,1.8571,0.105791,0,23.2691,999.9,43.389,27.291,17.5101,53.8284,44.0304,1,-0.166903,-0.50384,20.2558,5.23526,11.9917,4.95735,3.304,9999,9999,999.9,9999,1.86829,1.86401,1.87164,1.86237,1.86187,1.86829,1.85849,1.86493,5,0,0,0,11111111,oooooooo,off,off,off,off,0,100,100,4.556,0.116,3.786165247,0.004507312,-2.84E-06,7.75E-10,0.005354219,-0.005433597,0.000660104,4.95E-07,1,2226,1,22,1.5,1.5,0.802002,2.34863,1.4978,2.33887,1.54419,2.37427,31.8488,15.4367,18,498.362,436.846,25.2848,25.2958,30.0001,25.2327,25.258,16.0974,-30,-30,25.2796,300,0,96.9616,98.9623,NA
29,1743788634,5131.9,20250404 12:43:54,12:43:54,5,gibson,6463_mai_greenblue,1743788626,0.000111661,0.111660677,0.29859843,199.6035625,110.7833172,10.00573077,18.0278002,0.005696693,2.751727841,0.005690149,0.00355693,49.6159285,25.83049707,25.83049707,3.340562346,49.20988657,1.616846811,3.285613773,1.723715535,-4.924235835,-41.48503805,-3.211162756,-0.004508135,0,0,1,0,48032,299.9956875,252.8961789,0.842999381,0.165388806,6,0.5,0: Broadleaf,2,1743788626,199.6035625,199.988625,17.90170625,17.7701125,195.5005625,17.78570625,500.001375,90.21808125,0.099946994,25.55085625,25.00530625,999.9,0,0,9996.985625,0,202.9163125,-0.257703,203.372375,203.606875,0.134509313,199.988625,17.7701125,1.615320625,1.603185625,14.10574375,13.98945,299.9956875,0.900032125,0.0999681,0,2.62135625,0,1478.40875,2669.94375,36.5895625,40.875,38.937,40.062,37.312,270.005625,29.99375,0,1743788635,0,1743788652,12:44:12,1743788652,1743788652,29,-0.129,-0.001,4.103,0.116,200,18,0.25,0.12,-0.24695755,-0.074014511,0.040669552,1,0.13472065,-0.005684075,0.001629998,1,2,2,2-Feb,3.12495,2.72355,0.0479665,0.0489835,0.0830161,0.082626,25560.7,23283.8,23998.5,23827,37496.6,36145.1,43255.9,42447.5,1.87155,1.85685,0.102319,0,23.3215,999.9,43.414,27.321,17.55,54.6585,44.1587,1,-0.166761,-0.521299,20.2555,5.23511,11.9903,4.95735,3.304,9999,9999,999.9,9999,1.86829,1.86399,1.87164,1.8624,1.86188,1.8683,1.8585,1.86493,5,0,0,0,11111111,oooooooo,off,off,off,off,0,100,100,4.103,0.116,3.451852246,0.004507312,-2.84E-06,7.75E-10,0.003959663,-0.005433597,0.000660104,4.95E-07,1,2226,1,22,1.5,1.5,0.593262,2.38525,1.4978,2.33887,1.54419,2.323,31.8707,15.4104,18,498.095,436.699,25.2279,25.3022,30.0001,25.2327,25.258,11.9069,-30,-30,25.2233,200,0,96.9554,98.9627,NA
30,1743788729,5226.9,20250404 12:45:29,12:45:29,5,gibson,6463_mai_greenblue,1743788721,0.000114261,0.114261428,-0.078845622,100.0758875,118.2963099,10.68495072,9.039216246,0.005834048,2.753177777,0.005827188,0.003642608,49.61624328,25.82499597,25.82499597,3.339473704,49.22729463,1.616972283,3.284706777,1.722501422,-5.038928978,-41.38056869,-3.201226199,-0.004480587,0,0,1,0,47782,299.997,252.897336,0.84299955,0.165389132,6,0.5,0: Broadleaf,2,1743788721,100.0758875,99.995,17.9019875,17.7673375,96.1298875,17.7879875,500.0338125,90.22364375,0.099974375,25.54620625,25.0001375,999.9,0,0,10004.95875,0,202.9196875,-0.134516719,101.68125,101.8036875,0.1386545,99.995,17.7673375,1.615544375,1.60303375,14.107875,13.98800625,299.997,0.900026625,0.099973581,0,2.6375625,0,1490.400625,2669.951875,36.6053125,40.875,38.937,40.062,37.312,270.005625,29.995625,0,1743788730,0,1743788751,12:45:51,1743788751,1743788749,30,0.216,-0.002,3.946,0.114,100,18,0.25,0.23,-0.127485386,-0.018705468,0.024252471,1,0.138833095,0.000344338,0.000845662,1,2,2,2-Feb,3.12499,2.72323,0.0247794,0.0257939,0.0830305,0.0826257,26181.8,23852.5,23997.1,23827.9,37491.4,36144.5,43252.9,42448.9,1.87155,1.85627,0.102952,0,23.3117,999.9,43.414,27.321,17.5486,54.2185,44.0545,1,-0.166733,-0.561983,20.2557,5.23511,11.9897,4.95745,3.304,9999,9999,999.9,9999,1.86829,1.86399,1.87164,1.86236,1.86187,1.86829,1.85847,1.86493,5,0,0,0,11111111,oooooooo,off,off,off,off,0,100,100,3.946,0.114,3.322837699,0.004507312,-2.84E-06,7.75E-10,0.003000335,-0.005433597,0.000660104,4.95E-07,1,2226,1,22,1.3,1.3,0.375977,2.41943,1.49902,2.33887,1.54419,2.20947,31.8927,15.3929,18,498.078,436.344,25.2378,25.3022,30.0001,25.2306,25.2558,7.55411,-30,-30,25.234,100,0,96.9489,98.9661,NA
31,1743788822,5319.9,20250404 12:47:02,12:47:02,5,gibson,6463_mai_greenblue,1743788814,0.00011734,0.117339874,-0.183466194,50.19795625,96.87336225,8.75051577,4.534352866,0.005999521,2.752462174,0.005992265,0.003745817,49.62178122,25.81854353,25.81854353,3.338197194,49.27226547,1.61790118,3.283594055,1.720296014,-5.174688465,-41.2590861,-3.192463116,-0.004456456,0,0,1,0,47847,300.0316875,252.9264744,0.842999206,0.165388468,6,0.5,0: Broadleaf,2,1743788814,50.19795625,49.9848625,17.91111875,17.77283125,46.25795625,17.79611875,499.9939375,90.22943125,0.100000563,25.5405,24.99290625,999.9,0,0,10000.0775,0,202.8745625,0.014503002,50.91133125,50.88931875,0.139690125,49.9848625,17.77283125,1.616239375,1.60363375,14.11449375,13.993775,300.0316875,0.900038313,0.099961931,0,2.7011125,0,1501.226875,2670.27125,36.617125,40.875,38.937,40.058125,37.312,270.04,29.995625,0,1743788823,0,1743788847,12:47:27,1743788847,1743788840,31,0.199,0.002,3.94,0.115,50,18,0.35,0.15,0.0176672,-0.053556844,0.018796294,1,0.1393929,0.01056406,0.00165493,1,2,2,2-Feb,3.12501,2.72329,0.0121058,0.0131149,0.083065,0.0826451,26521.5,24163.9,23996.5,23828.8,37488.6,36144.2,43252.5,42450.6,1.87145,1.8561,0.104036,0,23.2901,999.9,43.438,27.332,17.5709,54.1885,44.375,1,-0.167477,-0.615809,20.2552,5.23541,11.9897,4.95775,3.30398,9999,9999,999.9,9999,1.86829,1.86398,1.87164,1.86237,1.86188,1.86829,1.8585,1.86493,5,0,0,0,11111111,oooooooo,off,off,off,off,0,100,100,3.94,0.115,3.53891744,0.004507312,-2.84E-06,7.75E-10,0.001251435,-0.005433597,0.000660104,4.95E-07,1,2226,1,22,1.2,1.2,0.266113,2.40845,1.4978,2.33887,1.54419,2.40967,31.8927,15.3929,18,497.968,436.191,25.2511,25.2937,30.0001,25.2243,25.2495,5.37044,-30,-30,25.2575,50,0,96.9476,98.9699,NA
32,1743788937,5434.9,20250404 12:48:57,12:48:57,5,gibson,6463_mai_greenblue,1743788929,0.000124439,0.124439223,0.940659741,398.8203333,154.2305921,13.9331319,36.0292743,0.006385527,2.752217474,0.006377307,0.003986555,49.61490333,25.81791118,25.81791118,3.338072115,49.44494048,1.623700954,3.283856626,1.71437116,-5.487769739,-40.9617753,-3.169751554,-0.004393263,0,0,1,0,48006,299.9894,252.8908862,0.842999407,0.165388855,6,0.5,0: Broadleaf,2,1743788929,398.8203333,400.0086,17.9733,17.82666667,393.6483333,17.8503,500.0335333,90.2396,0.100012327,25.54184667,24.99571333,999.9,0,0,9997.501333,0,201.5495333,-1.240443333,406.0648667,407.2688667,0.142612733,400.0086,17.82666667,1.621540667,1.608671333,14.16504667,14.04212667,299.9894,0.900030667,0.099969553,0,2.7066,0,1472.414667,2669.886,36.5704,40.875,38.937,40.04133333,37.312,269.9993333,29.99333333,0,1743788938,0,1743788957,12:49:17,1743788957,1743788957,32,0.048,0.006,5.172,0.123,400,18,0.36,0.1,-1.247093333,0.018754286,0.048750588,1,0.141954143,0.009369896,0.0014698,1,2,2,2-Feb,3.12501,2.72321,0.0858977,0.0869108,0.0832612,0.0828423,24540.1,22358,23996.2,23829.7,37485.8,36144.2,43251.3,42452.9,1.87178,1.85775,0.1054,0,23.2725,999.9,43.438,27.321,17.5557,53.8185,44.0425,1,-0.168847,-0.564875,20.2555,5.23496,11.992,4.9561,3.304,9999,9999,999.9,9999,1.86829,1.864,1.87164,1.86241,1.86188,1.8683,1.8585,1.86494,5,0,0,0,11111111,oooooooo,off,off,off,off,0,100,100,5.172,0.123,3.73810147,0.004507312,-2.84E-06,7.75E-10,0.0028298,-0.005433597,0.000660104,4.95E-07,1,2226,1,22,1.5,1.6,1.00342,2.38892,1.49902,2.33887,1.54419,2.21558,31.8707,15.3666,18,498.043,437.06,25.3318,25.2754,30,25.2096,25.2369,20.1187,-30,-30,25.3068,400,0,96.9454,98.9748,NA
33,1743789023,5521,20250404 12:50:23,12:50:23,5,gibson,6463_mai_greenblue,1743789015,0.000125232,0.125231863,0.935612077,398.809375,157.040315,14.18758689,36.02987335,0.006429245,2.752265268,0.006420913,0.004013818,49.61861814,25.81978296,25.81978296,3.33844236,49.47246593,1.624804743,3.284260674,1.713637617,-5.522725141,-40.93276553,-3.167514416,-0.004386949,0,0,1,0,48086,300.0125625,252.9103521,0.842999206,0.165388468,6,0.5,0: Broadleaf,2,1743789015,398.809375,399.9919375,17.984725,17.8371625,393.671375,17.861725,500.044125,90.2436,0.099996731,25.54391875,24.99554375,999.9,0,0,9997.34125,0,202.1958125,-1.1522475,406.1453125,407.2564375,0.149955438,399.9919375,17.8371625,1.623223125,1.609690625,14.18105,14.0518875,300.0125625,0.900038063,0.099962181,0,2.63164375,0,1469.285,2670.10125,36.5935,40.875,38.937,40.02325,37.312,270.023125,29.99375,0,1743789024,0,1743789053,12:50:53,1743789053,1743789043,33,-0.034,0,5.138,0.123,400,18,0.5,0.06,-1.163285714,0.059796623,0.047586181,1,0.149655571,0.007157377,0.001090971,1,2,2,2-Feb,3.12502,2.72321,0.0858948,0.0869119,0.0833042,0.0828804,24540.2,22359,23996.2,23830.8,37483.6,36144.2,43250.8,42454.7,1.87185,1.8577,0.105068,0,23.2784,999.9,43.438,27.332,17.5656,53.673,44.0184,1,-0.169886,-0.644385,20.2552,5.23451,11.9905,4.95725,3.304,9999,9999,999.9,9999,1.86829,1.86399,1.87165,1.86234,1.86188,1.86829,1.85851,1.86493,5,0,0,0,11111111,oooooooo,off,off,off,off,0,100,100,5.138,0.123,3.786595246,0.004507312,-2.84E-06,7.75E-10,0.009038812,-0.005433597,0.000660104,4.95E-07,1,2226,1,22,1.1,1.1,1.0022,2.39502,1.49902,2.33887,1.54419,2.19116,31.8927,15.3491,18,498.014,436.946,25.3106,25.2639,30.0001,25.2005,25.2264,20.1145,-30,-30,25.3119,400,0,96.9447,98.979,NA
34,1743789140,5638,20250404 12:52:20,12:52:20,5,gibson,6463_mai_greenblue,1743789132,0.000129423,0.129422959,1.576847219,598.0059375,205.8012324,18.59386732,54.02904017,0.006652588,2.752868434,0.006643669,0.004153093,49.61596985,25.82343452,25.82343452,3.339164758,49.53990459,1.627491222,3.285212668,1.711673536,-5.707552505,-40.75923529,-3.153530117,-0.004348056,0,0,1,0,47973,299.9959375,252.8963897,0.842999381,0.165388806,6,0.5,0: Broadleaf,2,1743789132,598.0059375,599.9910625,18.01345,17.8609375,592.6019375,17.89345,499.9915625,90.2486875,0.099980944,25.5488,25.002925,999.9,0,0,10000.35,0,202.583375,-1.800968125,609.1671875,610.902375,0.158886625,599.9910625,17.8609375,1.626266875,1.611926875,14.2099625,14.07329375,299.9959375,0.900032188,0.099968038,0,2.6215,0,1471.68,2669.946875,36.57775,40.875,38.937,40.0465,37.312,270.005625,29.99375,0,1743789141,0,1743789165,12:52:45,1743789165,1743789158,34,-0.189,-0.004,5.404,0.12,600,18,0.53,0.12,-1.8124605,0.036576992,0.046056134,1,0.15849405,0.009679444,0.001249582,1,2,2,2-Feb,3.12492,2.72326,0.116291,0.117164,0.0834201,0.082965,23724.7,21620.2,23996.5,23832.5,37481.8,36145.8,43251.2,42457.6,1.87215,1.85837,0.104487,0,23.2819,999.9,43.438,27.352,17.5871,54.243,44.4591,1,-0.171822,-0.6089,20.2552,5.23496,11.9905,4.956,3.304,9999,9999,999.9,9999,1.8683,1.86401,1.87164,1.86239,1.86187,1.86829,1.85847,1.86493,5,0,0,0,11111111,oooooooo,off,off,off,off,0,100,100,5.404,0.12,3.752512595,0.004507312,-2.84E-06,7.75E-10,0.009424084,-0.005433597,0.000660104,4.95E-07,1,2226,1,22,1.4,1.6,1.38306,2.36938,1.49902,2.33887,1.54419,2.27539,31.8927,15.3404,18,498.079,437.243,25.271,25.2512,30,25.1866,25.2138,27.7158,-30,-30,25.2904,600,0,96.9456,98.9861,NA
35,1743789246,5744,20250404 12:54:06,12:54:06,5,gibson,6463_mai_greenblue,1743789238,0.000131478,0.131478157,2.176932986,797.274625,265.7024565,24.00774609,72.03835075,0.006770683,2.751880391,0.006761442,0.00422673,49.61538993,25.81858746,25.81858746,3.338205882,49.6142787,1.629511829,3.284360616,1.708694052,-5.79818671,-40.6736439,-3.147892115,-0.004332792,0,0,1,0,48050,299.993,252.8938646,0.842999219,0.165388492,6,0.5,0: Broadleaf,2,1743789238,797.274625,800.0125625,18.0344,17.87948125,791.707625,17.9084,500.03125,90.255775,0.099980081,25.54443125,24.99610625,999.9,0,0,9993.71375,0,202.5033125,-2.566596875,812.089125,814.57675,0.151856063,800.0125625,17.87948125,1.62743125,1.613725,14.2210375,14.09050625,299.993,0.900037625,0.099962612,0,2.668,0,1487.0025,2669.926875,36.5816875,40.875,38.937,40.050375,37.312,270.005,29.991875,0,1743789247,0,1743789268,12:54:28,1743789268,1743789264,35,-0.175,0.006,5.567,0.126,800,18,0.62,0.2,-2.576477,-0.094189173,0.061713712,1,0.15121565,0.004747985,0.001447886,1,2,2,2-Feb,3.12496,2.72336,0.142004,0.142778,0.0834873,0.0830365,23033.9,20994.1,23995.5,23833.4,37480.1,36146.9,43249.8,42459.9,1.87227,1.8589,0.103995,0,23.2842,999.9,43.414,27.362,17.5848,54.203,44.1186,1,-0.172315,-0.627356,20.255,5.23526,11.9906,4.95765,3.304,9999,9999,999.9,9999,1.86831,1.86401,1.87164,1.86237,1.86188,1.8683,1.85851,1.86493,5,0,0,0,11111111,oooooooo,off,off,off,off,0,100,100,5.567,0.126,3.564097626,0.004507312,-2.84E-06,7.75E-10,0.005688312,-0.005433597,0.000660104,4.95E-07,1,2226,1,22,1.4,1.5,1.74072,2.32788,1.4978,2.33887,1.54419,2.35962,31.9146,15.3404,18,498.069,437.463,25.3057,25.2398,30.0001,25.1761,25.2026,34.8859,-30,-30,25.3061,800,0,96.9422,98.9906,NA
36,1743789355,5853,20250404 12:55:55,12:55:55,5,gibson,6463_mai_greenblue,1743789347,0.000133535,0.133535272,2.530276799,996.827625,386.1401112,34.892403,90.07536437,0.006879414,2.751877082,0.006869874,0.004294527,49.61309568,25.82309229,25.82309229,3.339097048,49.643409,1.630961161,3.285352867,1.708135887,-5.888905513,-40.58715148,-3.141353228,-0.004314536,0,0,1,0,47919,299.978625,252.8817896,0.842999362,0.16538877,6,0.5,0: Broadleaf,2,1743789347,996.827625,1000.023563,18.0491875,17.89184375,990.958625,17.9221875,500.020125,90.26199375,0.100032856,25.54951875,24.99745,999.9,0,0,9993.005625,0,202.9216875,-3.24187375,1015.105,1018.24125,0.159639313,1000.023563,17.89184375,1.62936375,1.614955625,14.23934375,14.1022375,299.978625,0.900031875,0.09996835,0,2.71811875,0,1510.554375,2669.793125,36.562,40.875,38.937,40.02325,37.312,269.990625,29.991875,0,1743789356,0,1743789390,12:56:30,1743789390,1743789373,36,0.042,0.001,5.869,0.127,1000,18,0.43,0.18,-3.2475,-0.053722597,0.09201995,1,0.159928714,-0.002945143,0.001053117,1,2,2,2-Feb,3.1251,2.72305,0.164652,0.165317,0.0835249,0.0830831,22425.6,20443.1,23994.6,23834,37478.8,36147.5,43247.9,42460.7,1.87285,1.85975,0.103611,0,23.2862,999.9,43.414,27.392,17.6166,54.1031,44.3069,1,-0.17237,-0.646974,20.2548,5.23526,11.9903,4.95695,3.304,9999,9999,999.9,9999,1.86829,1.86399,1.87164,1.86237,1.86188,1.86831,1.8585,1.86493,5,0,0,0,11111111,oooooooo,off,off,off,off,0,100,100,5.869,0.127,3.389010294,0.004507312,-2.84E-06,7.75E-10,0.011813714,-0.005433597,0.000660104,4.95E-07,1,2226,1,22,1.4,1.5,2.08496,2.34253,1.49902,2.33887,1.54419,2.27051,31.9146,15.3141,18,498.342,437.902,25.3094,25.2321,30.0001,25.1677,25.1949,41.7332,-30,-30,25.3197,1000,0,96.9382,98.9928,NA
37,1743789482,5980,20250404 12:58:02,12:58:02,5,gibson,6463_mai_greenblue,1743789474,0.0001315,0.131499516,3.138736188,1196.053333,428.4422035,38.71011653,108.0644333,0.0067729,2.752005739,0.006763653,0.004228113,49.61876516,25.82963099,25.82963099,3.340390932,49.66112208,1.63212001,3.286514565,1.708270922,-5.799128647,-40.67571175,-3.148257931,-0.004333159,0,0,1,0,48059,300.0133333,252.911012,0.84299924,0.165388533,6,0.5,0: Broadleaf,2,1743789474,1196.053333,1200.008667,18.06424667,17.90929333,1189.831333,17.93324667,499.9856667,90.25088,0.0999683,25.55547333,25.006,999.9,0,0,9994.998,0,202.9092,-4.094531333,1217.915333,1221.892667,0.154311867,1200.008667,17.90929333,1.630256667,1.61633,14.24782,14.11536667,300.0133333,0.900036867,0.099963373,0,2.67516,0,1535.906,2670.107333,36.5746,40.875,38.937,40.02893333,37.312,270.022,29.994,0,1743789483,0,1743789514,12:58:34,1743789514,1743789500,37,0.135,0.004,6.222,0.131,1200,18,1.29,0.09,-4.09625,0.445822597,0.136200893,0,0.154859857,-0.006163948,0.001153898,1,1,2,2-Jan,3.12502,2.72334,0.18497,0.185606,0.0835642,0.0831392,21879.8,19946.8,23993.7,23834.1,37477.3,36147.1,43245.9,42460.9,1.8726,1.8601,0.103593,0,23.2941,999.9,43.389,27.392,17.6081,54.2131,44.4631,1,-0.172503,-0.558676,20.2552,5.23496,11.9893,4.9564,3.304,9999,9999,999.9,9999,1.8683,1.864,1.87164,1.86236,1.86188,1.8683,1.85851,1.86493,5,0,0,0,11111111,oooooooo,off,off,off,off,0,100,100,6.222,0.131,3.431134727,0.004507312,-2.84E-06,7.75E-10,0.012657757,-0.005433597,0.000660104,4.95E-07,1,2226,1,22,1.5,1.8,2.41333,2.30591,1.4978,2.33887,1.54419,2.40723,31.9365,15.3053,18,498.144,438.057,25.2816,25.2299,30.0001,25.1614,25.1885,48.3096,-30,-30,25.2793,1200,0,96.9341,98.9933,NA
38,1743789595,6093,20250404 12:59:55,12:59:55,5,gibson,6463_mai_greenblue,1743789587,0.000130732,0.130731739,3.711564312,1495.301875,580.5478203,52.44875763,135.0908967,0.006737078,2.753662632,0.006727935,0.00420578,49.61667996,25.82928453,25.82928453,3.340322364,49.6939328,1.633160321,3.286438061,1.707162042,-5.765269677,-40.70697468,-3.148770193,-0.00433459,0,0,1,0,47954,300.0010625,252.9006388,0.842999144,0.165388347,6,0.5,0: Broadleaf,2,1743789587,1495.301875,1499.99,18.07721875,17.9231875,1488.716875,17.94721875,500.0354375,90.2436125,0.099948863,25.55508125,25.00346875,999.9,0,0,10005.6175,0,202.9329375,-4.728904375,1522.795,1527.365,0.158517063,1499.99,17.9231875,1.6317575,1.61745125,14.26200625,14.1260875,300.0010625,0.900037563,0.099962669,0,2.63686875,0,1552.230625,2669.99625,36.5738125,40.88275,38.937,40.050375,37.312,270.0125,29.991875,0,1743789596,0,1743789636,13:00:36,1743789636,1743789613,38,0.036,-0.001,6.585,0.13,1500,18,1.02,0.15,-4.731851429,0.092426494,0.081116046,1,0.15813119,0.009647766,0.001403781,1,2,2,2-Feb,3.12499,2.72328,0.212313,0.212801,0.0835978,0.083173,21145.3,19281.6,23992.2,23834.2,37475.9,36147.9,43243.3,42461,1.87262,1.86077,0.103936,0,23.3043,999.9,43.389,27.402,17.6195,54.2531,43.9704,1,-0.172647,-0.568159,20.2552,5.23406,11.9896,4.95575,3.304,9999,9999,999.9,9999,1.86829,1.86401,1.87164,1.86235,1.86186,1.86829,1.85849,1.86493,5,0,0,0,11111111,oooooooo,off,off,off,off,0,100,100,6.585,0.13,3.567473698,0.004507312,-2.84E-06,7.75E-10,0.016513031,-0.005433597,0.000660104,4.95E-07,1,2226,1,22,1.4,1.6,2.88452,2.29858,1.4978,2.33887,1.54419,2.41699,31.9585,15.2966,18,498.142,438.439,25.309,25.2299,30.0001,25.1593,25.1864,57.7344,-30,-30,25.297,1500,0,96.9279,98.9936,NA
40,1743790745,7242.9,20250404 13:19:05,13:19:05,5,gibson,TT24_132_mai_orangeblue,1743790737,1.56E-05,0.015637709,-0.001699295,399.9853333,391.1577632,35.32123788,36.11836051,0.000813301,2.749308252,0.000813167,0.000508242,49.61409301,25.71693352,25.71693352,3.318151411,50.00131959,1.629212099,3.258338204,1.688939312,-0.689622977,-45.41584027,-3.514037438,-0.005407673,0,0,1,0,48031,299.9819333,252.8848118,0.84300014,0.16539027,6,0.5,0: Broadleaf,2,1743790737,399.9853333,399.9908,18.04237333,18.02394667,394.7013333,17.91237333,500.0004,90.19921333,0.099998907,25.41052667,24.99735333,999.9,0,0,9984.748667,0,153.2174667,-0.067325893,407.2711333,407.3324,0.01733498,399.9908,18.02394667,1.62731,1.625747333,14.21988,14.20503333,299.9819333,0.900008533,0.099991207,0,2.687993333,0,458.4875333,2669.801333,37.00413333,41.312,39.42046667,40.312,37.65806667,269.986,30,0,1743790746,0,1743790765,13:19:25,1743790765,1743790762,41,0.062,0.001,5.284,0.13,400,18,0.34,0.11,-0.052910248,-0.227776364,0.044144141,0,0.017111719,0.00672759,0.001582872,1,1,2,2-Jan,3.12506,2.72333,0.0859732,0.0868209,0.0833806,0.083417,24497.4,22348.6,23957.6,23818.4,37423.9,36108,43185.6,42437.4,1.8702,1.85317,0.0658333,0,23.9319,999.9,43.536,27.503,17.7939,54.483,43.722,1,-0.146809,-0.291718,20.2562,5.23511,11.9894,4.95755,3.304,9999,9999,999.9,9999,1.86829,1.86399,1.87163,1.86234,1.86188,1.86829,1.85847,1.86493,5,0,0,0,11111111,oooooooo,off,off,off,off,0,100,100,5.284,0.13,3.837561556,0.004507312,-2.84E-06,7.75E-10,0.011617608,-0.005433597,0.000660104,4.95E-07,1,2226,1,22,3.7,4,1.0022,2.36572,1.4978,2.33887,1.54419,2.38159,31.9585,15.1565,18,499.125,436.321,24.5624,25.5268,30.0001,25.4607,25.4824,20.0999,-30,-30,24.567,400,0,96.7949,98.9348,NA
41,1743790851,7348.9,20250404 13:20:51,13:20:51,5,gibson,TT24_132_mai_orangeblue,1743790843,1.50E-05,0.014981848,-0.026162084,300.0121333,343.9016275,31.05303853,27.08998036,0.000778006,2.752355616,0.000777884,0.000486189,49.6162309,25.72821706,25.72821706,3.320372243,49.95942447,1.628950957,3.260547884,1.691421286,-0.660699477,-45.44790937,-3.513025785,-0.005403739,0,0,1,0,47913,299.9964,252.8968752,0.8429997,0.165389421,6,0.5,0: Broadleaf,2,1743790843,300.0121333,299.9861333,18.04006667,18.02241333,295.4031333,17.91306667,500.0157333,90.1963,0.099982553,25.42193333,25.00648667,999.9,0,0,10003.11933,0,153.238,0.420524133,305.9264,305.4918667,0.020513533,299.9861333,18.02241333,1.627406,1.625556,14.22078,14.2032,299.9964,0.9000148,0.09998492,0,2.67824,0,457.8297333,2669.937333,37.05786667,41.3162,39.437,40.3204,37.687,270,29.99666667,0,1743790852,0,1743790878,13:21:18,1743790878,1743790867,42,-0.394,-0.002,4.609,0.127,300,18,0.51,0.11,0.422530429,-0.066504623,0.032969242,1,0.020552681,-0.000315023,0.001136021,1,2,2,2-Feb,3.12503,2.72334,0.06823,0.0691119,0.0833817,0.0834095,24971.9,22782.5,23956.6,23819.1,37420.8,36107.8,43183.8,42438.4,1.86998,1.8528,0.0651181,0,23.9379,999.9,43.56,27.503,17.8028,54.293,43.5697,1,-0.146733,-0.250517,20.2563,5.23511,11.9896,4.9573,3.304,9999,9999,999.9,9999,1.86829,1.86398,1.87164,1.86235,1.86187,1.86832,1.85845,1.86493,5,0,0,0,11111111,oooooooo,off,off,off,off,0,100,100,4.609,0.127,3.899662494,0.004507312,-2.84E-06,7.75E-10,0.012530456,-0.005433597,0.000660104,4.95E-07,1,2226,1,22,1.4,1.5,0.802002,2.3645,1.4978,2.33887,1.54419,2.2998,31.9585,15.1477,18,499.042,436.168,24.5613,25.5268,30.0002,25.4671,25.4909,16.0871,-30,-30,24.5511,300,0,96.791,98.9373,NA
42,1743790959,7456.9,20250404 13:22:39,13:22:39,5,gibson,TT24_132_mai_orangeblue,1743790951,1.68E-05,0.016755737,-0.133825703,200.1625,436.1517265,39.37978635,18.07251011,0.000871322,2.755204851,0.000871169,0.000544494,49.61662059,25.7139811,25.7139811,3.317570528,49.98701052,1.628547259,3.257940898,1.689023269,-0.738928008,-45.3794494,-3.503619014,-0.005375841,0,0,1,0,47832,299.9990625,252.8990934,0.842999613,0.165389252,6,0.5,0: Broadleaf,2,1743790951,200.1625,200.0059375,18.0370125,18.01726875,195.9335,17.9080125,500.0118125,90.1893,0.099890587,25.408475,24.99456875,999.9,0,0,10020.78875,0,152.6221875,0.213224313,203.896625,203.6755,0.018419263,200.0059375,18.01726875,1.626625625,1.624964375,14.21338125,14.1976,299.9990625,0.900015125,0.099984594,0,2.69525625,0,457.7075,2669.959375,37.062,41.3159375,39.437,40.3435,37.687,270.005,29.99625,0,1743790960,0,1743790995,13:23:15,1743790995,1743790975,43,-0.056,0.002,4.229,0.129,200,18,0.29,0.1,0.227719952,0.027963273,0.05424713,1,0.017942876,0.005353769,0.001523787,1,2,2,2-Feb,3.12492,2.7235,0.0480006,0.0489252,0.0833554,0.0833822,25512.4,23276.5,23955,23819,37418.2,36107.5,43181.5,42438.7,1.8697,1.85245,0.0637174,0,23.9419,999.9,43.56,27.503,17.8031,54.2031,43.9423,1,-0.146809,-0.274962,20.2564,5.23466,11.9908,4.95725,3.304,9999,9999,999.9,9999,1.86829,1.86401,1.87164,1.86234,1.86188,1.86829,1.85851,1.86493,5,0,0,0,11111111,oooooooo,off,off,off,off,0,100,100,4.229,0.129,3.505565548,0.004507312,-2.84E-06,7.75E-10,0.010447853,-0.005433597,0.000660104,4.95E-07,1,2226,1,22,1.4,1.5,0.593262,2.37183,1.49902,2.33887,1.54419,2.31567,31.9365,15.139,18,498.913,436,24.5103,25.5246,30.0001,25.4713,25.4957,11.8981,-30,-30,24.5114,200,0,96.7854,98.9375,NA
43,1743791087,7584.9,20250404 13:24:47,13:24:47,5,gibson,TT24_132_mai_orangeblue,1743791079,1.86E-05,0.018556686,-0.152344241,100.1720333,346.3836726,31.27665849,9.04501778,0.00096324,2.75411631,0.000963053,0.000601925,49.61835553,25.71857802,25.71857802,3.318475002,49.90202133,1.626258838,3.258903737,1.692216164,-0.818349852,-45.30587891,-3.4994896,-0.005362834,0,0,1,0,48122,300.0110667,252.9090832,0.84299918,0.165388417,6,0.5,0: Broadleaf,2,1743791079,100.1720333,99.99145333,18.01054,17.98867333,96.18003333,17.88454,500.0068,90.19488,0.099960573,25.41344667,24.99968667,999.9,0,0,10013.71333,0,153.405,0.046457947,101.8729333,101.8231333,0.024577587,99.99145333,17.98867333,1.624704667,1.622488,14.19514667,14.17404667,300.0110667,0.900021,0.0999787,0,2.77512,0,458.0896,2670.072667,37.0956,41.3456,39.4958,40.375,37.7332,270.016,29.99266667,0,1743791088,0,1743791107,13:25:07,1743791107,1743791103,44,0.135,-0.002,3.992,0.126,100,18,0.41,0.22,0.047039415,-0.027059761,0.031165939,1,0.024843505,0.002295153,0.001669729,1,2,2,2-Feb,3.12499,2.72317,0.0247726,0.025772,0.0832808,0.0832888,26133.9,23843.6,23954,23819.5,37417.2,36109.8,43179.2,42439.2,1.86945,1.85235,0.065282,0,23.9312,999.9,43.536,27.503,17.7929,53.9731,43.8141,1,-0.147332,-0.285158,20.2562,5.23361,11.9909,4.95745,3.304,9999,9999,999.9,9999,1.86829,1.864,1.87164,1.86236,1.86186,1.86829,1.85851,1.86493,5,0,0,0,11111111,oooooooo,off,off,off,off,0,100,100,3.992,0.126,3.449942304,0.004507312,-2.84E-06,7.75E-10,0.011939844,-0.005433597,0.000660104,4.95E-07,1,2226,1,22,1.5,1.9,0.375977,2.39746,1.49902,2.33887,1.54419,2.33765,31.8927,15.1215,18,498.781,435.954,24.5577,25.5203,30.0002,25.4734,25.4973,7.54784,-30,-30,24.5579,100,0,96.7807,98.939,NA
44,1743791193,7690.9,20250404 13:26:33,13:26:33,5,gibson,TT24_132_mai_orangeblue,1743791185,2.01E-05,0.020139325,-0.162580096,50.18839333,294.1624571,26.56415321,4.532230873,0.001043661,2.750997148,0.001043441,0.00065217,49.61998746,25.71631302,25.71631302,3.318029322,49.80093383,1.622756152,3.258485389,1.695273169,-0.888144238,-45.23899472,-3.498207566,-0.005359065,0,0,1,0,47885,300.0190667,252.9159872,0.842999713,0.165389447,6,0.5,0: Broadleaf,2,1743791185,50.18839333,49.99450667,17.96985333,17.94612,46.18639333,17.84485333,499.9910667,90.20445333,0.099909333,25.41128667,25.00822,999.9,0,0,9994.168,0,153.4119333,-0.020608524,50.88841333,50.90811333,0.024473313,49.99450667,17.94612,1.621028667,1.618821333,14.16017333,14.13912667,300.0190667,0.900021,0.0999787,0,2.72816,0,458.0880667,2670.143333,37.1166,41.375,39.5,40.3666,37.7416,270.0226667,29.99933333,0,1743791194,0,1743791222,13:27:02,1743791222,1743791210,45,0.215,0,4.002,0.125,50,18,0.29,0.35,-0.011557441,-0.079005024,0.025369647,1,0.023986086,0.008568078,0.00141777,1,2,2,2-Feb,3.12492,2.7235,0.0120696,0.0131041,0.0831437,0.0831371,26472.1,24153.7,23952,23819.4,37419.1,36115.2,43176.1,42439.6,1.86922,1.8523,0.0641532,0,23.9419,999.9,43.487,27.513,17.7823,54.6231,44.0385,1,-0.146819,-0.236027,20.2561,5.23526,11.9909,4.9576,3.304,9999,9999,999.9,9999,1.86829,1.86401,1.87164,1.86234,1.86186,1.86829,1.85849,1.86493,5,0,0,0,11111111,oooooooo,off,off,off,off,0,100,100,4.002,0.125,3.585315622,0.004507312,-2.84E-06,7.75E-10,0.009686238,-0.005433597,0.000660104,4.95E-07,1,2226,1,22,1.4,1.5,0.266113,2.43652,1.49902,2.33887,1.54419,2.34009,31.9146,15.1039,18,498.686,435.965,24.5309,25.5246,30.0001,25.4782,25.5024,5.36456,-30,-30,24.5259,50,0,96.7732,98.9395,NA
45,1743791314,7811.9,20250404 13:28:34,13:28:34,5,gibson,TT24_132_mai_orangeblue,1743791306,2.06E-05,0.020603177,0.174592606,399.7866667,130.0631932,11.74547578,36.10310107,0.001068259,2.752349195,0.001068029,0.000667539,49.61565642,25.71290619,25.71290619,3.317359064,49.81558962,1.622933368,3.257882483,1.694425696,-0.908600115,-45.21767786,-3.494727081,-0.005348642,0,0,1,0,47924,299.9935333,252.8944066,0.842999527,0.165389086,6,0.5,0: Broadleaf,2,1743791306,399.7866667,400.0060667,17.97150667,17.94722667,394.5066667,17.84150667,499.9894667,90.20596667,0.099949167,25.40817333,25.00112,999.9,0,0,10002.00933,0,153.4296,-0.3145244,407.0042667,407.3162,0.01977412,400.0060667,17.94722667,1.62073,1.618946667,14.15733333,14.14034,299.9935333,0.900014733,0.099984987,0,2.750626667,0,453.7193333,2669.910667,37.125,41.42873333,39.50413333,40.375,37.75,269.9993333,29.99466667,0,1743791315,0,1743791332,13:28:52,1743791332,1743791332,46,0.094,0.005,5.28,0.13,400,18,0.16,0.13,-0.3199005,0.290268632,0.047178889,0,0.02003613,-0.000769516,0.00116475,1,1,2,2-Jan,3.12509,2.72323,0.0859454,0.086823,0.0831281,0.0831481,24490.9,22349,23950.5,23818.9,37423.6,36120.3,43173.2,42439.3,1.86963,1.853,0.0649951,0,23.9344,999.9,43.414,27.513,17.7516,53.9831,43.6779,1,-0.146148,-0.252252,20.2561,5.23496,11.99,4.95565,3.304,9999,9999,999.9,9999,1.86829,1.86401,1.87164,1.86234,1.86188,1.86829,1.85847,1.86493,5,0,0,0,11111111,oooooooo,off,off,off,off,0,100,100,5.28,0.13,3.800774479,0.004507312,-2.84E-06,7.75E-10,0.009504585,-0.005433597,0.000660104,4.95E-07,1,2226,1,22,1.5,1.7,1.0022,2.39502,1.49902,2.33887,1.54419,2.18384,31.8927,15.0864,18,498.988,436.438,24.5548,25.531,30.0001,25.4862,25.51,20.1055,-30,-30,24.5543,400,0,96.7669,98.9384,NA
46,1743791421,7918.9,20250404 13:30:21,13:30:21,5,gibson,TT24_132_mai_orangeblue,1743791413,2.28E-05,0.022753818,0.077522882,399.90125,283.9179673,25.64164062,36.11650306,0.001176997,2.7510303,0.001176717,0.000735474,49.61849565,25.71862875,25.71862875,3.318484985,49.70321195,1.619865594,3.259076287,1.698619391,-1.003443373,-45.13051452,-3.489871122,-0.005333366,0,0,1,0,47718,300.011625,252.9095786,0.842999263,0.165388577,6,0.5,0: Broadleaf,2,1743791413,399.90125,400.0051875,17.93601875,17.90920625,394.57025,17.80501875,500.04375,90.2134625,0.1000913,25.4143375,25.0023875,999.9,0,0,9993.36625,0,153.4081875,-0.155857063,407.1518125,407.29975,0.025967963,400.0051875,17.90920625,1.617995,1.6156525,14.13124375,14.1089,300.011625,0.900021,0.0999787,0,2.7056625,0,452.3068125,2670.0775,37.125,41.437,39.5465,40.375,37.769375,270.0175,29.99375,0,1743791422,0,1743791446,13:30:46,1743791446,1743791441,47,0.052,0.001,5.331,0.131,400,18,0.46,0.16,-0.1472122,-0.091663308,0.036743737,1,0.025438415,0.014879959,0.001826111,1,2,2,2-Feb,3.12511,2.72295,0.0859492,0.0868256,0.0830107,0.0830176,24489.3,22348.8,23949,23818.8,37426.3,36125.1,43170.8,42439,1.86963,1.85322,0.0649318,0,23.9359,999.9,43.316,27.513,17.7102,54.4431,43.4335,1,-0.146186,-0.267358,20.2557,5.23436,11.9902,4.9559,3.304,9999,9999,999.9,9999,1.86829,1.86401,1.87164,1.86235,1.86188,1.8683,1.85848,1.86493,5,0,0,0,11111111,oooooooo,off,off,off,off,0,100,100,5.331,0.131,3.894931569,0.004507312,-2.84E-06,7.75E-10,0.014841259,-0.005433597,0.000660104,4.95E-07,1,2226,1,22,1.5,1.5,1.0022,2.39746,1.4978,2.33887,1.54419,2.20215,31.8927,15.0689,18,498.987,436.583,24.5389,25.5332,30,25.4862,25.5116,20.0975,-30,-30,24.535,400,0,96.7612,98.9377,NA
47,1743791538,8035.9,20250404 13:32:18,13:32:18,5,gibson,TT24_132_mai_orangeblue,1743791530,2.49E-05,0.024871752,0.138741287,599.8176667,411.4342364,37.15992135,54.17433782,0.001285469,2.754634247,0.001285136,0.00080324,49.6187751,25.70810824,25.70810824,3.31641532,49.6185262,1.61618599,3.257222884,1.70022933,-1.096844244,-45.04860239,-3.478628242,-0.005299777,0,0,1,0,47779,300.0130667,252.9108152,0.842999333,0.165388713,6,0.5,0: Broadleaf,2,1743791530,599.8176667,600.0020667,17.89439333,17.86508,594.0806667,17.76539333,499.9776667,90.21808667,0.099923007,25.40476667,24.99948667,999.9,0,0,10014.208,0,153.3807333,-0.1361856,610.7965333,610.9161333,0.03083166,600.0020667,17.86508,1.614535333,1.611754,14.09824,14.07163333,300.0130667,0.900020933,0.09997876,0,2.765613333,0,450.0842667,2670.09,37.12913333,41.458,39.562,40.375,37.77066667,270.0186667,29.99466667,0,1743791539,0,1743791572,13:32:52,1743791572,1743791556,48,-0.049,-0.001,5.737,0.129,600,18,0.49,0.15,-0.106228551,-0.278978058,0.083674665,0,0.030419065,0.002660612,0.001177377,1,1,2,2-Jan,3.12506,2.72345,0.116365,0.117032,0.082879,0.0828739,23673.6,21610.7,23948,23819.8,37432.9,36134.9,43169.1,42441,1.86955,1.8535,0.0647306,0,23.9238,999.9,43.243,27.533,17.6987,54.7131,43.8782,1,-0.146306,-0.272685,20.256,5.23421,11.9912,4.9557,3.304,9999,9999,999.9,9999,1.86829,1.86401,1.87164,1.86234,1.86187,1.86829,1.85843,1.86493,5,0,0,0,11111111,oooooooo,off,off,off,off,0,100,100,5.737,0.129,3.9465,0.00450731,-2.84E-06,7.75E-10,0.015938713,-0.005433597,0.000660104,4.95E-07,1,2226,1,22,1.5,1.6,1.38062,2.33765,1.4978,2.33887,1.54419,2.41821,31.8927,15.0689,18,498.943,436.749,24.5545,25.531,30.0002,25.4862,25.5122,27.6992,-30,-30,24.5561,600,0,96.7573,98.9422,NA
48,1743791664,8161.9,20250404 13:34:24,13:34:24,5,gibson,TT24_132_mai_orangeblue,1743791656,2.52E-05,0.025185424,0.34867339,799.5805333,351.6312837,31.76166561,72.22340761,0.001297474,2.75262113,0.001297135,0.00081074,49.61693591,25.72271298,25.72271298,3.319288766,49.48959294,1.613376163,3.260031184,1.705912603,-1.110677198,-45.03122437,-3.480338291,-0.005303954,0,0,1,0,47967,300.0030667,252.9022892,0.842999013,0.165388096,6,0.5,0: Broadleaf,2,1743791656,799.5805333,800.0230667,17.86158,17.8319,793.8435333,17.72558,500.0452667,90.22662667,0.0999941,25.41926667,25.00279333,999.9,0,0,10001.33,0,153.349,-0.104508407,814.4602,814.5479333,0.022415167,800.0230667,17.8319,1.610933333,1.608909333,14.06378667,14.04442,300.0030667,0.900021,0.0999787,0,2.730806667,0,448.9866667,2670.000667,37.17046667,41.4958,39.562,40.4122,37.812,270.0086667,29.99,0,1743791665,0,1743791705,13:35:05,1743791572,1743791681,49,-0.049,0.007,5.737,0.136,600,18,0.49,0.23,-0.098199676,-0.249945982,0.051260487,0,0.022682648,-0.004853906,0.000917657,1,1,2,2-Jan,3.12493,2.72328,0.142115,0.142642,0.0827428,0.0827765,22983.4,20985,23947.3,23820.6,37439.1,36142.3,43167.3,42442.8,1.86965,1.8544,0.0654086,0,23.9258,999.9,43.145,27.513,17.6368,54.2331,43.5737,1,-0.146761,-0.331343,20.256,5.23466,11.9915,4.95695,3.304,9999,9999,999.9,9999,1.86829,1.86401,1.87164,1.86235,1.86187,1.86831,1.85848,1.86493,5,0,0,0,11111111,oooooooo,off,off,off,off,0,100,100,5.737,0.136,3.897633531,0.004507312,-2.84E-06,7.75E-10,0.014893194,-0.005433597,0.000660104,4.95E-07,1,2226,1,22,1.5,1.8,1.7395,2.33276,1.4978,2.33765,1.54419,2.37183,31.8707,15.0514,18,498.998,437.263,24.558,25.5262,30.0001,25.4855,25.51,34.8602,-30,-30,24.5716,800,0,96.7536,98.9461,NA
49,1743791792,8289.9,20250404 13:36:32,13:36:32,5,gibson,TT24_132_mai_orangeblue,1743791784,2.13E-05,0.021260265,0.368298673,999.561125,439.0419558,39.66115651,90.29604049,0.001095167,2.751212308,0.001094925,0.00068435,49.61202116,25.71062112,25.71062112,3.316909567,49.44632319,1.610692631,3.257456829,1.706216936,-0.937577667,-45.18613532,-3.493653687,-0.005345518,0,0,1,0,47690,299.9720625,252.8762631,0.842999381,0.165388806,6,0.5,0: Broadleaf,2,1743791784,999.561125,1000.028562,17.83008125,17.805025,993.478125,17.69508125,500.0235625,90.23556875,0.100117813,25.405975,25.0003375,999.9,0,0,9991.995625,0,153.3525,-0.215835519,1017.964375,1018.15625,0.025733831,1000.028562,17.805025,1.60896875,1.60664625,14.044975,14.02269375,299.9720625,0.900009312,0.099990425,0,2.65095625,0,447.4293125,2669.71375,37.187,41.5,39.562,40.437,37.812,269.9775,29.990625,0,1743791793,0,1743791833,13:37:13,1743791833,1743791810,50,-0.252,0,6.083,0.135,1000,18,0.96,0.08,-0.220252586,0.099152774,0.095748541,1,0.025695443,-0.001092148,0.000815992,1,2,2,2-Feb,3.12495,2.72299,0.16475,0.165167,0.0826567,0.0826946,22376.3,20434.7,23946.1,23821.3,37443.2,36148.4,43165.6,42444.1,1.86998,1.855,0.0654683,0,23.9329,999.9,43.072,27.513,17.6051,54.873,43.8822,1,-0.146979,-0.345692,20.2558,5.23301,11.9896,4.9566,3.304,9999,9999,999.9,9999,1.86829,1.86401,1.87164,1.86235,1.86186,1.86829,1.85845,1.86493,5,0,0,0,11111111,oooooooo,off,off,off,off,0,100,100,6.083,0.135,3.897633531,0.004507312,-2.84E-06,7.75E-10,0.022388843,-0.005433597,0.000660104,4.95E-07,1,2226,1,22,3.7,1.9,2.08252,2.31323,1.4978,2.33887,1.54419,2.38281,31.8707,15.0339,18,499.179,437.617,24.4931,25.5246,30,25.4841,25.51,41.7083,-30,-30,24.493,1000,0,96.7496,98.9491,NA
50,1743791923,8420.9,20250404 13:38:43,13:38:43,5,gibson,TT24_132_mai_orangeblue,1743791915,2.26E-05,0.022552844,0.41630568,1199.470667,596.3923947,53.8710435,108.3460102,0.001158441,2.752665311,0.00115817,0.00072388,49.61802695,25.72458131,25.72458131,3.319656511,49.34267632,1.608695623,3.260252064,1.710960888,-0.994580421,-45.14003159,-3.488744435,-0.005329495,0,0,1,0,47889,300.0092667,252.9075498,0.842999127,0.165388315,6,0.5,0: Broadleaf,2,1743791915,1199.470667,1200.002667,17.80945333,17.78287333,1192.946667,17.67245333,500.0268667,90.2282,0.09998656,25.42040667,25.00388667,999.9,0,0,10001.41733,0,153.349,-0.754296933,1220.989333,1221.726667,0.024595387,1200.002667,17.78287333,1.606734667,1.604516667,14.02355333,14.00225333,300.0092667,0.900021,0.0999787,0,2.761026667,0,446.0575333,2670.056,37.187,41.5,39.583,40.4454,37.8246,270.0153333,29.992,0,1743791924,0,1743791946,13:39:06,1743791946,1743791939,51,0.222,0.003,6.524,0.137,1200,18,1.17,0.2,-0.75905765,-0.056237368,0.059808657,1,0.024733155,0.000664453,0.000971549,1,2,2,2-Feb,3.12499,2.72347,0.185091,0.185412,0.0825769,0.0826149,21830.5,19938.6,23944.6,23820.1,37445.6,36151.6,43162.5,42442.3,1.87,1.85525,0.0653863,0,23.9258,999.9,42.998,27.513,17.5768,54.553,43.3854,1,-0.146794,-0.267277,20.2559,5.23466,11.9906,4.9571,3.304,9999,9999,999.9,9999,1.86829,1.864,1.87164,1.86234,1.86186,1.8683,1.85843,1.86493,5,0,0,0,11111111,oooooooo,off,off,off,off,0,100,100,6.524,0.137,3.645825959,0.004507312,-2.84E-06,7.75E-10,0.022149262,-0.005433597,0.000660104,4.95E-07,1,2226,1,22,1.5,1.9,2.41333,2.32544,1.4978,2.33765,1.54419,2.29492,31.8707,15.0164,18,499.21,437.764,24.5643,25.5268,30.0001,25.4862,25.51,48.2876,-30,-30,24.5575,1200,0,96.743,98.9446,NA
51,1743792027,8524.9,20250404 13:40:27,13:40:27,5,gibson,TT24_132_mai_orangeblue,1743792019,2.18E-05,0.021842853,0.635197756,1499.241625,560.2865318,50.60629159,135.4147468,0.001120937,2.751053832,0.001120683,0.00070045,49.61699986,25.72708537,25.72708537,3.320149445,49.30689705,1.607734506,3.260668592,1.71241494,-0.963269815,-45.16618022,-3.492891829,-0.005342005,0,0,1,0,47913,300.0035,252.9026505,0.842999,0.16538807,6,0.5,0: Broadleaf,2,1743792019,1499.241625,1500.043125,17.8,17.77425625,1492.475625,17.663,500.0215625,90.22216875,0.099994488,25.42255625,25.0045875,999.9,0,0,9992.54125,0,153.349,-0.718650813,1526.4975,1527.188125,0.026081206,1500.043125,17.77425625,1.605985,1.6036325,14.01635625,13.99375625,300.0035,0.900021,0.0999787,0,2.7544375,0,445.113625,2670.00375,37.2185,41.5,39.6131875,40.4960625,37.8435,270.01,29.99,0,1743792028,0,1743792058,13:40:58,1743792058,1743792045,52,-0.086,0.001,6.766,0.137,1500,18,0.68,0.11,-0.74042619,0.07597239,0.092007608,1,0.025867914,-0.00018974,0.001222514,1,2,2,2-Feb,3.12503,2.72307,0.212439,0.212613,0.0825331,0.0825815,21098.1,19274,23944,23820.7,37448.7,36155.2,43161.3,42442.6,1.87025,1.8561,0.0661686,0,23.9299,999.9,42.925,27.533,17.5699,54.683,43.6418,1,-0.147088,-0.282873,20.256,5.23466,11.9902,4.9568,3.304,9999,9999,999.9,9999,1.86829,1.86396,1.87164,1.86234,1.86188,1.86829,1.85845,1.86493,5,0,0,0,11111111,oooooooo,off,off,off,off,0,100,100,6.766,0.137,3.869269989,0.004507312,-2.84E-06,7.75E-10,0.024644802,-0.005433597,0.000660104,4.95E-07,1,2226,1,22,1.4,1.5,2.8833,2.34131,1.4978,2.33765,1.54419,2.23633,31.8927,14.9901,18,499.342,438.249,24.5439,25.5225,30,25.4841,25.5079,57.7039,-30,-30,24.5447,1500,0,96.7403,98.9459,NA