ec5_branch_owner_uuid,ec5_branch_uuid,created_at,uploaded_at,created_by,title,4_id,5_status,6_flowers,7_note,8_photo
145ae3f3-1ebf-491d-a096-8daa4d8809fc,dca181aa-c457-4c8d-9945-802c4784d8e8,2025-04-06T18:12:58.000Z,2025-04-06T18:14:03.000Z,jumboz2023@gmail.com,"6463_mai_greenblue 1",6463_mai_greenblue,1,no,,dca181aa-c457-4c8d-9945-802c4784d8e8_1743963176.jpg
145ae3f3-1ebf-491d-a096-8daa4d8809fc,85b46330-83bf-4944-bfba-f810bfd738fd,2025-04-06T18:12:33.000Z,2025-04-06T18:14:02.000Z,jumboz2023@gmail.com,"511_mai_purpleblue 0",511_mai_purpleblue,0,no,,85b46330-83bf-4944-bfba-f810bfd738fd_1743963144.jpg
145ae3f3-1ebf-491d-a096-8daa4d8809fc,62def383-08df-4468-81b9-204b4ba578ba,2025-04-06T18:12:08.000Z,2025-04-06T18:14:00.000Z,jumboz2023@gmail.com,"6886_mai_redblue 1",6886_mai_redblue,1,no,,62def383-08df-4468-81b9-204b4ba578ba_1743963125.jpg
145ae3f3-1ebf-491d-a096-8daa4d8809fc,81fa1688-c5eb-4842-bca6-76d863112453,2025-04-06T18:11:51.000Z,2025-04-06T18:13:59.000Z,jumboz2023@gmail.com,"TT24_206_mai_purpleblue 1",TT24_206_mai_purpleblue,1,yes,,81fa1688-c5eb-4842-bca6-76d863112453_1743963108.jpg
145ae3f3-1ebf-491d-a096-8daa4d8809fc,7f486c6a-e1ce-498b-bf80-9c4a83cdc4e4,2025-04-06T18:11:13.000Z,2025-04-06T18:13:58.000Z,jumboz2023@gmail.com,"TT24_231_mai_greenblue 1",TT24_231_mai_greenblue,1,yes,,7f486c6a-e1ce-498b-bf80-9c4a83cdc4e4_1743963068.jpg
145ae3f3-1ebf-491d-a096-8daa4d8809fc,d96f7838-7f37-4704-9b90-ddda7ceb7e8d,2025-04-06T18:10:46.000Z,2025-04-06T18:13:56.000Z,jumboz2023@gmail.com,"TT24_132_mai_orangeblue 1",TT24_132_mai_orangeblue,1,no,"2 individuals",d96f7838-7f37-4704-9b90-ddda7ceb7e8d_1743963041.jpg
145ae3f3-1ebf-491d-a096-8daa4d8809fc,45869b79-14b8-4316-837b-e8f3ce1c7ac0,2025-04-06T18:10:16.000Z,2025-04-06T18:13:55.000Z,jumboz2023@gmail.com,"2247_mai_orangeblue 0",2247_mai_orangeblue,0,no,,45869b79-14b8-4316-837b-e8f3ce1c7ac0_1743963013.jpg
145ae3f3-1ebf-491d-a096-8daa4d8809fc,9f2c1628-3df6-4b3e-a74d-c86cc9492ef0,2025-04-06T18:10:00.000Z,2025-04-06T18:13:54.000Z,jumboz2023@gmail.com,"2776_mai_whiteblue 1",2776_mai_whiteblue,1,no,"3individuals, 3rd individual died by disease?",9f2c1628-3df6-4b3e-a74d-c86cc9492ef0_1743962955.jpg
145ae3f3-1ebf-491d-a096-8daa4d8809fc,b63ca4a9-55cf-467d-8668-c380854ccdc6,2025-04-06T18:08:48.000Z,2025-04-06T18:13:53.000Z,jumboz2023@gmail.com,"682_mai_whiteblue 0",682_mai_whiteblue,0,no,Disease?,b63ca4a9-55cf-467d-8668-c380854ccdc6_1743962925.jpg
145ae3f3-1ebf-491d-a096-8daa4d8809fc,2c781e5a-7e9e-460f-82ac-41c56432d033,2025-04-06T18:08:19.000Z,2025-04-06T18:13:51.000Z,jumboz2023@gmail.com,"6027_mai_yellowblue 1",6027_mai_yellowblue,1,no,,2c781e5a-7e9e-460f-82ac-41c56432d033_1743962894.jpg
145ae3f3-1ebf-491d-a096-8daa4d8809fc,eacf23cb-115a-4fe5-9ca8-0252404aafc6,2025-04-06T18:07:57.000Z,2025-04-06T18:13:50.000Z,jumboz2023@gmail.com,"5077_mai_yellowblue 1",5077_mai_yellowblue,1,no,,eacf23cb-115a-4fe5-9ca8-0252404aafc6_1743962871.jpg
145ae3f3-1ebf-491d-a096-8daa4d8809fc,fe6ea27b-b734-494b-80fa-6d826548a8c8,2025-04-06T18:07:29.000Z,2025-04-06T18:13:48.000Z,jumboz2023@gmail.com,"1401_mai_blueblue 1",1401_mai_blueblue,1,no,"2 individuals",fe6ea27b-b734-494b-80fa-6d826548a8c8_1743962843.jpg
145ae3f3-1ebf-491d-a096-8daa4d8809fc,ce299a13-1fba-4d5a-bc07-8b0e9a879cf0,2025-04-06T18:07:08.000Z,2025-04-06T18:13:47.000Z,jumboz2023@gmail.com,"TT24_212_mai_blueblue 1",TT24_212_mai_blueblue,1,yes,"Barely alive",ce299a13-1fba-4d5a-bc07-8b0e9a879cf0_1743962824.jpg
145ae3f3-1ebf-491d-a096-8daa4d8809fc,770fdb2b-5393-49a9-93f8-3c6c3ca6086a,2025-04-06T18:06:31.000Z,2025-04-06T18:13:46.000Z,jumboz2023@gmail.com,"2692_mai_pinkblue 1",2692_mai_pinkblue,1,no,"2 individuals",770fdb2b-5393-49a9-93f8-3c6c3ca6086a_1743962771.jpg
145ae3f3-1ebf-491d-a096-8daa4d8809fc,36c5208a-3b63-4778-9cb6-6eb0233bfb63,2025-04-06T18:05:56.000Z,2025-04-06T18:13:43.000Z,jumboz2023@gmail.com,"4804_mai_pinkblue 1",4804_mai_pinkblue,1,no,,36c5208a-3b63-4778-9cb6-6eb0233bfb63_1743962752.jpg
145ae3f3-1ebf-491d-a096-8daa4d8809fc,1edee1dc-4f3e-4e84-845b-565b92ecab37,2025-04-06T18:05:38.000Z,2025-04-06T18:13:42.000Z,jumboz2023@gmail.com,"5607_mai_redblue 0",5607_mai_redblue,0,no,,1edee1dc-4f3e-4e84-845b-565b92ecab37_1743962735.jpg
145ae3f3-1ebf-491d-a096-8daa4d8809fc,1774385a-bdc4-4941-9f79-63a3ae0d9403,2025-04-06T18:05:15.000Z,2025-04-06T18:13:41.000Z,jumboz2023@gmail.com,"5015_mai_orange 1",5015_mai_orange,1,no,,1774385a-bdc4-4941-9f79-63a3ae0d9403_1743962712.jpg
145ae3f3-1ebf-491d-a096-8daa4d8809fc,83a17d19-0db7-48b4-93fc-8bc31a09033d,2025-04-06T18:04:23.000Z,2025-04-06T18:13:39.000Z,jumboz2023@gmail.com,"5506_mai_orange 1",5506_mai_orange,1,yes,3individuals,83a17d19-0db7-48b4-93fc-8bc31a09033d_1743962654.jpg
145ae3f3-1ebf-491d-a096-8daa4d8809fc,5eb4d410-19e6-4629-b09a-ce4e51cd94f9,2025-04-06T18:03:50.000Z,2025-04-06T18:13:38.000Z,jumboz2023@gmail.com,"1941_mai_orange 1",1941_mai_orange,1,yes,,5eb4d410-19e6-4629-b09a-ce4e51cd94f9_1743962622.jpg
145ae3f3-1ebf-491d-a096-8daa4d8809fc,9aa1caf4-306c-4740-92d1-40a32525fc02,2025-04-06T18:03:20.000Z,2025-04-06T18:13:36.000Z,jumboz2023@gmail.com,"6495_mai_orange 0",6495_mai_orange,0,yes,"Flowers senesced, 2 individuals",9aa1caf4-306c-4740-92d1-40a32525fc02_1743962588.jpg
145ae3f3-1ebf-491d-a096-8daa4d8809fc,5095aa8a-a879-4cc7-a423-9cfc1a4203fb,2025-04-06T18:02:43.000Z,2025-04-06T18:13:35.000Z,jumboz2023@gmail.com,"4871_mai_orange 1",4871_mai_orange,1,no,,5095aa8a-a879-4cc7-a423-9cfc1a4203fb_1743962550.jpg
145ae3f3-1ebf-491d-a096-8daa4d8809fc,ab5e7bc5-3798-4945-9b12-848d8c7bce13,2025-04-06T18:02:15.000Z,2025-04-06T18:13:34.000Z,jumboz2023@gmail.com,"2546_mai_orange 1",2546_mai_orange,1,no,,ab5e7bc5-3798-4945-9b12-848d8c7bce13_1743962531.jpg
145ae3f3-1ebf-491d-a096-8daa4d8809fc,ee77880d-2b09-422f-a69b-74aa158082de,2025-04-06T18:01:55.000Z,2025-04-06T18:13:33.000Z,jumboz2023@gmail.com,"TT24_130_mai_orange 1",TT24_130_mai_orange,1,yes,"Flowers senesced",ee77880d-2b09-422f-a69b-74aa158082de_1743962512.jpg
145ae3f3-1ebf-491d-a096-8daa4d8809fc,d843cebc-fa94-4185-a9b8-2b56d8ca418e,2025-04-06T18:01:30.000Z,2025-04-06T18:13:31.000Z,jumboz2023@gmail.com,"1159_mai_orange 1",1159_mai_orange,1,no,,d843cebc-fa94-4185-a9b8-2b56d8ca418e_1743962479.jpg
145ae3f3-1ebf-491d-a096-8daa4d8809fc,9830985f-8090-4fa9-a075-85fa273be7cc,2025-04-06T18:01:05.000Z,2025-04-06T18:13:30.000Z,jumboz2023@gmail.com,"1689_mai_orange 1",1689_mai_orange,1,no,"Barely alive",9830985f-8090-4fa9-a075-85fa273be7cc_1743962459.jpg
145ae3f3-1ebf-491d-a096-8daa4d8809fc,0223a56d-03a0-4f4b-9f14-8906e24b6ff8,2025-04-06T18:00:38.000Z,2025-04-06T18:13:28.000Z,jumboz2023@gmail.com,"3993_mai_orange 1",3993_mai_orange,1,no,,0223a56d-03a0-4f4b-9f14-8906e24b6ff8_1743962434.jpg
145ae3f3-1ebf-491d-a096-8daa4d8809fc,a4c47d67-6995-4d97-8c38-98bdc3be5cc7,2025-04-06T18:00:20.000Z,2025-04-06T18:13:27.000Z,jumboz2023@gmail.com,"2799_mai_orange 1",2799_mai_orange,1,yes,,a4c47d67-6995-4d97-8c38-98bdc3be5cc7_1743962409.jpg
145ae3f3-1ebf-491d-a096-8daa4d8809fc,51933bd9-110a-480b-9007-085dfef574cd,2025-04-06T17:59:48.000Z,2025-04-06T18:13:26.000Z,jumboz2023@gmail.com,"TT24_102_mai_orange 1",TT24_102_mai_orange,1,no,,51933bd9-110a-480b-9007-085dfef574cd_1743962386.jpg
145ae3f3-1ebf-491d-a096-8daa4d8809fc,d9e5e549-3109-4f75-8fc4-96d3adeac91c,2025-04-06T17:59:33.000Z,2025-04-06T18:13:24.000Z,jumboz2023@gmail.com,"5105_mai_orange 1",5105_mai_orange,1,yes,"Flowers senesced, 2 individuals",d9e5e549-3109-4f75-8fc4-96d3adeac91c_1743962367.jpg
145ae3f3-1ebf-491d-a096-8daa4d8809fc,30f93ef8-02ee-4e49-a998-e2f5a2eab898,2025-04-06T17:58:57.000Z,2025-04-06T18:13:23.000Z,jumboz2023@gmail.com,"3136_mai_orange 1",3136_mai_orange,1,yes,"Flowers senesced",30f93ef8-02ee-4e49-a998-e2f5a2eab898_1743962327.jpg
145ae3f3-1ebf-491d-a096-8daa4d8809fc,770fd47c-bff5-4eca-933d-ba3f9e38561f,2025-04-06T17:52:30.000Z,2025-04-06T17:54:04.000Z,jumboz2023@gmail.com,"TT24_110_mai_pink 1",TT24_110_mai_pink,1,no,,770fd47c-bff5-4eca-933d-ba3f9e38561f_1743961924.jpg
145ae3f3-1ebf-491d-a096-8daa4d8809fc,e6f33338-9210-4703-b95c-39b9d0a1bf08,2025-04-06T17:51:47.000Z,2025-04-06T17:54:02.000Z,jumboz2023@gmail.com,"2666_mai_pink 1",2666_mai_pink,1,no,,e6f33338-9210-4703-b95c-39b9d0a1bf08_1743961897.jpg
145ae3f3-1ebf-491d-a096-8daa4d8809fc,14fbd5fc-2f23-4a75-b987-00013c66c073,2025-04-06T17:51:21.000Z,2025-04-06T17:54:01.000Z,jumboz2023@gmail.com,"TT24_101_mai_pink 0",TT24_101_mai_pink,0,yes,"Flowers senesced",14fbd5fc-2f23-4a75-b987-00013c66c073_1743961877.jpg
145ae3f3-1ebf-491d-a096-8daa4d8809fc,053b62cb-0074-45c0-9d39-9a833e67f4ce,2025-04-06T17:50:43.000Z,2025-04-06T17:54:00.000Z,jumboz2023@gmail.com,"5009_mai_pink 1",5009_mai_pink,1,no,,053b62cb-0074-45c0-9d39-9a833e67f4ce_1743961836.jpg
145ae3f3-1ebf-491d-a096-8daa4d8809fc,e69e4303-5637-4262-83c1-25fd29c09121,2025-04-06T17:50:21.000Z,2025-04-06T17:53:58.000Z,jumboz2023@gmail.com,"TT24_104_mai_pink 1",TT24_104_mai_pink,1,yes,"Flowers senesced",e69e4303-5637-4262-83c1-25fd29c09121_1743961815.jpg
145ae3f3-1ebf-491d-a096-8daa4d8809fc,d72afcf6-2a3b-45de-9ae4-23a5261c52de,2025-04-06T17:49:42.000Z,2025-04-06T17:53:57.000Z,jumboz2023@gmail.com,"TT24_131_mai_pink 0",TT24_131_mai_pink,0,yes,,d72afcf6-2a3b-45de-9ae4-23a5261c52de_1743961778.jpg
145ae3f3-1ebf-491d-a096-8daa4d8809fc,06dfbee4-73ac-469b-841d-ed9dd26d830f,2025-04-06T17:49:19.000Z,2025-04-06T17:53:56.000Z,jumboz2023@gmail.com,"flag2_mai_pink 1",flag2_mai_pink,1,no,,06dfbee4-73ac-469b-841d-ed9dd26d830f_1743961752.jpg
145ae3f3-1ebf-491d-a096-8daa4d8809fc,0fbf058f-8e88-41c8-8fdf-5fc43b1d5b91,2025-04-06T17:48:52.000Z,2025-04-06T17:53:55.000Z,jumboz2023@gmail.com,"TT24_135_mai_pink 1",TT24_135_mai_pink,1,yes,"2 individuals",0fbf058f-8e88-41c8-8fdf-5fc43b1d5b91_1743961726.jpg
145ae3f3-1ebf-491d-a096-8daa4d8809fc,125e3e13-9f8f-4c21-8e5a-adf6514ab82e,2025-04-06T17:48:18.000Z,2025-04-06T17:53:53.000Z,jumboz2023@gmail.com,"4061_mai_pink 1",4061_mai_pink,1,no,,125e3e13-9f8f-4c21-8e5a-adf6514ab82e_1743961694.jpg
145ae3f3-1ebf-491d-a096-8daa4d8809fc,e46102b4-481c-48e4-928b-a9ea20d44792,2025-04-06T17:48:00.000Z,2025-04-06T17:53:52.000Z,jumboz2023@gmail.com,"4193_mai_pink 1",4193_mai_pink,1,no,,e46102b4-481c-48e4-928b-a9ea20d44792_1743961678.jpg
145ae3f3-1ebf-491d-a096-8daa4d8809fc,902a4791-6cea-452c-b98d-7250f842f4b4,2025-04-06T17:47:40.000Z,2025-04-06T17:53:51.000Z,jumboz2023@gmail.com,"2608_mai_pink 1",2608_mai_pink,1,no,"2 individuals",902a4791-6cea-452c-b98d-7250f842f4b4_1743961655.jpg
145ae3f3-1ebf-491d-a096-8daa4d8809fc,8e9605a7-75cf-4ab6-b136-dbd988832748,2025-04-06T17:47:17.000Z,2025-04-06T17:53:49.000Z,jumboz2023@gmail.com,"9412_mai_pink 0",9412_mai_pink,0,no,,8e9605a7-75cf-4ab6-b136-dbd988832748_1743961626.jpg
145ae3f3-1ebf-491d-a096-8daa4d8809fc,5d6c4a6c-1707-4c48-9b38-4489e52c0184,2025-04-06T17:46:52.000Z,2025-04-06T17:53:48.000Z,jumboz2023@gmail.com,"6000_mai_pink 0",6000_mai_pink,0,yes,,5d6c4a6c-1707-4c48-9b38-4489e52c0184_1743961605.jpg
145ae3f3-1ebf-491d-a096-8daa4d8809fc,a4cecf5b-80f5-4950-9c33-1ffd1ad019ba,2025-04-06T17:46:11.000Z,2025-04-06T17:53:47.000Z,jumboz2023@gmail.com,"631_mai_yellow 1",631_mai_yellow,1,no,,a4cecf5b-80f5-4950-9c33-1ffd1ad019ba_1743961568.jpg
145ae3f3-1ebf-491d-a096-8daa4d8809fc,3c669fe7-2f16-446a-ab43-ffc679b6fe2f,2025-04-06T17:45:46.000Z,2025-04-06T17:53:45.000Z,jumboz2023@gmail.com,"6483_mai_yellow 1",6483_mai_yellow,1,yes,"Flowers senesced",3c669fe7-2f16-446a-ab43-ffc679b6fe2f_1743961540.jpg
145ae3f3-1ebf-491d-a096-8daa4d8809fc,12d765b2-901a-405a-a745-65e00dd1ef75,2025-04-06T17:45:11.000Z,2025-04-06T17:53:44.000Z,jumboz2023@gmail.com,"1495_mai_yellow 1",1495_mai_yellow,1,yes,,12d765b2-901a-405a-a745-65e00dd1ef75_1743961508.jpg
145ae3f3-1ebf-491d-a096-8daa4d8809fc,c2f789ba-cc7e-4dae-9a43-5b98d38dc17c,2025-04-06T17:44:43.000Z,2025-04-06T17:53:42.000Z,jumboz2023@gmail.com,"3960_mai_yellow 1",3960_mai_yellow,1,yes,,c2f789ba-cc7e-4dae-9a43-5b98d38dc17c_1743961475.jpg
145ae3f3-1ebf-491d-a096-8daa4d8809fc,b3cdd7dd-1706-447e-bbb7-10c16cee7683,2025-04-06T17:44:07.000Z,2025-04-06T17:53:40.000Z,jumboz2023@gmail.com,"5664_mai_yellow 1",5664_mai_yellow,1,yes,"Flowers senesced, 2 individuals",b3cdd7dd-1706-447e-bbb7-10c16cee7683_1743961441.jpg
145ae3f3-1ebf-491d-a096-8daa4d8809fc,65cebc76-527f-41a3-a86a-567010b0edeb,2025-04-06T17:43:43.000Z,2025-04-06T17:53:39.000Z,jumboz2023@gmail.com,"5579_mai_yellow 1",5579_mai_yellow,1,yes,,65cebc76-527f-41a3-a86a-567010b0edeb_1743961403.jpg
145ae3f3-1ebf-491d-a096-8daa4d8809fc,794f764a-a3b9-49cb-9df7-dc1b5166fd3c,2025-04-06T17:43:08.000Z,2025-04-06T17:53:38.000Z,jumboz2023@gmail.com,"TT24_112_mai_yellow 1",TT24_112_mai_yellow,1,no,,794f764a-a3b9-49cb-9df7-dc1b5166fd3c_1743961378.jpg
145ae3f3-1ebf-491d-a096-8daa4d8809fc,f415b6c3-6c03-40fd-9a47-ecbb176e39d3,2025-04-06T17:42:40.000Z,2025-04-06T17:53:36.000Z,jumboz2023@gmail.com,"1700_mai_yellow 1",1700_mai_yellow,1,no,"2 individuals",f415b6c3-6c03-40fd-9a47-ecbb176e39d3_1743961358.jpg
145ae3f3-1ebf-491d-a096-8daa4d8809fc,ad3e922e-196c-42d0-b5b1-143bac651ffb,2025-04-06T17:42:21.000Z,2025-04-06T17:53:34.000Z,jumboz2023@gmail.com,"6899_mai_yellow 1",6899_mai_yellow,1,yes,,ad3e922e-196c-42d0-b5b1-143bac651ffb_1743961336.jpg
145ae3f3-1ebf-491d-a096-8daa4d8809fc,0e1cfec8-c896-4e9e-a4dc-d16f0a0bab3e,2025-04-06T17:42:01.000Z,2025-04-06T17:53:32.000Z,jumboz2023@gmail.com,"5073_mai_yellow 1",5073_mai_yellow,1,no,"Barely alive",0e1cfec8-c896-4e9e-a4dc-d16f0a0bab3e_1743961310.jpg
145ae3f3-1ebf-491d-a096-8daa4d8809fc,9bcec4f8-5bd5-4f1a-8832-2af68d5752b1,2025-04-06T17:41:27.000Z,2025-04-06T17:53:30.000Z,jumboz2023@gmail.com,"6808_mai_yellow 1",6808_mai_yellow,1,yes,,9bcec4f8-5bd5-4f1a-8832-2af68d5752b1_1743961278.jpg
145ae3f3-1ebf-491d-a096-8daa4d8809fc,2ba16c62-8bfe-4a59-8e5b-06cd9fb4fa88,2025-04-06T17:40:59.000Z,2025-04-06T17:53:29.000Z,jumboz2023@gmail.com,"901_mai_yellow 1",901_mai_yellow,1,yes,,2ba16c62-8bfe-4a59-8e5b-06cd9fb4fa88_1743961251.jpg
145ae3f3-1ebf-491d-a096-8daa4d8809fc,a07c6934-f4be-45a8-8fd7-31c34a5b7b35,2025-04-06T17:40:26.000Z,2025-04-06T17:53:28.000Z,jumboz2023@gmail.com,"4250_mai_yellow 1",4250_mai_yellow,1,no,,a07c6934-f4be-45a8-8fd7-31c34a5b7b35_1743961223.jpg
145ae3f3-1ebf-491d-a096-8daa4d8809fc,2bc379c0-98c3-4657-b323-7be46c8cd1db,2025-04-06T17:40:08.000Z,2025-04-06T17:53:26.000Z,jumboz2023@gmail.com,"4722_mai_yellow 1",4722_mai_yellow,1,yes,,2bc379c0-98c3-4657-b323-7be46c8cd1db_1743961205.jpg
145ae3f3-1ebf-491d-a096-8daa4d8809fc,258b47a3-4b83-4920-8331-3c375b374249,2025-04-06T17:39:43.000Z,2025-04-06T17:53:25.000Z,jumboz2023@gmail.com,"1153_mai_yellow 1",1153_mai_yellow,1,no,,258b47a3-4b83-4920-8331-3c375b374249_1743961178.jpg
145ae3f3-1ebf-491d-a096-8daa4d8809fc,df094dd6-d06a-4c66-8f95-53c191e7fb6a,2025-04-06T17:39:19.000Z,2025-04-06T17:53:24.000Z,jumboz2023@gmail.com,"5504_mai_purple 0",5504_mai_purple,0,no,,df094dd6-d06a-4c66-8f95-53c191e7fb6a_1743961156.jpg
145ae3f3-1ebf-491d-a096-8daa4d8809fc,3f621037-3a34-4689-862e-b0248acb5e4c,2025-04-06T17:39:03.000Z,2025-04-06T17:53:22.000Z,jumboz2023@gmail.com,"TT24_211_mai_purple 1",TT24_211_mai_purple,1,no,,3f621037-3a34-4689-862e-b0248acb5e4c_1743961140.jpg
145ae3f3-1ebf-491d-a096-8daa4d8809fc,91a2068c-21b9-44f1-91dc-25510cda9cb4,2025-04-06T17:38:44.000Z,2025-04-06T17:53:21.000Z,jumboz2023@gmail.com,"TT24_233_mai_purple 1",TT24_233_mai_purple,1,no,"Barely alive",91a2068c-21b9-44f1-91dc-25510cda9cb4_1743961117.jpg
145ae3f3-1ebf-491d-a096-8daa4d8809fc,7b272871-7804-4e35-add2-8e5dc03f034b,2025-04-06T17:38:09.000Z,2025-04-06T17:53:20.000Z,jumboz2023@gmail.com,"5030_mai_purple 1",5030_mai_purple,1,no,,7b272871-7804-4e35-add2-8e5dc03f034b_1743961087.jpg
145ae3f3-1ebf-491d-a096-8daa4d8809fc,932d9ff1-59ed-426c-8448-8876fcbeffce,2025-04-06T17:37:50.000Z,2025-04-06T17:53:18.000Z,jumboz2023@gmail.com,"TT24_202_mai_purple 0",TT24_202_mai_purple,0,no,,932d9ff1-59ed-426c-8448-8876fcbeffce_1743961066.jpg
145ae3f3-1ebf-491d-a096-8daa4d8809fc,b31f4e0d-395f-4fe3-8838-acdb581e2ade,2025-04-06T17:37:33.000Z,2025-04-06T17:53:17.000Z,jumboz2023@gmail.com,"179_mai_purple 1",179_mai_purple,1,no,,b31f4e0d-395f-4fe3-8838-acdb581e2ade_1743961048.jpg
145ae3f3-1ebf-491d-a096-8daa4d8809fc,173243d3-06a8-4720-8349-6767bd977ef2,2025-04-06T17:37:09.000Z,2025-04-06T17:53:15.000Z,jumboz2023@gmail.com,"5052_mai_purple 1",5052_mai_purple,1,no,,173243d3-06a8-4720-8349-6767bd977ef2_1743961025.jpg
145ae3f3-1ebf-491d-a096-8daa4d8809fc,84e005a6-e814-4519-a306-46df1841dc2e,2025-04-06T17:36:52.000Z,2025-04-06T17:53:14.000Z,jumboz2023@gmail.com,"TT24_234_mai_purple 0",TT24_234_mai_purple,0,no,,84e005a6-e814-4519-a306-46df1841dc2e_1743961007.jpg
145ae3f3-1ebf-491d-a096-8daa4d8809fc,4c9c1ef2-2478-4c9d-8ce9-7e260491a1c3,2025-04-06T17:36:32.000Z,2025-04-06T17:53:13.000Z,jumboz2023@gmail.com,"4865_mai_purple 1",4865_mai_purple,1,yes,,4c9c1ef2-2478-4c9d-8ce9-7e260491a1c3_1743960987.jpg
145ae3f3-1ebf-491d-a096-8daa4d8809fc,21b84cb9-bc86-40f9-b65f-c03df12ae3a3,2025-04-06T17:36:08.000Z,2025-04-06T17:53:11.000Z,jumboz2023@gmail.com,"1499_mai_purple 1",1499_mai_purple,1,yes,"2 individuals",21b84cb9-bc86-40f9-b65f-c03df12ae3a3_1743960965.jpg
145ae3f3-1ebf-491d-a096-8daa4d8809fc,c60ea4de-b5e9-436d-8786-0951aa25bda3,2025-04-06T17:35:22.000Z,2025-04-06T17:53:10.000Z,jumboz2023@gmail.com,"1467_mai_purple 1",1467_mai_purple,1,no,"Barely alive",c60ea4de-b5e9-436d-8786-0951aa25bda3_1743960918.jpg
145ae3f3-1ebf-491d-a096-8daa4d8809fc,f57a6975-c877-4419-aa82-3df1bd18e345,2025-04-06T17:34:46.000Z,2025-04-06T17:53:09.000Z,jumboz2023@gmail.com,"4874_mai_purple 1",4874_mai_purple,1,no,"Barely alive",f57a6975-c877-4419-aa82-3df1bd18e345_1743960878.jpg
145ae3f3-1ebf-491d-a096-8daa4d8809fc,75f469b8-50df-45db-977f-fe84aa2bbcb7,2025-04-06T17:34:15.000Z,2025-04-06T17:53:07.000Z,jumboz2023@gmail.com,"2726_mai_purple 1",2726_mai_purple,1,no,,75f469b8-50df-45db-977f-fe84aa2bbcb7_1743960852.jpg
145ae3f3-1ebf-491d-a096-8daa4d8809fc,bd8e2af4-e66d-4024-9cfe-737ec523c8aa,2025-04-06T17:33:57.000Z,2025-04-06T17:53:06.000Z,jumboz2023@gmail.com,"5569_mai_purple 1",5569_mai_purple,1,no,"Barely alive",bd8e2af4-e66d-4024-9cfe-737ec523c8aa_1743960827.jpg
145ae3f3-1ebf-491d-a096-8daa4d8809fc,6448896a-6ed9-48b5-8b9d-2c004d2047c6,2025-04-06T17:33:27.000Z,2025-04-06T17:53:05.000Z,jumboz2023@gmail.com,"4834_mai_purple 0",4834_mai_purple,0,no,,6448896a-6ed9-48b5-8b9d-2c004d2047c6_1743960801.jpg
145ae3f3-1ebf-491d-a096-8daa4d8809fc,7ac0d931-9520-4f96-9e19-7b6fe930259a,2025-04-06T17:33:07.000Z,2025-04-06T17:53:03.000Z,jumboz2023@gmail.com,"545_mai_red 1",545_mai_red,1,no,,7ac0d931-9520-4f96-9e19-7b6fe930259a_1743960779.jpg
145ae3f3-1ebf-491d-a096-8daa4d8809fc,18197c7a-6bc0-4e5e-85af-aee8312c927c,2025-04-06T17:32:41.000Z,2025-04-06T17:53:02.000Z,jumboz2023@gmail.com,"4740_mai_red 1",4740_mai_red,1,no,,18197c7a-6bc0-4e5e-85af-aee8312c927c_1743960759.jpg
145ae3f3-1ebf-491d-a096-8daa4d8809fc,5711bff7-eb20-4c69-a68b-6aa4d5333efe,2025-04-06T17:32:20.000Z,2025-04-06T17:53:01.000Z,jumboz2023@gmail.com,"2689_mai_red 1",2689_mai_red,1,no,"2 individuals",5711bff7-eb20-4c69-a68b-6aa4d5333efe_1743960736.jpg
145ae3f3-1ebf-491d-a096-8daa4d8809fc,bf6319c5-4d4d-44fc-a8c1-d680547bb95a,2025-04-06T17:31:54.000Z,2025-04-06T17:52:59.000Z,jumboz2023@gmail.com,"5122_mai_red 1",5122_mai_red,1,yes,,bf6319c5-4d4d-44fc-a8c1-d680547bb95a_1743960711.jpg
145ae3f3-1ebf-491d-a096-8daa4d8809fc,225acb8a-bd7f-4228-84b9-b59da75b4749,2025-04-06T17:31:29.000Z,2025-04-06T17:52:58.000Z,jumboz2023@gmail.com,"5184_mai_red 0",5184_mai_red,0,no,,225acb8a-bd7f-4228-84b9-b59da75b4749_1743960686.jpg
145ae3f3-1ebf-491d-a096-8daa4d8809fc,83dd01a9-eabe-480d-8ed9-04bfb3638eab,2025-04-06T17:31:10.000Z,2025-04-06T17:52:57.000Z,jumboz2023@gmail.com,"5178_mai_red 1",5178_mai_red,1,no,,83dd01a9-eabe-480d-8ed9-04bfb3638eab_1743960661.jpg
145ae3f3-1ebf-491d-a096-8daa4d8809fc,1456e89a-49c5-4ca6-831f-f4ee93345228,2025-04-06T17:30:44.000Z,2025-04-06T17:52:56.000Z,jumboz2023@gmail.com,"4844_mai_red 1",4844_mai_red,1,no,,1456e89a-49c5-4ca6-831f-f4ee93345228_1743960642.jpg
145ae3f3-1ebf-491d-a096-8daa4d8809fc,43ddcfb8-a8f2-4a09-ac3a-9af8a9465ff4,2025-04-06T17:30:26.000Z,2025-04-06T17:52:54.000Z,jumboz2023@gmail.com,"5600_mai_red 1",5600_mai_red,1,yes,"Flowers senesced",43ddcfb8-a8f2-4a09-ac3a-9af8a9465ff4_1743960623.jpg
145ae3f3-1ebf-491d-a096-8daa4d8809fc,cfb558e4-6a86-4283-babf-5642e3780910,2025-04-06T17:29:56.000Z,2025-04-06T17:52:53.000Z,jumboz2023@gmail.com,"TT24_150_mai_red 0",TT24_150_mai_red,0,no,,cfb558e4-6a86-4283-babf-5642e3780910_1743960593.jpg
145ae3f3-1ebf-491d-a096-8daa4d8809fc,306fc517-c4d9-4230-97ad-a501eb87e003,2025-04-06T17:29:42.000Z,2025-04-06T17:52:52.000Z,jumboz2023@gmail.com,"1264_mai_red 1",1264_mai_red,1,no,,306fc517-c4d9-4230-97ad-a501eb87e003_1743960579.jpg
145ae3f3-1ebf-491d-a096-8daa4d8809fc,857e6522-6a12-4f92-9d9b-b353b8cb7afc,2025-04-06T17:29:19.000Z,2025-04-06T17:52:50.000Z,jumboz2023@gmail.com,"5074_mai_red 1",5074_mai_red,1,no,,857e6522-6a12-4f92-9d9b-b353b8cb7afc_1743960556.jpg
145ae3f3-1ebf-491d-a096-8daa4d8809fc,b2e3283d-03dd-4bc0-bd83-66f28e5ff9e6,2025-04-06T17:28:57.000Z,2025-04-06T17:52:49.000Z,jumboz2023@gmail.com,"5596_mai_red 1",5596_mai_red,1,yes,,b2e3283d-03dd-4bc0-bd83-66f28e5ff9e6_1743960534.jpg
145ae3f3-1ebf-491d-a096-8daa4d8809fc,b11f6c86-6561-4e0f-afb3-7212ffe2314f,2025-04-06T17:28:25.000Z,2025-04-06T17:52:47.000Z,jumboz2023@gmail.com,"TT24_111_mai_red 1",TT24_111_mai_red,1,yes,"2 individuals",b11f6c86-6561-4e0f-afb3-7212ffe2314f_1743960502.jpg
145ae3f3-1ebf-491d-a096-8daa4d8809fc,a80507a4-c93b-4538-89c9-242f377e8e8b,2025-04-06T17:27:48.000Z,2025-04-06T17:52:46.000Z,jumboz2023@gmail.com,"2639_mai_red 1",2639_mai_red,1,yes,,a80507a4-c93b-4538-89c9-242f377e8e8b_1743960464.jpg
145ae3f3-1ebf-491d-a096-8daa4d8809fc,3a81f160-73bc-4bb7-9ce9-ba1ceac9495f,2025-04-06T17:27:18.000Z,2025-04-06T17:52:45.000Z,jumboz2023@gmail.com,"TT24_106_mai_red 1",TT24_106_mai_red,1,no,,3a81f160-73bc-4bb7-9ce9-ba1ceac9495f_1743960434.jpg
145ae3f3-1ebf-491d-a096-8daa4d8809fc,7aab3600-3f6e-4a13-a8f8-a9136820b0ca,2025-04-06T17:24:55.000Z,2025-04-06T17:25:37.000Z,jumboz2023@gmail.com,"2616_mai_green 1",2616_mai_green,1,yes,"2 individuals",7aab3600-3f6e-4a13-a8f8-a9136820b0ca_1743960291.jpg
145ae3f3-1ebf-491d-a096-8daa4d8809fc,674b075c-97c7-4523-9dd4-2f3b3f26207f,2025-04-06T17:24:31.000Z,2025-04-06T17:25:36.000Z,jumboz2023@gmail.com,"5069_mai_green 1",5069_mai_green,1,no,,674b075c-97c7-4523-9dd4-2f3b3f26207f_1743960253.jpg
145ae3f3-1ebf-491d-a096-8daa4d8809fc,7bf95b9c-7688-4763-b83e-3451613d3484,2025-04-06T17:23:58.000Z,2025-04-06T17:25:34.000Z,jumboz2023@gmail.com,"TT24_205_mai_green 0",TT24_205_mai_green,0,yes,"Flowers senesced",7bf95b9c-7688-4763-b83e-3451613d3484_1743960223.jpg
145ae3f3-1ebf-491d-a096-8daa4d8809fc,83f914f5-092f-43ae-a50e-f708884614af,2025-04-06T17:23:24.000Z,2025-04-06T17:25:33.000Z,jumboz2023@gmail.com,"4736_mai_green 1",4736_mai_green,1,yes,"Flowers senesced",83f914f5-092f-43ae-a50e-f708884614af_1743960195.jpg
145ae3f3-1ebf-491d-a096-8daa4d8809fc,7e454d10-e6ad-45f3-8978-19d2a3c987e9,2025-04-06T17:22:34.000Z,2025-04-06T17:25:32.000Z,jumboz2023@gmail.com,"6462_mai_green 0",6462_mai_green,0,no,,7e454d10-e6ad-45f3-8978-19d2a3c987e9_1743960150.jpg
145ae3f3-1ebf-491d-a096-8daa4d8809fc,f2efdeda-7977-47f8-8588-cb99da3c375e,2025-04-06T17:22:15.000Z,2025-04-06T17:25:30.000Z,jumboz2023@gmail.com,"TT24_230_mai_green 1",TT24_230_mai_green,1,yes,"Flowers senesced",f2efdeda-7977-47f8-8588-cb99da3c375e_1743960132.jpg
145ae3f3-1ebf-491d-a096-8daa4d8809fc,18a0152e-a209-415d-8010-237b53f73fa9,2025-04-06T17:21:40.000Z,2025-04-06T17:25:29.000Z,jumboz2023@gmail.com,"2803_mai_green 1",2803_mai_green,1,yes,,18a0152e-a209-415d-8010-237b53f73fa9_1743960087.jpg
145ae3f3-1ebf-491d-a096-8daa4d8809fc,00cd3c52-9a35-4d16-97c7-f6e72892b0c0,2025-04-06T17:21:02.000Z,2025-04-06T17:25:27.000Z,jumboz2023@gmail.com,"2310_mai_green 1",2310_mai_green,1,no,,00cd3c52-9a35-4d16-97c7-f6e72892b0c0_1743960059.jpg
145ae3f3-1ebf-491d-a096-8daa4d8809fc,e2dc2a0e-beb6-4863-befd-a099646d7d41,2025-04-06T17:20:43.000Z,2025-04-06T17:25:26.000Z,jumboz2023@gmail.com,"129_mai_green 1",129_mai_green,1,no,,e2dc2a0e-beb6-4863-befd-a099646d7d41_1743960041.jpg
145ae3f3-1ebf-491d-a096-8daa4d8809fc,bf397944-93bf-4a20-aa2c-30deb885143c,2025-04-06T17:20:28.000Z,2025-04-06T17:25:25.000Z,jumboz2023@gmail.com,"TT24_210_mai_green 0",TT24_210_mai_green,0,no,,bf397944-93bf-4a20-aa2c-30deb885143c_1743960025.jpg
145ae3f3-1ebf-491d-a096-8daa4d8809fc,72e917f3-7498-4ef6-9ead-c05f288ee62a,2025-04-06T17:20:09.000Z,2025-04-06T17:25:23.000Z,jumboz2023@gmail.com,"4781_mai_green 1",4781_mai_green,1,yes,"Flowers senesced",72e917f3-7498-4ef6-9ead-c05f288ee62a_1743960005.jpg
145ae3f3-1ebf-491d-a096-8daa4d8809fc,c247b3b6-def7-4324-84ef-84639a6f7d50,2025-04-06T17:19:42.000Z,2025-04-06T17:25:22.000Z,jumboz2023@gmail.com,"4698_mai_green 1",4698_mai_green,1,no,,c247b3b6-def7-4324-84ef-84639a6f7d50_1743959980.jpg
145ae3f3-1ebf-491d-a096-8daa4d8809fc,2bce418a-5daf-4503-b500-0dd74772b5a3,2025-04-06T17:19:24.000Z,2025-04-06T17:25:21.000Z,jumboz2023@gmail.com,"2285_mai_green 1",2285_mai_green,1,no,,2bce418a-5daf-4503-b500-0dd74772b5a3_1743959961.jpg
145ae3f3-1ebf-491d-a096-8daa4d8809fc,f65ea194-6189-4a69-974d-add2e62f6b9a,2025-04-06T17:19:05.000Z,2025-04-06T17:25:19.000Z,jumboz2023@gmail.com,"4632_mai_green 1",4632_mai_green,1,no,"Barely alive",f65ea194-6189-4a69-974d-add2e62f6b9a_1743959941.jpg
145ae3f3-1ebf-491d-a096-8daa4d8809fc,2c6c0e0a-9a4d-43bb-8da1-2b0ab90b55c6,2025-04-06T17:18:29.000Z,2025-04-06T17:25:18.000Z,jumboz2023@gmail.com,"235_mai_white 0",235_mai_white,0,no,,2c6c0e0a-9a4d-43bb-8da1-2b0ab90b55c6_1743959906.jpg
145ae3f3-1ebf-491d-a096-8daa4d8809fc,bb4341c1-6869-4c6c-bc7a-2b15ec0f8041,2025-04-06T17:18:14.000Z,2025-04-06T17:25:16.000Z,jumboz2023@gmail.com,"2265_mai_white 1",2265_mai_white,1,no,,bb4341c1-6869-4c6c-bc7a-2b15ec0f8041_1743959891.jpg
145ae3f3-1ebf-491d-a096-8daa4d8809fc,eb87741c-81f8-4cc3-ac30-b4a30f0f43da,2025-04-06T17:17:57.000Z,2025-04-06T17:25:15.000Z,jumboz2023@gmail.com,"2662_mai_white 0",2662_mai_white,0,no,,eb87741c-81f8-4cc3-ac30-b4a30f0f43da_1743959874.jpg
145ae3f3-1ebf-491d-a096-8daa4d8809fc,ce54e9c7-a84a-4a6f-8905-095a98194b5f,2025-04-06T17:17:40.000Z,2025-04-06T17:25:14.000Z,jumboz2023@gmail.com,"1021_mai_white 1",1021_mai_white,1,no,"Barely alive",ce54e9c7-a84a-4a6f-8905-095a98194b5f_1743959843.jpg
145ae3f3-1ebf-491d-a096-8daa4d8809fc,1d095ec8-bca1-428f-b05d-0fd792977516,2025-04-06T17:17:07.000Z,2025-04-06T17:25:13.000Z,jumboz2023@gmail.com,"6100_mai_white 0",6100_mai_white,0,no,,1d095ec8-bca1-428f-b05d-0fd792977516_1743959821.jpg
145ae3f3-1ebf-491d-a096-8daa4d8809fc,9fdbf379-b2e2-4c41-8601-975913aa6404,2025-04-06T17:16:44.000Z,2025-04-06T17:25:11.000Z,jumboz2023@gmail.com,"2337_mai_white 0",2337_mai_white,0,no,,9fdbf379-b2e2-4c41-8601-975913aa6404_1743959794.jpg
145ae3f3-1ebf-491d-a096-8daa4d8809fc,11aba559-a155-46b7-b862-01ac4caee097,2025-04-06T17:16:15.000Z,2025-04-06T17:25:10.000Z,jumboz2023@gmail.com,"1157_mai_white 0",1157_mai_white,0,no,,11aba559-a155-46b7-b862-01ac4caee097_1743959770.jpg
145ae3f3-1ebf-491d-a096-8daa4d8809fc,81fe2ba4-1d22-4107-9f86-7f1346534dab,2025-04-06T17:15:53.000Z,2025-04-06T17:25:08.000Z,jumboz2023@gmail.com,"1468_mai_white 1",1468_mai_white,1,no,2individuals,81fe2ba4-1d22-4107-9f86-7f1346534dab_1743959735.jpg
145ae3f3-1ebf-491d-a096-8daa4d8809fc,bd7d2f43-3a1c-4b56-9496-d51a07dc1cfe,2025-04-06T17:12:41.000Z,2025-04-06T17:13:33.000Z,jumboz2023@gmail.com,"3438_mai_white 1",3438_mai_white,1,no,,bd7d2f43-3a1c-4b56-9496-d51a07dc1cfe_1743959558.jpg
145ae3f3-1ebf-491d-a096-8daa4d8809fc,324c91f9-8ca2-42e6-8f03-6048a18a84f6,2025-04-06T17:11:47.000Z,2025-04-06T17:13:30.000Z,jumboz2023@gmail.com,"5025_mai_white 1",5025_mai_white,1,yes,,324c91f9-8ca2-42e6-8f03-6048a18a84f6_1743959504.jpg
145ae3f3-1ebf-491d-a096-8daa4d8809fc,b09d967d-2408-4c5a-9556-8e9a94dd9bae,2025-04-06T17:11:18.000Z,2025-04-06T17:13:32.000Z,jumboz2023@gmail.com,"5657_mai_white 1",5657_mai_white,1,yes,"barely alive, flowers soft with pollen",b09d967d-2408-4c5a-9556-8e9a94dd9bae_1743959444.jpg
145ae3f3-1ebf-491d-a096-8daa4d8809fc,f9218953-302b-4997-b233-d35e797e9789,2025-04-06T17:10:11.000Z,2025-04-06T17:13:29.000Z,jumboz2023@gmail.com,"652_mai_white 0",652_mai_white,0,no,,f9218953-302b-4997-b233-d35e797e9789_1743959406.jpg
145ae3f3-1ebf-491d-a096-8daa4d8809fc,78fd3d5b-9770-4ea9-b408-be013c3c71c4,2025-04-06T17:09:52.000Z,2025-04-06T17:13:28.000Z,jumboz2023@gmail.com,"54_mai_white 1",54_mai_white,1,no,,78fd3d5b-9770-4ea9-b408-be013c3c71c4_1743959389.jpg
145ae3f3-1ebf-491d-a096-8daa4d8809fc,89eab5f6-aad9-415b-9ce7-36075c26a128,2025-04-06T17:09:35.000Z,2025-04-06T17:13:26.000Z,jumboz2023@gmail.com,"1476_mai_white 0",1476_mai_white,0,no,,89eab5f6-aad9-415b-9ce7-36075c26a128_1743959371.jpg
145ae3f3-1ebf-491d-a096-8daa4d8809fc,2d013459-04c9-49eb-b7da-edab73a4d81b,2025-04-06T17:09:12.000Z,2025-04-06T17:13:24.000Z,jumboz2023@gmail.com,"6685_mai_blue 1",6685_mai_blue,1,no,"Barely alive",2d013459-04c9-49eb-b7da-edab73a4d81b_1743959348.jpg
145ae3f3-1ebf-491d-a096-8daa4d8809fc,767b7ed0-f61f-48c6-b50e-0229c108e40d,2025-04-06T17:08:16.000Z,2025-04-06T17:13:22.000Z,jumboz2023@gmail.com,"4859_mai_blue 1",4859_mai_blue,1,yes,"Flowers senesced",767b7ed0-f61f-48c6-b50e-0229c108e40d_1743959289.jpg
145ae3f3-1ebf-491d-a096-8daa4d8809fc,53443c93-2d78-4d83-b5bc-a98d75fd7b92,2025-04-06T17:07:37.000Z,2025-04-06T17:13:21.000Z,jumboz2023@gmail.com,"2743_mai_blue 0",2743_mai_blue,0,no,,53443c93-2d78-4d83-b5bc-a98d75fd7b92_1743959254.jpg
145ae3f3-1ebf-491d-a096-8daa4d8809fc,6c52cae3-8ef7-45cf-8937-6379f61cc29a,2025-04-06T17:07:18.000Z,2025-04-06T17:13:20.000Z,jumboz2023@gmail.com,"4883_mai_blue 1",4883_mai_blue,1,no,,6c52cae3-8ef7-45cf-8937-6379f61cc29a_1743959235.jpg
145ae3f3-1ebf-491d-a096-8daa4d8809fc,c6c9260c-6f3e-40da-b6e2-f4c610fe8323,2025-04-06T17:06:58.000Z,2025-04-06T17:13:19.000Z,jumboz2023@gmail.com,"2637_mai_blue 1",2637_mai_blue,1,no,,c6c9260c-6f3e-40da-b6e2-f4c610fe8323_1743959210.jpg
145ae3f3-1ebf-491d-a096-8daa4d8809fc,be840bba-29a7-40f2-9244-a2ee0d670ba3,2025-04-06T17:06:13.000Z,2025-04-06T17:13:16.000Z,jumboz2023@gmail.com,"4216_mai_blue 1",4216_mai_blue,1,no,"2 individuals",be840bba-29a7-40f2-9244-a2ee0d670ba3_1743959152.jpg
145ae3f3-1ebf-491d-a096-8daa4d8809fc,b74f4d19-83ea-446a-8380-6f99909031b6,2025-04-06T17:05:21.000Z,2025-04-06T17:13:15.000Z,jumboz2023@gmail.com,"860_mai_blue 0",860_mai_blue,0,no,,b74f4d19-83ea-446a-8380-6f99909031b6_1743959116.jpg
145ae3f3-1ebf-491d-a096-8daa4d8809fc,15b9abff-5f96-41c8-967b-f3c388e97931,2025-04-06T17:04:55.000Z,2025-04-06T17:13:13.000Z,jumboz2023@gmail.com,"6882_mai_blue 1",6882_mai_blue,1,no,,15b9abff-5f96-41c8-967b-f3c388e97931_1743959092.jpg
145ae3f3-1ebf-491d-a096-8daa4d8809fc,4667d965-b53d-4d9f-a418-c8e0023980bd,2025-04-06T17:04:24.000Z,2025-04-06T17:13:17.000Z,jumboz2023@gmail.com,"5567_mai_blue 1",5567_mai_blue,1,yes,"Flowers senesced, 2 individuals",4667d965-b53d-4d9f-a418-c8e0023980bd_1743959059.jpg
145ae3f3-1ebf-491d-a096-8daa4d8809fc,4af61945-90a0-46fe-8f59-103b03ce6ef7,2025-04-06T17:03:50.000Z,2025-04-06T17:13:12.000Z,jumboz2023@gmail.com,"2753_mai_blue 0",2753_mai_blue,0,no,,4af61945-90a0-46fe-8f59-103b03ce6ef7_1743959028.jpg
145ae3f3-1ebf-491d-a096-8daa4d8809fc,cb2ac650-03e2-4b96-b04c-230b28fbb5b4,2025-04-06T17:03:27.000Z,2025-04-06T17:13:09.000Z,jumboz2023@gmail.com,"4676_mai_blue 1",4676_mai_blue,1,yes,"flowers senesced",cb2ac650-03e2-4b96-b04c-230b28fbb5b4_1743959003.jpg
145ae3f3-1ebf-491d-a096-8daa4d8809fc,8d27b196-cadf-4da6-b2f3-770e3b42dbc5,2025-04-06T17:02:20.000Z,2025-04-06T17:13:08.000Z,jumboz2023@gmail.com,"4802_mai_blue 0",4802_mai_blue,0,no,,8d27b196-cadf-4da6-b2f3-770e3b42dbc5_1743958938.jpg
145ae3f3-1ebf-491d-a096-8daa4d8809fc,d73e436e-e317-4395-8a07-bcaae2bab566,2025-04-06T17:02:03.000Z,2025-04-06T17:13:01.000Z,jumboz2023@gmail.com,"2131_mai_blue 0",2131_mai_blue,0,no,,d73e436e-e317-4395-8a07-bcaae2bab566_1743958921.jpg
145ae3f3-1ebf-491d-a096-8daa4d8809fc,c5591a72-ac73-475a-8b5c-d626201cf83e,2025-04-06T17:01:43.000Z,2025-04-06T17:13:00.000Z,jumboz2023@gmail.com,"3665_mai_blue 0",3665_mai_blue,0,no,,c5591a72-ac73-475a-8b5c-d626201cf83e_1743958900.jpg
145ae3f3-1ebf-491d-a096-8daa4d8809fc,9fe24654-fe89-4095-a5dd-c7d3bbe4538f,2025-04-06T17:01:26.000Z,2025-04-06T17:12:58.000Z,jumboz2023@gmail.com,"543_mai_blue 0",543_mai_blue,0,no,,9fe24654-fe89-4095-a5dd-c7d3bbe4538f_1743958883.jpg
