Obs#,Time,Date,id,gsw,gbw,gtw,E_apparent,VPcham,VPref,VPleaf,VPDleaf,H2O_r,H2O_s,H2O_leaf,leaf_area,leaf_width,flashID,Fo,Fm,Fv/Fm,Fs,Fm',PhiPS2,PS2/1,abs,ETR,TRANS,rh_s,rh_r,Tref,Tmeas,Tleaf,P_atm,flow,flow_s,leak_pct,Qamb,batt,match_time,match_date,rh_adj,type,gsw1sec,gsw2sec,gsw4sec,flr1sec,flr2sec,flr4sec,auto,flow_set,gsw_limit,gsw_period,aw,Bla,Blb,Blc,Bld,Ble,chamber,dark,flash_type,flash_intensity,modrate,flr_limit,flr_period,P1_dur,P2_dur,P3_dur,P1_Fmax,P2_ramp,P2_slp,P3_Fmax,P3_Pred,P3_DeltaF,v_humA,v_humB,v_flowIn,v_flowOut,v_temp,v_irt,v_pres,v_par,v_F,i_LED,b_rhr,m_rhr,span_rhr,b_rhs,m_rhs,span_rhs,z_flowIn,z_flowOut,z_quantum,z_flr,flashId,lciSerNum,lcpSerNum,lcfSerNum,lcrhSerNum,version,configUpdatedAt
1,13:14:54,3/31/25,4676_mai_blue,0.014327,2.922883,0.014257,0.269355,1.071927,1.065146,2.744638,1.672712,11.776597,11.851566,30.345604,0.441786,7.5,PSF-00438_20250331131454_7de,0,0,0,129.766708,152.156403,0.147149,0.5,0.8,7.468486,1,37.67,37.43,23.15,22.55,22.55,90.45,156.8,157.3,-0.3,127,3.971,13:14:25,3/31/25,0.12,1,-0.001,-0.004,-9999,0.133,0.432,-9999,1,150,0.005,2,0.058905,0,0.02923,0,0,-0.000068,standard,0,mpf,7000,500,5,2,300,300,300,152.09198,25,-0.032807,152.02832,152.109512,-0.081192,2.450854,2.46509,1.65673,0.93957,0.293621,-0.006138,0.050442,0.221444,129.766708,0.000236,2.38896,-0.000025,1,2.402765,-0.000034,1,0.600816,0.600971,0.107301,0,PSF-00438_20250331131454_7de,PFA-00474,PSA-00486,PSF-00438,RHS-00603,3.0.0,2025-03-10T14:27:16.709Z
3,13:48:31,3/31/25,4216_mai_blue,0.002098,2.92186,0.002096,0.035517,1.399504,1.398613,2.894963,1.495458,15.468776,15.478632,32.01852,0.441786,7.5,PSF-00438_20250331134831_26f,0,0,0,125.225189,252.083359,0.503239,0.5,0.8,28.916431,1,46.6,46.57,24.04,23.44,23.44,90.42,156.7,156.5,0.1,144,3.962,13:46:34,3/31/25,0.02,1,0,0,-9999,0.131,0.34,-9999,1,150,0.005,2,0.058905,0,0.02923,0,0,-0.000068,standard,0,mpf,7000,500,5,2,300,300,300,244.288086,25,-5.56078,242.046829,244.134277,-2.087448,2.463181,2.477364,1.655659,0.937576,0.283331,-0.006377,0.279822,0.236525,125.225189,0.000236,2.38896,-0.000025,1,2.402765,-0.000034,1,0.600816,0.600971,0.107301,0,PSF-00438_20250331134831_26f,PFA-00474,PSA-00486,PSF-00438,RHS-00603,3.0.0,2025-03-10T14:27:16.709Z
4,13:53:54,3/31/25,5567_mai_blue,0.012848,2.922143,0.012792,0.198364,1.407223,1.402247,2.776825,1.369602,15.509265,15.5643,30.712507,0.441786,7.5,PSF-00438_20250331135354_b45,0,0,0,136.540176,268.795563,0.49203,0.5,0.8,34.737282,1,47.07,46.91,23.97,22.75,22.75,90.41,156.8,156.4,0.2,176,3.961,13:46:34,3/31/25,0.02,1,-0.001,-0.001,-9999,1.235,2.179,-9999,1,150,0.005,2,0.058905,0,0.02923,0,0,-0.000068,standard,0,mpf,7000,500,5,2,300,300,300,260.93103,25,-6.07111,257.929077,260.116974,-2.187897,2.463645,2.478018,1.655955,0.937391,0.284186,-0.013213,0.307006,0.266075,136.540176,0.000241,2.38896,-0.000025,1,2.402765,-0.000034,1,0.600816,0.600971,0.107301,0,PSF-00438_20250331135354_b45,PFA-00474,PSA-00486,PSF-00438,RHS-00603,3.0.0,2025-03-10T14:27:16.709Z
5,13:54:56,3/31/25,2637_mai_blue,0.015306,2.922417,0.015226,0.236754,1.425144,1.419208,2.798165,1.373021,15.696902,15.76256,30.948618,0.441786,7.5,PSF-00438_20250331135456_531,0,0,0,115.317825,430.364227,0.732046,0.5,0.8,30.753407,1,47.75,47.55,23.94,22.87,22.87,90.41,156.8,156.9,-0.1,105,3.959,13:46:34,3/31/25,0.02,1,0,-0.001,-9999,-0.117,0.335,-9999,1,150,0.005,2,0.058905,0,0.02923,0,0,-0.000068,standard,0,mpf,7000,500,5,2,300,300,300,420.167328,25,-7.221177,419.320465,420.041626,-0.721161,2.464513,2.478938,1.656242,0.938559,0.284487,-0.011508,0.311926,0.201779,115.317825,0.000239,2.38896,-0.000025,1,2.402765,-0.000034,1,0.600816,0.600971,0.107301,0,PSF-00438_20250331135456_531,PFA-00474,PSA-00486,PSF-00438,RHS-00603,3.0.0,2025-03-10T14:27:16.709Z
6,13:55:43,3/31/25,6685_mai_blue,0.030517,2.920892,0.030201,0.443837,1.41725,1.406108,2.715403,1.298153,15.554212,15.67746,30.037479,0.441786,7.5,PSF-00438_20250331135543_5c4,0,0,0,145.338531,438.309906,0.668411,0.5,0.8,36.236649,1,47.57,47.19,23.91,22.38,22.38,90.4,156.6,155,1,136,3.959,13:46:34,3/31/25,0.02,1,-0.001,-0.001,-9999,0.51,0.811,-9999,1,150,0.005,2,0.058905,0,0.02923,0,0,-0.000068,standard,0,mpf,7000,500,5,2,300,300,300,432.486176,25,-4.046192,431.669006,432.525909,-0.856903,2.464042,2.478699,1.654645,0.933718,0.284817,-0.016673,0.315611,0.229222,145.338531,0.00024,2.38896,-0.000025,1,2.402765,-0.000034,1,0.600816,0.600971,0.107301,0,PSF-00438_20250331135543_5c4,PFA-00474,PSA-00486,PSF-00438,RHS-00603,3.0.0,2025-03-10T14:27:16.709Z
7,13:56:17,3/31/25,4859_mai_blue,0.025476,2.922224,0.025256,0.386237,1.414503,1.404817,2.765053,1.35055,15.539499,15.646642,30.585857,0.441786,7.5,PSF-00438_20250331135617_5ca,0,0,0,140.762329,396.081268,0.644612,0.5,0.8,37.984856,1,47.54,47.21,23.89,22.68,22.68,90.4,156.8,156.5,0.2,147,3.958,13:46:34,3/31/25,0.02,1,0,0.001,-9999,1.258,2.142,-9999,1,150,0.005,2,0.058905,0,0.02923,0,0,-0.000068,standard,0,mpf,7000,500,5,2,300,300,300,383.803009,25,-8.799556,381.362915,383.50238,-2.139465,2.46407,2.478662,1.656039,0.937616,0.285058,-0.013125,0.318289,0.239822,140.762329,0.000239,2.38896,-0.000025,1,2.402765,-0.000034,1,0.600816,0.600971,0.107301,0,PSF-00438_20250331135617_5ca,PFA-00474,PSA-00486,PSF-00438,RHS-00603,3.0.0,2025-03-10T14:27:16.709Z
8,13:57:09,3/31/25,54_mai_white,0.008772,2.920622,0.008746,0.132675,1.411125,1.407794,2.75108,1.339955,15.571301,15.608153,30.429104,0.441786,7.5,PSF-00438_20250331135709_ca7,0,0,0,126.894592,315.059875,0.597237,0.5,0.8,35.372177,1,47.43,47.32,23.89,22.59,22.59,90.41,156.6,156.7,-0.1,148,3.956,13:56:52,3/31/25,0.02,1,0,0,-9999,0.543,1.031,-9999,1,150,0.005,2,0.058905,0,0.02923,0,0,-0.000068,standard,0,mpf,7000,500,5,2,300,300,300,306.347961,25,-5.998206,305.276855,306.485504,-1.208649,2.464218,2.478521,1.654364,0.938047,0.285099,-0.014011,0.322264,0.240497,126.894592,0.00024,2.38896,-0.000025,1,2.402765,-0.000034,1,0.600816,0.600971,0.107301,0,PSF-00438_20250331135709_ca7,PFA-00474,PSA-00486,PSF-00438,RHS-00603,3.0.0,2025-03-10T14:27:16.709Z
9,13:57:38,3/31/25,5025_mai_white,-0.001951,2.9224,-0.001952,-0.030679,1.402427,1.403197,2.79009,1.387662,15.521871,15.513361,30.863396,0.441786,7.5,PSF-00438_20250331135738_07f,0,0,0,104.632614,117.986084,0.113178,0.5,0.8,7.114883,1,47.16,47.19,23.88,22.83,22.83,90.4,156.8,156.2,0.4,157,3.956,13:56:52,3/31/25,0.02,1,0,-0.001,-9999,0.173,0.594,-9999,1,150,0.005,2,0.058905,0,0.02923,0,0,-0.000068,standard,0,mpf,7000,500,5,2,300,300,300,117.986084,25,0.115736,117.899178,118.151527,-0.25235,2.464046,2.478161,1.656224,0.93685,0.285198,-0.011333,0.324483,0.248678,104.632614,0.000237,2.38896,-0.000025,1,2.402765,-0.000034,1,0.600816,0.600971,0.107301,0,PSF-00438_20250331135738_07f,PFA-00474,PSA-00486,PSF-00438,RHS-00603,3.0.0,2025-03-10T14:27:16.709Z
10,13:58:12,3/31/25,5657_mai_white,0.005621,2.921138,0.005611,0.088454,1.419698,1.417478,2.811628,1.39193,15.679072,15.703629,31.100101,0.441786,7.5,PSF-00438_20250331135812_92b,0,0,0,183.082932,408.839935,0.552189,0.5,0.8,30.159006,1,47.8,47.73,23.86,22.95,22.95,90.41,156.6,156.8,-0.1,137,3.955,13:56:52,3/31/25,0.02,1,0,-0.001,-0.002,-0.61,0.95,12.584,1,150,0.005,2,0.058905,0,0.02923,0,0,-0.000068,standard,0,mpf,7000,500,5,2,300,300,300,401.474487,25,-6.03648,397.597778,400.210846,-2.613068,2.464769,2.479026,1.654902,0.938247,0.28542,-0.009698,0.32707,0.230131,183.082932,0.00024,2.38896,-0.000025,1,2.402765,-0.000034,1,0.600816,0.600971,0.107301,0,PSF-00438_20250331135812_92b,PFA-00474,PSA-00486,PSF-00438,RHS-00603,3.0.0,2025-03-10T14:27:16.709Z
11,13:59:18,3/31/25,2337_mai_white,0.002558,2.921492,0.002556,0.041803,1.418497,1.417449,2.861933,1.443435,15.680651,15.692253,31.660381,0.441786,7.5,PSF-00438_20250331135918_044,0,0,0,154.249542,154.949432,0.004517,0.5,0.8,0.313087,1,47.87,47.83,23.82,23.25,23.25,90.39,156.7,157.1,-0.3,173,3.954,13:56:52,3/31/25,0.02,1,0,-0.001,-9999,0.128,0.269,-9999,1,150,0.005,2,0.058905,0,0.02923,0,0,-0.000068,standard,0,mpf,7000,500,5,2,300,300,300,154.949432,25,1.438038,155.206558,157.005096,-1.798538,2.464917,2.479123,1.655272,0.939166,0.285838,-0.00601,0.332192,0.263184,154.249542,0.000239,2.38896,-0.000025,1,2.402765,-0.000034,1,0.600816,0.600971,0.107301,0,PSF-00438_20250331135918_044,PFA-00474,PSA-00486,PSF-00438,RHS-00603,3.0.0,2025-03-10T14:27:16.709Z
12,14:00:10,3/31/25,2265_mai_white,0.016776,2.921631,0.01668,0.251498,1.414177,1.407867,2.74571,1.331533,15.57509,15.644889,30.375502,0.441786,7.5,PSF-00438_20250331140010_aa5,0,0,0,142.608765,430.205566,0.66851,0.5,0.8,49.016582,1,47.81,47.6,23.79,22.56,22.56,90.39,156.7,156.7,0,183,3.953,13:56:52,3/31/25,0.02,1,0,-0.001,-9999,0.275,0.431,-9999,1,150,0.005,2,0.058905,0,0.02923,0,0,-0.000068,standard,0,mpf,7000,500,5,2,300,300,300,420.436249,25,-6.718136,419.756042,420.602051,-0.846008,2.464615,2.479058,1.655419,0.938061,0.286206,-0.013274,0.336096,0.272197,142.608765,0.000241,2.38896,-0.000025,1,2.402765,-0.000034,1,0.600816,0.600971,0.107301,0,PSF-00438_20250331140010_aa5,PFA-00474,PSA-00486,PSF-00438,RHS-00603,3.0.0,2025-03-10T14:27:16.709Z
13,14:00:34,3/31/25,3438_mai_white,0.017754,2.92126,0.017647,0.263856,1.416298,1.409677,2.73684,1.320542,15.594762,15.668011,30.276703,0.441786,7.5,PSF-00438_20250331140034_f6f,0,0,0,128.98671,403.03656,0.679963,0.5,0.8,42.015118,1,47.93,47.71,23.78,22.51,22.51,90.39,156.6,156.7,0,154,3.951,13:56:52,3/31/25,0.02,1,0,-0.001,-9999,-1.068,-0.86,-9999,1,150,0.005,2,0.058905,0,0.02923,0,0,-0.000068,standard,0,mpf,7000,500,5,2,300,300,300,399.077667,25,-5.486053,391.940125,395.194305,-3.254181,2.464764,2.479223,1.65503,0.938047,0.286394,-0.013679,0.337848,0.246263,128.98671,0.000239,2.38896,-0.000025,1,2.402765,-0.000034,1,0.600816,0.600971,0.107301,0,PSF-00438_20250331140034_f6f,PFA-00474,PSA-00486,PSF-00438,RHS-00603,3.0.0,2025-03-10T14:27:16.709Z
14,14:00:59,3/31/25,1468_mai_white,0.020911,2.9225,0.020763,0.312332,1.416698,1.408868,2.745135,1.328437,15.586329,15.67295,30.369473,0.441786,7.5,PSF-00438_20250331140059_ecf,0,0,0,134.032486,398.706726,0.663832,0.5,0.8,45.998257,1,47.99,47.73,23.76,22.56,22.56,90.39,156.8,155.8,0.6,173,3.951,13:56:52,3/31/25,0.02,1,0,0,-9999,0.246,0.112,-9999,1,150,0.005,2,0.058905,0,0.02923,0,0,-0.000068,standard,0,mpf,7000,500,5,2,300,300,300,392.909302,25,-3.896738,393.592712,393.136383,0.456329,2.464796,2.479311,1.656329,0.935722,0.286587,-0.012936,0.339685,0.263133,134.032486,0.00024,2.38896,-0.000025,1,2.402765,-0.000034,1,0.600816,0.600971,0.107301,0,PSF-00438_20250331140059_ecf,PFA-00474,PSA-00486,PSF-00438,RHS-00603,3.0.0,2025-03-10T14:27:16.709Z
16,14:02:17,3/31/25,2285_mai_green,0.017831,2.922501,0.017723,0.262514,1.422265,1.415684,2.730465,1.3082,15.661222,15.734022,30.206177,0.441786,7.5,PSF-00438_20250331140217_2fd,0,0,0,161.228302,420.677887,0.616742,0.5,0.8,40.479935,1,48.29,48.07,23.72,22.47,22.47,90.39,156.8,157.1,-0.2,164,3.951,13:56:52,3/31/25,0.02,1,-0.001,-0.001,-9999,0.316,0.465,-9999,1,150,0.005,2,0.058905,0,0.02923,0,0,-0.000068,standard,0,mpf,7000,500,5,2,300,300,300,413.924561,25,-4.60391,414.168488,414.096649,0.071838,2.465257,2.47972,1.65633,0.939003,0.287013,-0.013495,0.345378,0.254909,161.228302,0.000237,2.38896,-0.000025,1,2.402765,-0.000034,1,0.600816,0.600971,0.107301,0,PSF-00438_20250331140217_2fd,PFA-00474,PSA-00486,PSF-00438,RHS-00603,3.0.0,2025-03-10T14:27:16.709Z
17,14:02:47,3/31/25,4698_mai_green,0.010468,2.92182,0.010431,0.161893,1.422979,1.418918,2.793445,1.370466,15.694784,15.739703,30.89855,0.441786,7.5,PSF-00438_20250331140247_42e,0,0,0,154.376511,378.724213,0.592377,0.5,0.8,35.227013,1,48.36,48.22,23.71,22.85,22.85,90.41,156.7,156.7,0,149,3.949,13:56:52,3/31/25,0.02,1,-0.001,-0.001,-9999,0.885,2.011,-9999,1,150,0.005,2,0.058905,0,0.02923,0,0,-0.000068,standard,0,mpf,7000,500,5,2,300,300,300,370.262512,25,-6.339034,366.776703,369.662628,-2.885925,2.465464,2.479814,1.655616,0.938149,0.287182,-0.009153,0.347521,0.241038,154.376511,0.000238,2.38896,-0.000025,1,2.402765,-0.000034,1,0.600816,0.600971,0.107301,0,PSF-00438_20250331140247_42e,PFA-00474,PSA-00486,PSF-00438,RHS-00603,3.0.0,2025-03-10T14:27:16.709Z
18,14:03:19,3/31/25,4632_mai_green,-0.005314,2.922738,-0.005323,-0.082871,1.414321,1.416399,2.789026,1.374705,15.667046,15.644066,30.849928,0.441786,7.5,PSF-00438_20250331140319_0e2,0,0,0,143.749237,146.938202,0.021703,0.5,0.8,1.364876,1,48.11,48.18,23.69,22.82,22.82,90.41,156.8,156.8,0,157,3.948,13:56:52,3/31/25,0.02,1,0,-0.001,-9999,-0.093,0.155,-9999,1,150,0.005,2,0.058905,0,0.02923,0,0,-0.000068,standard,0,mpf,7000,500,5,2,300,300,300,146.938202,25,0.708084,147.064804,147.950394,-0.88559,2.465413,2.479481,1.656578,0.938335,0.287358,-0.00927,0.349827,0.248734,143.749237,0.000238,2.38896,-0.000025,1,2.402765,-0.000034,1,0.600816,0.600971,0.107301,0,PSF-00438_20250331140319_0e2,PFA-00474,PSA-00486,PSF-00438,RHS-00603,3.0.0,2025-03-10T14:27:16.709Z
19,14:03:50,3/31/25,4781_mai_green,0.036288,2.922417,0.035843,0.548807,1.420857,1.407098,2.772844,1.351987,15.566017,15.718224,30.67458,0.441786,7.5,PSF-00438_20250331140350_267,0,0,0,153.052216,415.11203,0.631299,0.5,0.8,43.018867,1,48.37,47.9,23.68,22.72,22.72,90.4,156.8,156.7,0,170,3.948,13:56:52,3/31/25,0.02,1,0,0,-9999,0.245,-0.25,-9999,1,150,0.005,2,0.058905,0,0.02923,0,0,-0.000068,standard,0,mpf,7000,500,5,2,300,300,300,410.172333,25,-3.535861,409.211761,410.057556,-0.845795,2.46505,2.479842,1.656242,0.938159,0.287528,-0.010171,0.352084,0.26055,153.052216,0.00024,2.38896,-0.000025,1,2.402765,-0.000034,1,0.600816,0.600971,0.107301,0,PSF-00438_20250331140350_267,PFA-00474,PSA-00486,PSF-00438,RHS-00603,3.0.0,2025-03-10T14:27:16.709Z
20,14:04:09,3/31/25,2310_mai_green,0.006033,2.921001,0.006021,0.092633,1.411699,1.409373,2.770314,1.358615,15.590974,15.616696,30.646168,0.441786,7.5,PSF-00438_20250331140409_d48,0,0,0,135.603912,289.299622,0.531268,0.5,0.8,34.052757,1,48.08,48,23.67,22.71,22.71,90.4,156.6,147.7,5.7,160,3.947,13:56:52,3/31/25,0.02,1,-0.001,0,-9999,1.045,2.097,-9999,1,150,0.005,2,0.058905,0,0.02923,0,0,-0.000068,standard,0,mpf,7000,500,5,2,300,300,300,285.703552,25,-2.373037,285.740387,285.907379,-0.166992,2.465184,2.479452,1.65476,0.91531,0.287612,-0.010256,0.353369,0.25145,135.603912,0.000238,2.38896,-0.000025,1,2.402765,-0.000034,1,0.600816,0.600971,0.107301,0,PSF-00438_20250331140409_d48,PFA-00474,PSA-00486,PSF-00438,RHS-00603,3.0.0,2025-03-10T14:27:16.709Z
22,14:05:34,3/31/25,2803_mai_green,0.005014,2.921089,0.005006,0.079571,1.414804,1.412807,2.817957,1.403153,15.630599,15.652692,31.176485,0.441786,7.5,PSF-00438_20250331140534_06a,0,0,0,139.500977,443.017761,0.685112,0.5,0.8,25.241442,1,48.23,48.16,23.65,22.99,22.99,90.39,156.6,156.8,-0.1,92,3.945,13:56:52,3/31/25,0.02,1,-0.001,-0.001,-9999,0.311,0.514,-9999,1,150,0.005,2,0.058905,0,0.02923,0,0,-0.000068,standard,0,mpf,7000,500,5,2,300,300,300,433.691376,25,-6.740008,431.699768,433.382965,-1.683197,2.465403,2.479658,1.654852,0.938403,0.287786,-0.00695,0.359406,0.190158,139.500977,0.00024,2.38896,-0.000025,1,2.402765,-0.000034,1,0.600816,0.600971,0.107301,0,PSF-00438_20250331140534_06a,PFA-00474,PSA-00486,PSF-00438,RHS-00603,3.0.0,2025-03-10T14:27:16.709Z
23,14:05:59,3/31/25,TT24.230_mai_green,0.030673,2.922805,0.030355,0.460541,1.431517,1.419977,2.770916,1.339399,15.710711,15.838383,30.657574,0.441786,7.5,PSF-00438_20250331140559_d03,0,0,0,153.934128,429.800842,0.641848,0.5,0.8,39.863297,1,48.81,48.42,23.65,22.71,22.71,90.38,156.8,157.2,-0.2,155,3.945,13:56:52,3/31/25,0.02,1,0,0,-9999,0.589,1.106,-9999,1,150,0.005,2,0.058905,0,0.02923,0,0,-0.000068,standard,0,mpf,7000,500,5,2,300,300,300,425.488831,25,-2.989079,424.861908,425.527985,-0.666077,2.465747,2.480443,1.65665,0.939258,0.287835,-0.009997,0.361152,0.246975,153.934128,0.000239,2.38896,-0.000025,1,2.402765,-0.000034,1,0.600816,0.600971,0.107301,0,PSF-00438_20250331140559_d03,PFA-00474,PSA-00486,PSF-00438,RHS-00603,3.0.0,2025-03-10T14:27:16.709Z
24,14:06:29,3/31/25,2616_mai_green,0.00326,2.921208,0.003256,0.049373,1.425479,1.424241,2.764147,1.338668,15.75906,15.772765,30.584969,0.441786,7.5,PSF-00438_20250331140629_1d0,0,0,0,140.818832,435.047302,0.676314,0.5,0.8,43.812523,1,48.62,48.58,23.64,22.67,22.67,90.38,156.6,156.9,-0.2,162,3.944,13:56:52,3/31/25,0.02,1,-0.001,0,-9999,-0.043,-0.412,-9999,1,150,0.005,2,0.058905,0,0.02923,0,0,-0.000068,standard,0,mpf,7000,500,5,2,300,300,300,426.384338,25,-6.258839,424.840088,426.100342,-1.260254,2.465962,2.480187,1.654976,0.938524,0.287893,-0.010389,0.363215,0.252989,140.818832,0.000237,2.38896,-0.000025,1,2.402765,-0.000034,1,0.600816,0.600971,0.107301,0,PSF-00438_20250331140629_1d0,PFA-00474,PSA-00486,PSF-00438,RHS-00603,3.0.0,2025-03-10T14:27:16.709Z
25,14:06:50,3/31/25,5069_mai_green,0.024295,2.922295,0.024094,0.367153,1.433338,1.424136,2.778493,1.345155,15.756937,15.858758,30.741835,0.441786,7.5,PSF-00438_20250331140650_781,0,0,0,130.507355,428.832001,0.695668,0.5,0.8,28.971378,1,48.91,48.59,23.64,22.76,22.76,90.38,156.8,156.8,0,104,3.943,13:56:52,3/31/25,0.02,1,0.001,0.001,-9999,-0.058,-0.241,-9999,1,150,0.005,2,0.058905,0,0.02923,0,0,-0.000068,standard,0,mpf,7000,500,5,2,300,300,300,422.848114,25,-4.264905,421.488403,422.735352,-1.246948,2.465981,2.480573,1.656114,0.938306,0.28796,-0.009374,0.364641,0.200958,130.507355,0.000237,2.38896,-0.000025,1,2.402765,-0.000034,1,0.600816,0.600971,0.107301,0,PSF-00438_20250331140650_781,PFA-00474,PSA-00486,PSF-00438,RHS-00603,3.0.0,2025-03-10T14:27:16.709Z
26,14:07:20,3/31/25,4736_mai_green,0.019316,2.921894,0.019189,0.281722,1.430438,1.423374,2.726844,1.296406,15.748249,15.826406,30.169876,0.441786,7.5,PSF-00438_20250331140720_8b9,0,0,0,129.698395,416.217499,0.688388,0.5,0.8,40.539108,1,48.77,48.53,23.65,22.45,22.45,90.38,156.7,156.6,0.1,147,3.942,14:07:05,3/31/25,0.03,1,-0.001,-0.001,-9999,-0.326,-0.684,-9999,1,150,0.005,2,0.058905,0,0.02923,0,0,-0.000068,standard,0,mpf,7000,500,5,2,300,300,300,410.116913,25,-4.119096,410.465942,410.329285,0.136658,2.465892,2.480381,1.655693,0.937886,0.287809,-0.012956,0.366739,0.23974,129.698395,0.00024,2.38896,-0.000025,1,2.402765,-0.000034,1,0.600816,0.600971,0.107301,0,PSF-00438_20250331140720_8b9,PFA-00474,PSA-00486,PSF-00438,RHS-00603,3.0.0,2025-03-10T14:27:16.709Z
27,14:08:09,3/31/25,5074_mai_red,0.027688,2.922788,0.027428,0.413653,1.425077,1.414711,2.756683,1.331605,15.651842,15.766525,30.498915,0.441786,7.5,PSF-00438_20250331140809_bb3,0,0,0,134.907608,419.2099,0.678186,0.5,0.8,46.707741,1,48.57,48.22,23.66,22.63,22.63,90.39,156.8,157.1,-0.1,172,3.942,14:07:05,3/31/25,0.03,1,0.002,0,-9999,-0.231,-0.876,-9999,1,150,0.005,2,0.058905,0,0.02923,0,0,-0.000068,standard,0,mpf,7000,500,5,2,300,300,300,409.378052,25,-6.758234,409.526123,409.549072,-0.022949,2.465473,2.48011,1.656632,0.93899,0.287741,-0.011034,0.370164,0.262188,134.907608,0.000238,2.38896,-0.000025,1,2.402765,-0.000034,1,0.600816,0.600971,0.107301,0,PSF-00438_20250331140809_bb3,PFA-00474,PSA-00486,PSF-00438,RHS-00603,3.0.0,2025-03-10T14:27:16.709Z
28,14:08:41,3/31/25,5596_mai_red,0.023822,2.921467,0.023629,0.386647,1.425985,1.416286,2.869824,1.443839,15.669651,15.776958,31.751457,0.441786,7.5,PSF-00438_20250331140841_53b,0,0,0,194.822067,449.283691,0.566372,0.5,0.8,34.120136,1,48.62,48.28,23.65,23.29,23.29,90.38,156.7,155.6,0.7,151,3.941,14:07:05,3/31/25,0.03,1,0,0.001,0,0.752,2.413,11.373,1,150,0.005,2,0.058905,0,0.02923,0,0,-0.000068,standard,0,mpf,7000,500,5,2,300,300,300,442.924988,25,-4.979368,440.086121,442.165741,-2.07962,2.465564,2.480171,1.655247,0.935337,0.287793,-0.003571,0.372288,0.242784,194.822067,0.000237,2.38896,-0.000025,1,2.402765,-0.000034,1,0.600816,0.600971,0.107301,0,PSF-00438_20250331140841_53b,PFA-00474,PSA-00486,PSF-00438,RHS-00603,3.0.0,2025-03-10T14:27:16.709Z
29,14:09:06,3/31/25,TT24.111_mai_red,0.013816,2.92232,0.013751,0.212894,1.427427,1.422091,2.794043,1.366616,15.734661,15.793705,30.914564,0.441786,7.5,PSF-00438_20250331140906_5c9,0,0,0,144.935486,433.117859,0.665367,0.5,0.8,31.3258,1,48.68,48.5,23.65,22.85,22.85,90.38,156.8,155.5,0.8,118,3.94,14:07:05,3/31/25,0.03,1,0.001,0,-9999,0.383,0.495,-9999,1,150,0.005,2,0.058905,0,0.02923,0,0,-0.000068,standard,0,mpf,7000,500,5,2,300,300,300,427.892792,25,-3.801962,426.501984,427.682983,-1.181,2.465854,2.480263,1.65614,0.934887,0.287865,-0.008442,0.373993,0.213181,144.935486,0.000239,2.38896,-0.000025,1,2.402765,-0.000034,1,0.600816,0.600971,0.107301,0,PSF-00438_20250331140906_5c9,PFA-00474,PSA-00486,PSF-00438,RHS-00603,3.0.0,2025-03-10T14:27:16.709Z
30,14:09:51,3/31/25,2639_mai_red,0.023237,2.923005,0.023054,0.341083,1.42074,1.412195,2.727176,1.306436,15.625905,15.720457,30.176142,0.441786,7.5,PSF-00438_20250331140951_091,0,0,0,143.109436,413.069122,0.653546,0.5,0.8,44.432381,1,48.49,48.19,23.64,22.45,22.45,90.38,156.9,156.8,0,170,3.939,14:07:05,3/31/25,0.03,1,0,0,-9999,-0.435,-0.306,-9999,1,150,0.005,2,0.058905,0,0.02923,0,0,-0.000068,standard,0,mpf,7000,500,5,2,300,300,300,407.23764,25,-3.936835,406.442627,407.441437,-0.99881,2.465447,2.48,1.656859,0.938298,0.287989,-0.012758,0.377054,0.260198,143.109436,0.000238,2.38896,-0.000025,1,2.402765,-0.000034,1,0.600816,0.600971,0.107301,0,PSF-00438_20250331140951_091,PFA-00474,PSA-00486,PSF-00438,RHS-00603,3.0.0,2025-03-10T14:27:16.709Z
31,14:10:10,3/31/25,TT24.106_mai_red,0.025159,2.922303,0.024944,0.369667,1.426803,1.417537,2.735324,1.308521,15.684839,15.787365,30.265959,0.441786,7.5,PSF-00438_20250331141010_2e8,0,0,0,141.92247,421.31604,0.663145,0.5,0.8,42.37236,1,48.71,48.4,23.63,22.5,22.5,90.38,156.8,156.8,0,160,3.939,14:07:05,3/31/25,0.03,1,0,-0.001,-9999,0.075,-0.362,-9999,1,150,0.005,2,0.058905,0,0.02923,0,0,-0.000068,standard,0,mpf,7000,500,5,2,300,300,300,411.618591,25,-6.809267,411.159027,411.582245,-0.423218,2.465718,2.480307,1.656122,0.938372,0.288064,-0.01214,0.378225,0.250998,141.92247,0.000237,2.38896,-0.000025,1,2.402765,-0.000034,1,0.600816,0.600971,0.107301,0,PSF-00438_20250331141010_2e8,PFA-00474,PSA-00486,PSF-00438,RHS-00603,3.0.0,2025-03-10T14:27:16.709Z
32,14:10:41,3/31/25,5600_mai_red,0.029146,2.921632,0.028858,0.431329,1.427441,1.416624,2.746984,1.319543,15.675388,15.795078,30.396238,0.441786,7.5,PSF-00438_20250331141041_054,0,0,0,134.910828,420.452576,0.679129,0.5,0.8,52.064972,1,48.75,48.38,23.63,22.57,22.57,90.37,156.7,156.9,-0.1,192,3.939,14:07:05,3/31/25,0.03,1,0,-0.002,-9999,0.708,0.894,-9999,1,150,0.005,2,0.058905,0,0.02923,0,0,-0.000068,standard,0,mpf,7000,500,5,2,300,300,300,411.101105,25,-6.750943,409.726013,410.802155,-1.076141,2.465697,2.480357,1.655419,0.938526,0.288121,-0.011306,0.380279,0.279713,134.910828,0.000241,2.38896,-0.000025,1,2.402765,-0.000034,1,0.600816,0.600971,0.107301,0,PSF-00438_20250331141041_054,PFA-00474,PSA-00486,PSF-00438,RHS-00603,3.0.0,2025-03-10T14:27:16.709Z
33,14:11:02,3/31/25,4844_mai_red,0.006973,2.922036,0.006956,0.10877,1.413757,1.41103,2.793796,1.380039,15.61496,15.645137,30.917133,0.441786,7.5,PSF-00438_20250331141102_5b2,0,0,0,133.067612,324.43866,0.589853,0.5,0.8,38.492119,1,48.29,48.19,23.62,22.85,22.85,90.36,156.7,157,-0.2,163,3.903,14:07:05,3/31/25,0.03,1,0,0,-9999,0.483,0.89,-9999,1,150,0.005,2,0.058905,0,0.02923,0,0,-0.000068,standard,0,mpf,7000,500,5,2,300,300,300,316.597595,25,-5.360293,316.205994,316.776154,-0.57016,2.465447,2.479733,1.655842,0.938864,0.288138,-0.008191,0.381703,0.254059,133.067612,0.00024,2.38896,-0.000025,1,2.402765,-0.000034,1,0.600816,0.600971,0.107301,0,PSF-00438_20250331141102_5b2,PFA-00474,PSA-00486,PSF-00438,RHS-00603,3.0.0,2025-03-10T14:27:16.709Z
34,14:11:22,3/31/25,545_mai_red,0.019958,2.922194,0.019823,0.298163,1.418282,1.410808,2.746187,1.327906,15.612064,15.694773,30.389439,0.441786,7.5,PSF-00438_20250331141122_a5e,0,0,0,122.061966,360.336578,0.661256,0.5,0.8,42.150181,1,48.44,48.19,23.62,22.56,22.56,90.37,156.8,156.6,0.1,159,3.937,14:07:05,3/31/25,0.03,1,0,0,-9999,-2.373,-1.967,-9999,1,150,0.005,2,0.058905,0,0.02923,0,0,-0.000068,standard,0,mpf,7000,500,5,2,300,300,300,347.832428,25,-7.921058,348.142517,349.013489,-0.870972,2.46544,2.479945,1.656009,0.937716,0.288147,-0.011334,0.382999,0.250653,122.061966,0.000239,2.38896,-0.000025,1,2.402765,-0.000034,1,0.600816,0.600971,0.107301,0,PSF-00438_20250331141122_a5e,PFA-00474,PSA-00486,PSF-00438,RHS-00603,3.0.0,2025-03-10T14:27:16.709Z
35,14:11:44,3/31/25,4740_mai_red,0.033692,2.921533,0.033308,0.497056,1.417704,1.405238,2.735261,1.317557,15.550341,15.688294,30.268364,0.441786,7.5,PSF-00438_20250331141144_da4,0,0,0,123.898743,395.67218,0.686865,0.5,0.8,53.597485,1,48.43,48,23.62,22.5,22.5,90.37,156.7,155.3,0.9,195,3.937,14:07:05,3/31/25,0.03,1,0,0,-9999,-0.155,-0.321,-9999,1,150,0.005,2,0.058905,0,0.02923,0,0,-0.000068,standard,0,mpf,7000,500,5,2,300,300,300,386.575348,25,-6.204161,386.728394,386.803375,-0.074982,2.46519,2.479923,1.655316,0.934393,0.28816,-0.01205,0.384403,0.282789,123.898743,0.000241,2.38896,-0.000025,1,2.402765,-0.000034,1,0.600816,0.600971,0.107301,0,PSF-00438_20250331141144_da4,PFA-00474,PSA-00486,PSF-00438,RHS-00603,3.0.0,2025-03-10T14:27:16.709Z
36,14:12:07,3/31/25,1264_mai_red,0.030027,2.921804,0.029721,0.449491,1.417902,1.406631,2.752927,1.335026,15.566968,15.691694,30.466213,0.441786,7.5,PSF-00438_20250331141207_6d6,0,0,0,140.945084,420.410736,0.664744,0.5,0.8,40.314613,1,48.43,48.05,23.62,22.6,22.6,90.36,156.7,156.3,0.3,152,3.936,14:07:05,3/31/25,0.03,1,0.001,0,-9999,-0.16,0.452,-9999,1,150,0.005,2,0.058905,0,0.02923,0,0,-0.000068,standard,0,mpf,7000,500,5,2,300,300,300,414.674164,25,-3.889447,415.030365,414.8508,0.179565,2.465253,2.479931,1.6556,0.936947,0.288158,-0.010875,0.38589,0.243691,140.945084,0.000238,2.38896,-0.000025,1,2.402765,-0.000034,1,0.600816,0.600971,0.107301,0,PSF-00438_20250331141207_6d6,PFA-00474,PSA-00486,PSF-00438,RHS-00603,3.0.0,2025-03-10T14:27:16.709Z
37,14:12:58,3/31/25,4883_mai_blue,0.010933,2.922752,0.010892,0.174356,1.40316,1.398791,2.815753,1.412593,15.481014,15.529366,31.163132,0.441786,7.5,PSF-00438_20250331141258_98c,0,0,0,123.802544,278.773987,0.555903,0.5,0.8,35.19651,1,47.91,47.76,23.63,22.98,22.98,90.36,156.8,156.6,0.2,158,3.934,14:07:05,3/31/25,0.03,1,0.001,0.002,-9999,0.47,1.777,-9999,1,150,0.005,2,0.058905,0,0.02923,0,0,-0.000068,standard,0,mpf,7000,500,5,2,300,300,300,271.656281,25,-4.913754,270.506134,271.749817,-1.243683,2.464871,2.479228,1.656594,0.937715,0.288092,-0.006795,0.389183,0.249689,123.802544,0.000238,2.38896,-0.000025,1,2.402765,-0.000034,1,0.600816,0.600971,0.107301,0,PSF-00438_20250331141258_98c,PFA-00474,PSA-00486,PSF-00438,RHS-00603,3.0.0,2025-03-10T14:27:16.709Z
38,14:15:06,3/31/25,5178_mai_red,0.012568,2.922238,0.012515,0.191044,1.422216,1.417428,2.769504,1.347287,15.687978,15.740969,30.652632,0.441786,7.5,PSF-00438_20250331141506_0f2,0,0,0,131.821274,367.795563,0.641591,0.5,0.8,43.953728,1,48.48,48.32,23.66,22.7,22.7,90.35,156.8,157.1,-0.2,171,3.933,14:07:05,3/31/25,0.03,1,0.001,0,-9999,0.12,0.037,-9999,1,150,0.005,2,0.058905,0,0.02923,0,0,-0.000068,standard,0,mpf,7000,500,5,2,300,300,300,358.308777,25,-6.543166,357.890015,358.442169,-0.552155,2.465609,2.47999,1.656054,0.93899,0.287774,-0.010151,0.397605,0.261369,131.821274,0.000241,2.38896,-0.000025,1,2.402765,-0.000034,1,0.600816,0.600971,0.107301,0,PSF-00438_20250331141506_0f2,PFA-00474,PSA-00486,PSF-00438,RHS-00603,3.0.0,2025-03-10T14:27:16.709Z
39,14:15:29,3/31/25,2689_mai_red,0.009377,2.92165,0.009347,0.143678,1.420059,1.416457,2.776624,1.356565,15.677444,15.717317,30.731865,0.441786,7.5,PSF-00438_20250331141529_969,0,0,0,127.094505,270.796906,0.530665,0.5,0.8,43.730095,1,48.39,48.27,23.66,22.75,22.75,90.35,156.7,156.9,-0.1,206,3.933,14:07:05,3/31/25,0.03,1,0,-0.001,-9999,0.981,1.903,-9999,1,150,0.005,2,0.058905,0,0.02923,0,0,-0.000068,standard,0,mpf,7000,500,5,2,300,300,300,262.92981,25,-5.859688,260.684601,262.420532,-1.735931,2.465544,2.479871,1.655439,0.938489,0.287718,-0.009735,0.398998,0.292626,127.094505,0.00024,2.38896,-0.000025,1,2.402765,-0.000034,1,0.600816,0.600971,0.107301,0,PSF-00438_20250331141529_969,PFA-00474,PSA-00486,PSF-00438,RHS-00603,3.0.0,2025-03-10T14:27:16.709Z
40,14:15:55,3/31/25,5122_mai_red,0.017089,2.922038,0.01699,0.247818,1.420364,1.414153,2.708129,1.287765,15.651764,15.720514,29.973425,0.441786,7.5,PSF-00438_20250331141555_408,0,0,0,135.598892,454.239197,0.701481,0.5,0.8,37.56073,1,48.39,48.18,23.67,22.33,22.33,90.35,156.7,156.7,0,134,3.932,14:07:05,3/31/25,0.03,1,-0.001,0.001,-9999,-0.495,-1.228,-9999,1,150,0.005,2,0.058905,0,0.02923,0,0,-0.000068,standard,0,mpf,7000,500,5,2,300,300,300,447.294128,25,-5.26734,445.739136,446.709595,-0.970459,2.465417,2.479862,1.655845,0.938122,0.287656,-0.014362,0.400587,0.227719,135.598892,0.00024,2.38896,-0.000025,1,2.402765,-0.000034,1,0.600816,0.600971,0.107301,0,PSF-00438_20250331141555_408,PFA-00474,PSA-00486,PSF-00438,RHS-00603,3.0.0,2025-03-10T14:27:16.709Z
41,14:16:31,3/31/25,5569_mai_purple,0.011387,2.921719,0.011343,0.16454,1.426933,1.422808,2.707635,1.280702,15.74686,15.792515,29.966627,0.441786,7.5,PSF-00438_20250331141631_e42,0,0,0,135.439392,392.559021,0.654983,0.5,0.8,42.278957,1,48.59,48.45,23.67,22.33,22.33,90.36,156.7,155.9,0.5,161,3.931,14:07:05,3/31/25,0.03,1,-0.002,0,-9999,-0.147,-0.051,-9999,1,150,0.005,2,0.058905,0,0.02923,0,0,-0.000068,standard,0,mpf,7000,500,5,2,300,300,300,388.785828,25,-2.704751,389.319427,388.692596,0.626831,2.465778,2.480131,1.655511,0.936108,0.287564,-0.014485,0.402792,0.252468,135.439392,0.00024,2.38896,-0.000025,1,2.402765,-0.000034,1,0.600816,0.600971,0.107301,0,PSF-00438_20250331141631_e42,PFA-00474,PSA-00486,PSF-00438,RHS-00603,3.0.0,2025-03-10T14:27:16.709Z
42,14:16:54,3/31/25,2726_mai_purple,0.003872,2.921287,0.003867,0.059979,1.415819,1.414315,2.784801,1.368982,15.653256,15.669907,30.821436,0.441786,7.5,PSF-00438_20250331141654_f1c,0,0,0,147.789719,327.557953,0.548814,0.5,0.8,40.013519,1,48.2,48.14,23.68,22.79,22.79,90.35,156.7,156.7,0,182,3.902,14:07:05,3/31/25,0.03,1,0,0,-9999,0.586,1.133,-9999,1,150,0.005,2,0.058905,0,0.02923,0,0,-0.000068,standard,0,mpf,7000,500,5,2,300,300,300,325.679169,25,-1.142776,326.815369,325.924377,0.890991,2.465371,2.479599,1.655058,0.937999,0.287505,-0.009404,0.40421,0.271268,147.789719,0.000239,2.38896,-0.000025,1,2.402765,-0.000034,1,0.600816,0.600971,0.107301,0,PSF-00438_20250331141654_f1c,PFA-00474,PSA-00486,PSF-00438,RHS-00603,3.0.0,2025-03-10T14:27:16.709Z
43,14:17:18,3/31/25,1467_mai_purple,0.004024,2.921446,0.004018,0.065609,1.424119,1.422474,2.864565,1.440446,15.742294,15.760504,31.701687,0.441786,7.5,PSF-00438_20250331141718_2b3,0,0,0,134.06575,198.290451,0.323892,0.5,0.8,25.393553,1,48.45,48.4,23.69,23.26,23.26,90.36,156.7,156.6,0,196,3.93,14:07:05,3/31/25,0.03,1,0.001,0,-9999,0.185,0.308,-9999,1,150,0.005,2,0.058905,0,0.02923,0,0,-0.000068,standard,0,mpf,7000,500,5,2,300,300,300,194.565292,25,-2.825044,192.904114,194.252075,-1.347961,2.465707,2.479945,1.655225,0.937847,0.287409,-0.004289,0.405694,0.283619,134.06575,0.000238,2.38896,-0.000025,1,2.402765,-0.000034,1,0.600816,0.600971,0.107301,0,PSF-00438_20250331141718_2b3,PFA-00474,PSA-00486,PSF-00438,RHS-00603,3.0.0,2025-03-10T14:27:16.709Z
44,14:17:49,3/31/25,4874_mai_purple,0.011436,2.922335,0.011391,0.16938,1.425939,1.421695,2.738523,1.312584,15.734155,15.781131,30.307732,0.441786,7.5,PSF-00438_20250331141749_02f,0,0,0,137.006165,398.666443,0.656339,0.5,0.8,41.183708,1,48.4,48.26,23.73,22.52,22.52,90.36,156.8,157,-0.1,157,3.929,14:17:35,3/31/25,0.02,1,0.002,0,-9999,0.138,0.598,-9999,1,150,0.005,2,0.058905,0,0.02923,0,0,-0.000068,standard,0,mpf,7000,500,5,2,300,300,300,390.710602,25,-5.420439,390.342224,390.917969,-0.575745,2.465512,2.479882,1.656155,0.938787,0.286964,-0.013005,0.407588,0.248415,137.006165,0.000239,2.38896,-0.000025,1,2.402765,-0.000034,1,0.600816,0.600971,0.107301,0,PSF-00438_20250331141749_02f,PFA-00474,PSA-00486,PSF-00438,RHS-00603,3.0.0,2025-03-10T14:27:16.709Z
45,14:18:26,3/31/25,5052_mai_purple,0.004255,2.922002,0.004249,0.066465,1.425884,1.424218,2.806213,1.38033,15.762554,15.780993,31.057816,0.441786,7.5,PSF-00438_20250331141826_68d,0,0,0,122.330185,215.878693,0.433338,0.5,0.8,35.4431,1,48.32,48.26,23.75,22.92,22.92,90.35,156.7,157.1,-0.3,204,3.929,14:17:35,3/31/25,0.02,1,0.001,0,-9999,0.17,0.764,-9999,1,150,0.005,2,0.058905,0,0.02923,0,0,-0.000068,standard,0,mpf,7000,500,5,2,300,300,300,207.86441,25,-6.134902,204.931503,207.108902,-2.177399,2.465512,2.479764,1.655807,0.939151,0.286646,-0.008841,0.409857,0.291242,122.330185,0.00024,2.38896,-0.000025,1,2.402765,-0.000034,1,0.600816,0.600971,0.107301,0,PSF-00438_20250331141826_68d,PFA-00474,PSA-00486,PSF-00438,RHS-00603,3.0.0,2025-03-10T14:27:16.709Z
46,14:18:45,3/31/25,4865_mai_purple,0.01294,2.922104,0.012883,0.192091,1.422001,1.417187,2.738156,1.316155,15.68513,15.738417,30.305344,0.441786,7.5,PSF-00438_20250331141845_bea,0,0,0,115.202667,182.232086,0.367824,0.5,0.8,27.324423,1,48.18,48.01,23.76,22.52,22.52,90.35,156.8,151.9,3.1,186,3.928,14:17:35,3/31/25,0.02,1,-0.001,-0.001,-9999,0.22,0.664,-9999,1,150,0.005,2,0.058905,0,0.02923,0,0,-0.000068,standard,0,mpf,7000,500,5,2,300,300,300,181.198959,25,-0.645204,181.647781,181.309769,0.338013,2.465177,2.479569,1.655914,0.925752,0.286599,-0.01339,0.410966,0.274366,115.202667,0.000241,2.38896,-0.000025,1,2.402765,-0.000034,1,0.600816,0.600971,0.107301,0,PSF-00438_20250331141845_bea,PFA-00474,PSA-00486,PSF-00438,RHS-00603,3.0.0,2025-03-10T14:27:16.709Z
47,14:19:18,3/31/25,1499_mai_purple,0.017457,2.92046,0.017353,0.297945,1.427154,1.419677,2.94087,1.513716,15.71374,15.796494,32.551094,0.441786,7.5,PSF-00438_20250331141918_497,0,0,0,187.307953,450.64679,0.584358,0.5,0.8,35.922714,1,48.33,48.08,23.76,23.7,23.7,90.35,156.5,157,-0.3,154,3.928,14:17:35,3/31/25,0.02,1,-0.001,0.001,0,1.008,3.442,12.534,1,150,0.005,2,0.058905,0,0.02923,0,0,-0.000068,standard,0,mpf,7000,500,5,2,300,300,300,442.077393,25,-7.305017,436.878906,440.204346,-3.325439,2.465265,2.479779,1.654194,0.938901,0.28653,-0.000264,0.412993,0.245551,187.307953,0.00024,2.38896,-0.000025,1,2.402765,-0.000034,1,0.600816,0.600971,0.107301,0,PSF-00438_20250331141918_497,PFA-00474,PSA-00486,PSF-00438,RHS-00603,3.0.0,2025-03-10T14:27:16.709Z
48,14:19:52,3/31/25,TT24.211_mai_purple,0.033124,2.921462,0.032752,0.511497,1.449785,1.436962,2.827466,1.377681,15.903643,16.045561,31.293114,0.441786,7.5,PSF-00438_20250331141952_21f,0,0,0,133.352997,429.738922,0.689688,0.5,0.8,18.922295,1,49.09,48.66,23.77,23.05,23.05,90.35,156.7,156.8,-0.1,69,3.927,14:17:35,3/31/25,0.02,1,0,0,-9999,-0.674,-0.813,-9999,1,150,0.005,2,0.058905,0,0.02923,0,0,-0.000068,standard,0,mpf,7000,500,5,2,300,300,300,420.812836,25,-6.320807,419.386261,420.703369,-1.317108,2.46604,2.480804,1.655241,0.938288,0.286509,-0.007586,0.415101,0.169002,133.352997,0.000238,2.38896,-0.000025,1,2.402765,-0.000034,1,0.600816,0.600971,0.107301,0,PSF-00438_20250331141952_21f,PFA-00474,PSA-00486,PSF-00438,RHS-00603,3.0.0,2025-03-10T14:27:16.709Z
49,14:20:15,3/31/25,179_mai_purple,0.000317,2.921877,0.000317,0.005035,1.424935,1.424809,2.825578,1.400643,15.769402,15.770799,31.272739,0.441786,7.5,PSF-00438_20250331142015_1d2,0,0,0,204.865692,373.184174,0.451033,0.5,0.8,32.490467,1,48.25,48.25,23.77,23.03,23.03,90.35,156.7,156.9,-0.1,180,3.926,14:17:35,3/31/25,0.02,1,0,-0.001,0,-2.954,-2.84,11.041,1,150,0.005,2,0.058905,0,0.02923,0,0,-0.000068,standard,0,mpf,7000,500,5,2,300,300,300,367.750885,25,-5.540731,362.521637,365.263733,-2.742096,2.465485,2.479665,1.655676,0.938544,0.286494,-0.007724,0.416387,0.269303,204.865692,0.00024,2.38896,-0.000025,1,2.402765,-0.000034,1,0.600816,0.600971,0.107301,0,PSF-00438_20250331142015_1d2,PFA-00474,PSA-00486,PSF-00438,RHS-00603,3.0.0,2025-03-10T14:27:16.709Z
50,14:20:39,3/31/25,5030_mai_purple,0.009791,2.921565,0.009758,0.15301,1.427652,1.423816,2.811311,1.383659,15.757363,15.799824,31.112776,0.441786,7.5,PSF-00438_20250331142039_d3f,0,0,0,149.243835,359.594208,0.584966,0.5,0.8,40.357662,1,48.34,48.21,23.77,22.95,22.95,90.36,156.7,156.7,0,172,3.925,14:17:35,3/31/25,0.02,1,0.001,0,-9999,1.513,2.188,-9999,1,150,0.005,2,0.058905,0,0.02923,0,0,-0.000068,standard,0,mpf,7000,500,5,2,300,300,300,353.984344,25,-3.84206,353.265167,354.10202,-0.836853,2.46544,2.479789,1.655349,0.938115,0.286495,-0.008656,0.41776,0.262457,149.243835,0.000241,2.38896,-0.000025,1,2.402765,-0.000034,1,0.600816,0.600971,0.107301,0,PSF-00438_20250331142039_d3f,PFA-00474,PSA-00486,PSF-00438,RHS-00603,3.0.0,2025-03-10T14:27:16.709Z
51,14:22:08,3/31/25,TT24.112_mai_yellow,0.003718,2.921499,0.003714,0.056487,1.428524,1.427108,2.770889,1.342365,15.795194,15.810869,30.668129,0.441786,7.5,PSF-00438_20250331142208_5c3,0,0,0,131.763336,322.031708,0.590837,0.5,0.8,46.371262,1,48.31,48.26,23.79,22.71,22.71,90.35,156.7,156.6,0,196,3.924,14:17:35,3/31/25,0.02,1,0,0,-9999,0.691,0.366,-9999,1,150,0.005,2,0.058905,0,0.02923,0,0,-0.000068,standard,0,mpf,7000,500,5,2,300,300,300,313.830627,25,-5.927124,311.940552,313.558929,-1.618378,2.465506,2.479745,1.655281,0.937829,0.286263,-0.011546,0.42315,0.283805,131.763336,0.000238,2.38896,-0.000025,1,2.402765,-0.000034,1,0.600816,0.600971,0.107301,0,PSF-00438_20250331142208_5c3,PFA-00474,PSA-00486,PSF-00438,RHS-00603,3.0.0,2025-03-10T14:27:16.709Z
52,14:22:48,3/31/25,1700_mai_yellow,0.030132,2.920777,0.029824,0.445979,1.443745,1.432558,2.763344,1.319599,15.855828,15.979644,30.585215,0.441786,7.5,PSF-00438_20250331142248_c0e,0,0,0,153.056503,475.821442,0.678332,0.5,0.8,33.556179,1,48.78,48.4,23.8,22.67,22.67,90.35,156.6,156.8,-0.1,124,3.923,14:17:35,3/31/25,0.02,1,0,0.001,-9999,0.864,1.529,-9999,1,150,0.005,2,0.058905,0,0.02923,0,0,-0.000068,standard,0,mpf,7000,500,5,2,300,300,300,465.243805,25,-7.724216,463.137756,464.779755,-1.641998,2.465682,2.480367,1.654525,0.938346,0.286069,-0.012237,0.42553,0.218552,153.056503,0.000237,2.38896,-0.000025,1,2.402765,-0.000034,1,0.600816,0.600971,0.107301,0,PSF-00438_20250331142248_c0e,PFA-00474,PSA-00486,PSF-00438,RHS-00603,3.0.0,2025-03-10T14:27:16.709Z
53,14:24:00,3/31/25,6899_mai_yellow,0.005331,2.922246,0.005321,0.088606,1.425965,1.423745,2.894374,1.468409,15.758892,15.783468,32.036728,0.441786,7.5,PSF-00438_20250331142400_5a6,0,0,0,200.623871,404.438934,0.503945,0.5,0.8,30.80957,1,48.13,48.06,23.82,23.43,23.43,90.35,156.8,156.8,0,153,3.922,14:17:35,3/31/25,0.02,1,-0.001,0,0,-0.804,1.059,16.754,1,150,0.005,2,0.058905,0,0.02923,0,0,-0.000068,standard,0,mpf,7000,500,5,2,300,300,300,395.047546,25,-7.224822,391.851074,394.111115,-2.26004,2.465223,2.479496,1.656062,0.938237,0.285901,-0.003856,0.429731,0.244793,200.623871,0.000238,2.38896,-0.000025,1,2.402765,-0.000034,1,0.600816,0.600971,0.107301,0,PSF-00438_20250331142400_5a6,PFA-00474,PSA-00486,PSF-00438,RHS-00603,3.0.0,2025-03-10T14:27:16.709Z
54,14:24:18,3/31/25,5073_mai_yellow,0.033241,2.922096,0.032867,0.487107,1.440394,1.428188,2.748356,1.307962,15.807852,15.94295,30.420086,0.441786,7.5,PSF-00438_20250331142418_461,0,0,0,144.970886,382.15329,0.620647,0.5,0.8,37.457977,1,48.61,48.2,23.82,22.58,22.58,90.35,156.8,156.8,0,151,3.921,14:17:35,3/31/25,0.02,1,0,0,-9999,0.116,0.212,-9999,1,150,0.005,2,0.058905,0,0.02923,0,0,-0.000068,standard,0,mpf,7000,500,5,2,300,300,300,378.993286,25,-2.077774,379.277222,379.183136,0.094086,2.465408,2.480137,1.655906,0.938371,0.285856,-0.013443,0.430662,0.24303,144.970886,0.000239,2.38896,-0.000025,1,2.402765,-0.000034,1,0.600816,0.600971,0.107301,0,PSF-00438_20250331142418_461,PFA-00474,PSA-00486,PSF-00438,RHS-00603,3.0.0,2025-03-10T14:27:16.709Z
55,14:24:40,3/31/25,6483_mai_yellow,0.013937,2.921924,0.01387,0.208543,1.434993,1.429767,2.761781,1.326787,15.825762,15.883612,30.569519,0.441786,7.5,PSF-00438_20250331142440_f7e,0,0,0,149.435883,413.422668,0.63854,0.5,0.8,45.806911,1,48.42,48.25,23.82,22.66,22.66,90.34,156.7,156.3,0.3,179,3.921,14:17:35,3/31/25,0.02,1,0.001,0.001,-9999,0.498,0.243,-9999,1,150,0.005,2,0.058905,0,0.02923,0,0,-0.000068,standard,0,mpf,7000,500,5,2,300,300,300,404.604431,25,-6.481197,402.197968,404.157867,-1.9599,2.465473,2.479885,1.655725,0.937082,0.285839,-0.012568,0.431887,0.268632,149.435883,0.00024,2.38896,-0.000025,1,2.402765,-0.000034,1,0.600816,0.600971,0.107301,0,PSF-00438_20250331142440_f7e,PFA-00474,PSA-00486,PSF-00438,RHS-00603,3.0.0,2025-03-10T14:27:16.709Z
56,14:24:57,3/31/25,631_mai_yellow,0.029725,2.92167,0.029426,0.428232,1.436228,1.425494,2.720834,1.284606,15.777547,15.896361,30.114542,0.441786,7.5,PSF-00438_20250331142457_e4d,0,0,0,136.177902,415.01297,0.671871,0.5,0.8,39.813545,1,48.46,48.1,23.82,22.41,22.41,90.35,156.7,156.4,0.2,148,3.92,14:17:35,3/31/25,0.02,1,-0.001,0,-9999,-0.148,-0.42,-9999,1,150,0.005,2,0.058905,0,0.02923,0,0,-0.000068,standard,0,mpf,7000,500,5,2,300,300,300,408.939606,25,-4.140967,409.188873,409.093506,0.095367,2.46528,2.479941,1.65546,0.937235,0.285838,-0.015299,0.432793,0.240567,136.177902,0.00024,2.38896,-0.000025,1,2.402765,-0.000034,1,0.600816,0.600971,0.107301,0,PSF-00438_20250331142457_e4d,PFA-00474,PSA-00486,PSF-00438,RHS-00603,3.0.0,2025-03-10T14:27:16.709Z
57,14:25:15,3/31/25,6808_mai_yellow,0.007503,2.921958,0.007484,0.107394,1.432623,1.429931,2.699381,1.266758,15.827192,15.856983,29.87809,0.441786,7.5,PSF-00438_20250331142515_702,0,0,0,121.8853,427.124664,0.714638,0.5,0.8,43.742668,1,48.35,48.26,23.82,22.28,22.28,90.35,156.7,156.7,0,153,3.885,14:17:35,3/31/25,0.02,1,0,0,-9999,-0.446,-0.82,-9999,1,150,0.005,2,0.058905,0,0.02923,0,0,-0.000068,standard,0,mpf,7000,500,5,2,300,300,300,417.501556,25,-6.933204,416.062836,417.213715,-1.150879,2.46549,2.479787,1.655761,0.937934,0.285867,-0.016711,0.433779,0.244956,121.8853,0.000238,2.38896,-0.000025,1,2.402765,-0.000034,1,0.600816,0.600971,0.107301,0,PSF-00438_20250331142515_702,PFA-00474,PSA-00486,PSF-00438,RHS-00603,3.0.0,2025-03-10T14:27:16.709Z
58,14:25:29,3/31/25,901_mai_yellow,0.021075,2.92307,0.020924,0.312281,1.430151,1.422331,2.747336,1.317186,15.743021,15.829575,30.408802,0.441786,7.5,PSF-00438_20250331142529_dec,0,0,0,66.60569,189.904831,0.649268,0.5,0.8,39.817719,1,48.27,48.01,23.82,22.57,22.57,90.35,156.9,156.5,0.2,153,3.919,14:17:35,3/31/25,0.02,1,0.001,0.001,-9999,-0.605,1.008,-9999,1,150,0.005,2,0.058905,0,0.02923,0,0,-0.000068,standard,0,mpf,7000,500,5,2,300,300,300,176.926727,25,-11.404975,177.45137,173.601517,3.849854,2.465158,2.479686,1.656927,0.937651,0.285897,-0.01347,0.434569,0.245221,66.60569,0.00024,2.38896,-0.000025,1,2.402765,-0.000034,1,0.600816,0.600971,0.107301,0,PSF-00438_20250331142529_dec,PFA-00474,PSA-00486,PSF-00438,RHS-00603,3.0.0,2025-03-10T14:27:16.709Z
59,14:26:05,3/31/25,1495_mai_yellow,0.001092,2.921535,0.001092,0.019561,1.436311,1.435821,3.015015,1.578704,15.891675,15.897102,33.370213,0.441786,7.5,PSF-00438_20250331142605_f50,0,0,0,144.888641,421.625641,0.656357,0.5,0.8,25.822184,1,48.47,48.46,23.82,24.11,24.11,90.35,156.7,156.8,-0.1,98,3.884,14:17:35,3/31/25,0.02,1,0.001,0,-9999,-0.078,-0.073,-9999,1,150,0.005,2,0.058905,0,0.02923,0,0,-0.000068,standard,0,mpf,7000,500,5,2,300,300,300,416.926514,25,-3.266115,415.811768,416.956757,-1.144989,2.465755,2.479954,1.655317,0.938301,0.285864,0.003746,0.43655,0.195777,144.888641,0.000237,2.38896,-0.000025,1,2.402765,-0.000034,1,0.600816,0.600971,0.107301,0,PSF-00438_20250331142605_f50,PFA-00474,PSA-00486,PSF-00438,RHS-00603,3.0.0,2025-03-10T14:27:16.709Z
60,14:26:20,3/31/25,3960_mai_yellow,0.013113,2.922785,0.013054,0.195526,1.443039,1.438143,2.764782,1.321743,15.917858,15.972055,30.601557,0.441786,7.5,PSF-00438_20250331142620_526,0,0,0,148.012512,436.525604,0.660931,0.5,0.8,40.818405,1,48.7,48.53,23.82,22.68,22.68,90.35,156.8,156.9,0,154,3.919,14:17:35,3/31/25,0.02,1,-0.001,0,-9999,0.901,2.878,-9999,1,150,0.005,2,0.058905,0,0.02923,0,0,-0.000068,standard,0,mpf,7000,500,5,2,300,300,300,426.679382,25,-7.144627,424.38913,426.312408,-1.923279,2.465855,2.480256,1.656628,0.938525,0.285852,-0.012357,0.437352,0.246192,148.012512,0.000241,2.38896,-0.000025,1,2.402765,-0.000034,1,0.600816,0.600971,0.107301,0,PSF-00438_20250331142620_526,PFA-00474,PSA-00486,PSF-00438,RHS-00603,3.0.0,2025-03-10T14:27:16.709Z
61,14:26:47,3/31/25,4250_mai_yellow,0.020884,2.922705,0.020736,0.311296,1.443362,1.435566,2.76817,1.324808,15.888544,15.974836,30.637537,0.441786,7.5,PSF-00438_20250331142647_7fe,0,0,0,150.17688,370.563599,0.594734,0.5,0.8,33.296776,1,48.71,48.45,23.82,22.7,22.7,90.35,156.8,156.9,-0.1,140,3.918,14:17:35,3/31/25,0.02,1,-0.001,-0.001,-9999,0.209,0.151,-9999,1,150,0.005,2,0.058905,0,0.02923,0,0,-0.000068,standard,0,mpf,7000,500,5,2,300,300,300,366.208069,25,-2.876077,366.045349,366.452271,-0.406921,2.465744,2.480276,1.656544,0.938637,0.285867,-0.012117,0.438887,0.233209,150.17688,0.000238,2.38896,-0.000025,1,2.402765,-0.000034,1,0.600816,0.600971,0.107301,0,PSF-00438_20250331142647_7fe,PFA-00474,PSA-00486,PSF-00438,RHS-00603,3.0.0,2025-03-10T14:27:16.709Z
62,14:27:19,3/31/25,4722_mai_yellow,0.005481,2.921911,0.005471,0.096889,1.439705,1.437277,3.000597,1.560892,15.907788,15.934665,33.210625,0.441786,7.5,PSF-00438_20250331142719_e12,0,0,0,180.801636,459.120422,0.6062,0.5,0.8,36.080231,1,48.59,48.5,23.82,24.03,24.03,90.35,156.7,157,-0.2,149,3.917,14:17:35,3/31/25,0.02,1,0.001,0.001,0,2.88,3.998,12.5,1,150,0.005,2,0.058905,0,0.02923,0,0,-0.000068,standard,0,mpf,7000,500,5,2,300,300,300,452.451111,25,-5.814122,447.975403,450.809174,-2.833771,2.465817,2.480105,1.655711,0.938908,0.285854,0.002835,0.440631,0.241154,180.801636,0.000237,2.38896,-0.000025,1,2.402765,-0.000034,1,0.600816,0.600971,0.107301,0,PSF-00438_20250331142719_e12,PFA-00474,PSA-00486,PSF-00438,RHS-00603,3.0.0,2025-03-10T14:27:16.709Z
63,14:27:54,3/31/25,1153_mai_yellow,0.012463,2.920574,0.01241,0.194866,1.444803,1.439915,2.829799,1.384996,15.938358,15.992466,31.322926,0.441786,7.5,PSF-00438_20250331142754_cbc,0,0,0,124.681595,452.771881,0.724626,0.5,0.8,25.909409,1,48.77,48.6,23.82,23.06,23.06,90.34,156.6,156.7,-0.1,89,3.916,14:17:35,3/31/25,0.02,1,-0.002,-0.001,-9999,-0.213,-0.245,-9999,1,150,0.005,2,0.058905,0,0.02923,0,0,-0.000068,standard,0,mpf,7000,500,5,2,300,300,300,448.999634,25,-2.493329,448.514709,449.207703,-0.692993,2.46595,2.48035,1.654313,0.938115,0.285892,-0.008043,0.442522,0.187712,124.681595,0.000242,2.38896,-0.000025,1,2.402765,-0.000034,1,0.600816,0.600971,0.107301,0,PSF-00438_20250331142754_cbc,PFA-00474,PSA-00486,PSF-00438,RHS-00603,3.0.0,2025-03-10T14:27:16.709Z
64,14:28:51,3/31/25,TT24.130_mai_orange,0.00173,2.920071,0.001729,0.028358,1.425443,1.424731,2.872272,1.446829,15.76972,15.777599,31.79191,0.441786,7.5,PSF-00438_20250331142851_cb7,0,0,0,125.982643,403.488159,0.687766,0.5,0.8,38.506386,1,48.03,48,23.85,23.31,23.31,90.35,156.5,156.3,0.1,140,3.916,14:28:18,3/31/25,0.02,1,0.001,0.001,-9999,-0.421,-0.071,-9999,1,150,0.005,2,0.058905,0,0.02923,0,0,-0.000068,standard,0,mpf,7000,500,5,2,300,300,300,395.01358,25,-5.814122,394.901642,395.17691,-0.275269,2.465141,2.479337,1.653788,0.937108,0.285548,-0.005629,0.445696,0.233213,125.982643,0.000237,2.38896,-0.000025,1,2.402765,-0.000034,1,0.600816,0.600971,0.107301,0,PSF-00438_20250331142851_cb7,PFA-00474,PSA-00486,PSF-00438,RHS-00603,3.0.0,2025-03-10T14:27:16.709Z
65,14:29:08,3/31/25,2546_mai_orange,0.004762,2.921869,0.004754,0.072085,1.426655,1.424849,2.764821,1.338165,15.771413,15.791412,30.603344,0.441786,7.5,PSF-00438_20250331142908_8ee,0,0,0,127.486465,366.675293,0.652318,0.5,0.8,32.931938,1,48.07,48.01,23.85,22.68,22.68,90.34,156.7,157,-0.2,126,3.915,14:28:18,3/31/25,0.02,1,0.001,0.001,-9999,0.333,0.536,-9999,1,150,0.005,2,0.058905,0,0.02923,0,0,-0.000068,standard,0,mpf,7000,500,5,2,300,300,300,362.701172,25,-2.668299,364.720337,362.860992,1.859344,2.465145,2.479391,1.655667,0.938865,0.285544,-0.012658,0.446575,0.220837,127.486465,0.000238,2.38896,-0.000025,1,2.402765,-0.000034,1,0.600816,0.600971,0.107301,0,PSF-00438_20250331142908_8ee,PFA-00474,PSA-00486,PSF-00438,RHS-00603,3.0.0,2025-03-10T14:27:16.709Z
66,14:29:31,3/31/25,1689_mai_orange,0.018218,2.921398,0.018105,0.280299,1.426525,1.419497,2.792526,1.366001,15.712482,15.790278,30.910608,0.441786,7.5,PSF-00438_20250331142931_cc6,0,0,0,130.492691,362.61911,0.640138,0.5,0.8,28.346203,1,48.07,47.83,23.85,22.84,22.84,90.34,156.7,156.8,-0.1,111,3.915,14:28:18,3/31/25,0.02,1,0.001,0.001,-9999,0.6,1.048,-9999,1,150,0.005,2,0.058905,0,0.02923,0,0,-0.000068,standard,0,mpf,7000,500,5,2,300,300,300,358.729004,25,-2.639138,358.468292,358.846497,-0.378204,2.464908,2.479389,1.655174,0.938292,0.285555,-0.010818,0.447737,0.206886,130.492691,0.000237,2.38896,-0.000025,1,2.402765,-0.000034,1,0.600816,0.600971,0.107301,0,PSF-00438_20250331142931_cc6,PFA-00474,PSA-00486,PSF-00438,RHS-00603,3.0.0,2025-03-10T14:27:16.709Z
67,14:30:43,3/31/25,2799_mai_orange,0.005118,2.921592,0.005109,0.083816,1.419573,1.417472,2.866425,1.446852,15.690757,15.714018,31.73,0.441786,7.5,PSF-00438_20250331143043_7f3,0,0,0,156.88884,413.311005,0.62041,0.5,0.8,32.606106,1,47.85,47.78,23.84,23.27,23.27,90.34,156.7,156.4,0.2,131,3.914,14:28:18,3/31/25,0.02,1,0,-0.002,-9999,0.839,1.963,-9999,1,150,0.005,2,0.058905,0,0.02923,0,0,-0.000068,standard,0,mpf,7000,500,5,2,300,300,300,410.132294,25,-2.066839,409.410248,410.356476,-0.946228,2.46485,2.479107,1.655378,0.937351,0.28565,-0.005906,0.451754,0.225495,156.88884,0.00024,2.38896,-0.000025,1,2.402765,-0.000034,1,0.600816,0.600971,0.107301,0,PSF-00438_20250331143043_7f3,PFA-00474,PSA-00486,PSF-00438,RHS-00603,3.0.0,2025-03-10T14:27:16.709Z
68,14:31:02,3/31/25,TT24.102_mai_orange,0.033998,2.921926,0.033607,0.475958,1.434505,1.422578,2.684736,1.250232,15.747277,15.879309,29.718796,0.441786,7.5,PSF-00438_20250331143102_e2d,0,0,0,143.315079,428.262604,0.665357,0.5,0.8,24.921602,1,48.37,47.97,23.84,22.19,22.19,90.34,156.7,156.7,0,94,3.913,14:28:18,3/31/25,0.02,1,0,0.002,-9999,-3.956,-4.429,-9999,1,150,0.005,2,0.058905,0,0.02923,0,0,-0.000068,standard,0,mpf,7000,500,5,2,300,300,300,428.262604,25,9.670763,434.093719,442.086884,-7.993164,2.4651,2.479805,1.655727,0.938062,0.285702,-0.017862,0.452737,0.191537,143.315079,0.000239,2.38896,-0.000025,1,2.402765,-0.000034,1,0.600816,0.600971,0.107301,0,PSF-00438_20250331143102_e2d,PFA-00474,PSA-00486,PSF-00438,RHS-00603,3.0.0,2025-03-10T14:27:16.709Z
69,14:31:22,3/31/25,3993_mai_orange,0.025923,2.92045,0.025695,0.388607,1.432302,1.422552,2.766752,1.33445,15.747916,15.855845,30.628454,0.441786,7.5,PSF-00438_20250331143122_4c4,0,0,0,129.870056,205.698456,0.368639,0.5,0.8,19.090471,1,48.31,47.98,23.83,22.69,22.69,90.33,156.5,156.7,-0.1,129,3.912,14:28:18,3/31/25,0.02,1,0,0,-9999,0.583,1.173,-9999,1,150,0.005,2,0.058905,0,0.02923,0,0,-0.000068,standard,0,mpf,7000,500,5,2,300,300,300,204.651123,25,-0.676188,204.62323,204.731857,-0.108627,2.465121,2.479728,1.654183,0.938148,0.285765,-0.012312,0.453748,0.223765,129.870056,0.000241,2.38896,-0.000025,1,2.402765,-0.000034,1,0.600816,0.600971,0.107301,0,PSF-00438_20250331143122_4c4,PFA-00474,PSA-00486,PSF-00438,RHS-00603,3.0.0,2025-03-10T14:27:16.709Z
70,14:31:38,3/31/25,5105_mai_orange,-0.002389,2.921824,-0.002391,-0.03724,1.412409,1.413343,2.786625,1.374216,15.64501,15.634676,30.846569,0.441786,7.5,PSF-00438_20250331143138_971,0,0,0,132.225388,140.617737,0.059682,0.5,0.8,3.932167,1,47.65,47.69,23.83,22.81,22.81,90.34,156.7,156.1,0.4,165,3.911,14:28:18,3/31/25,0.02,1,0.001,0.001,-9999,0.024,-0.031,-9999,1,150,0.005,2,0.058905,0,0.02923,0,0,-0.000068,standard,0,mpf,7000,500,5,2,300,300,300,140.5009,25,-0.052856,140.194061,140.542175,-0.348114,2.464723,2.47884,1.65562,0.936505,0.285813,-0.010951,0.454584,0.255472,132.225388,0.000237,2.38896,-0.000025,1,2.402765,-0.000034,1,0.600816,0.600971,0.107301,0,PSF-00438_20250331143138_971,PFA-00474,PSA-00486,PSF-00438,RHS-00603,3.0.0,2025-03-10T14:27:16.709Z
71,14:32:38,3/31/25,3136_mai_orange,0.003387,2.92226,0.003383,0.050927,1.410638,1.409362,2.739161,1.328522,15.601118,15.615245,30.321499,0.441786,7.5,PSF-00438_20250331143238_02a,0,0,0,113.607285,260.538147,0.563951,0.5,0.8,27.123621,1,47.6,47.56,23.82,22.52,22.52,90.34,156.8,156.3,0.3,120,3.91,14:28:18,3/31/25,0.02,1,0.001,0,-9999,0.826,1.899,-9999,1,150,0.005,2,0.058905,0,0.02923,0,0,-0.000068,standard,0,mpf,7000,500,5,2,300,300,300,259.884949,25,-0.340828,260.902405,260.050934,0.851471,2.464552,2.478769,1.656077,0.937045,0.285841,-0.014071,0.457846,0.215464,113.607285,0.000237,2.38896,-0.000025,1,2.402765,-0.000034,1,0.600816,0.600971,0.107301,0,PSF-00438_20250331143238_02a,PFA-00474,PSA-00486,PSF-00438,RHS-00603,3.0.0,2025-03-10T14:27:16.709Z
72,14:33:19,3/31/25,4871_mai_orange,0.018571,2.923287,0.018454,0.292739,1.419112,1.411782,2.818689,1.399577,15.626391,15.707524,31.198828,0.441786,7.5,PSF-00438_20250331143319_85f,0,0,0,135.925049,337.641083,0.597427,0.5,0.8,33.838238,1,47.89,47.65,23.82,22.99,22.99,90.35,156.9,156.8,0.1,142,3.91,14:28:18,3/31/25,0.02,1,0,0,-9999,1.499,2.851,-9999,1,150,0.005,2,0.058905,0,0.02923,0,0,-0.000068,standard,0,mpf,7000,500,5,2,300,300,300,312.243805,25,-23.167181,300.214294,304.523804,-4.309509,2.464671,2.479165,1.657155,0.93824,0.285867,-0.008793,0.460007,0.23468,135.925049,0.00024,2.38896,-0.000025,1,2.402765,-0.000034,1,0.600816,0.600971,0.107301,0,PSF-00438_20250331143319_85f,PFA-00474,PSA-00486,PSF-00438,RHS-00603,3.0.0,2025-03-10T14:27:16.709Z
73,14:33:50,3/31/25,1941_mai_orange,0.005483,2.923704,0.005473,0.082207,1.410609,1.408552,2.73646,1.325851,15.591802,15.61458,30.290934,0.441786,7.5,PSF-00438_20250331143350_1a5,0,0,0,128.392334,390.267059,0.671014,0.5,0.8,35.632832,1,47.6,47.53,23.82,22.51,22.51,90.34,157,156.7,0.2,133,3.909,14:28:18,3/31/25,0.02,1,0,-0.001,-9999,-0.2,-0.136,-9999,1,150,0.005,2,0.058905,0,0.02923,0,0,-0.000068,standard,0,mpf,7000,500,5,2,300,300,300,385.420929,25,-3.26976,385.881195,385.592957,0.288239,2.464513,2.478765,1.657593,0.938077,0.285833,-0.014259,0.461584,0.226725,128.392334,0.00024,2.38896,-0.000025,1,2.402765,-0.000034,1,0.600816,0.600971,0.107301,0,PSF-00438_20250331143350_1a5,PFA-00474,PSA-00486,PSF-00438,RHS-00603,3.0.0,2025-03-10T14:27:16.709Z
74,14:34:07,3/31/25,5015_mai_orange,0.023901,2.922742,0.023707,0.359527,1.423728,1.414724,2.76197,1.338242,15.660511,15.760193,30.574074,0.441786,7.5,PSF-00438_20250331143407_476,0,0,0,141.130692,430.439301,0.672124,0.5,0.8,38.483646,1,48.04,47.74,23.82,22.66,22.66,90.34,156.8,156.7,0.1,143,3.909,14:28:18,3/31/25,0.02,1,0,0,-9999,-0.365,0.564,-9999,1,150,0.005,2,0.058905,0,0.02923,0,0,-0.000068,standard,0,mpf,7000,500,5,2,300,300,300,424.234985,25,-4.235743,423.738251,424.384338,-0.646088,2.464791,2.479362,1.656583,0.938006,0.285831,-0.012563,0.462416,0.236067,141.130692,0.000241,2.38896,-0.000025,1,2.402765,-0.000034,1,0.600816,0.600971,0.107301,0,PSF-00438_20250331143407_476,PFA-00474,PSA-00486,PSF-00438,RHS-00603,3.0.0,2025-03-10T14:27:16.709Z
75,14:34:31,3/31/25,5506_mai_orange,0.005586,2.922745,0.005575,0.085718,1.417842,1.415695,2.774487,1.356646,15.67165,15.695417,30.713404,0.441786,7.5,PSF-00438_20250331143431_e86,0,0,0,118.671654,188.154861,0.369287,0.5,0.8,17.358681,1,47.84,47.77,23.83,22.73,22.73,90.33,156.8,145.1,7.5,118,3.909,14:28:18,3/31/25,0.02,1,0,0.001,-9999,0.191,0.283,-9999,1,150,0.005,2,0.058905,0,0.02923,0,0,-0.000068,standard,0,mpf,7000,500,5,2,300,300,300,187.30545,25,-0.566831,187.342651,187.344574,-0.001923,2.464829,2.479087,1.656586,0.908813,0.285814,-0.011752,0.463595,0.213014,118.671654,0.000241,2.38896,-0.000025,1,2.402765,-0.000034,1,0.600816,0.600971,0.107301,0,PSF-00438_20250331143431_e86,PFA-00474,PSA-00486,PSF-00438,RHS-00603,3.0.0,2025-03-10T14:27:16.709Z
76,14:35:04,3/31/25,5077_mai_yellowblue,0.013422,2.920783,0.013361,0.20601,1.424651,1.419483,2.785075,1.360424,15.713809,15.771014,30.831034,0.441786,7.5,PSF-00438_20250331143504_b19,0,0,0,121.967911,424.673035,0.712796,0.5,0.8,36.575798,1,48.06,47.89,23.83,22.8,22.8,90.33,156.6,156.7,-0.1,128,3.908,14:28:18,3/31/25,0.02,1,-0.001,0,-9999,-0.453,-1.023,-9999,1,150,0.005,2,0.058905,0,0.02923,0,0,-0.000068,standard,0,mpf,7000,500,5,2,300,300,300,416.294922,25,-5.919834,415.400513,416.210693,-0.810181,2.464991,2.479388,1.654532,0.93806,0.285788,-0.011079,0.465282,0.2227,121.967911,0.000239,2.38896,-0.000025,1,2.402765,-0.000034,1,0.600816,0.600971,0.107301,0,PSF-00438_20250331143504_b19,PFA-00474,PSA-00486,PSF-00438,RHS-00603,3.0.0,2025-03-10T14:27:16.709Z
77,14:35:25,3/31/25,6027_mai_yellowblue,0.005373,2.921566,0.005363,0.08162,1.420148,1.418102,2.763113,1.342965,15.699168,15.72182,30.58918,0.441786,7.5,PSF-00438_20250331143525_bc5,0,0,0,122.870209,408.295105,0.699065,0.5,0.8,30.22353,1,47.9,47.83,23.83,22.67,22.67,90.33,156.7,157,-0.2,108,3.907,14:28:18,3/31/25,0.02,1,-0.001,0,-9999,-0.334,-0.845,-9999,1,150,0.005,2,0.058905,0,0.02923,0,0,-0.000068,standard,0,mpf,7000,500,5,2,300,300,300,402.165771,25,-4.294066,401.132233,402.156769,-1.024536,2.464916,2.47917,1.655351,0.938784,0.285753,-0.012565,0.466305,0.204531,122.870209,0.000236,2.38896,-0.000025,1,2.402765,-0.000034,1,0.600816,0.600971,0.107301,0,PSF-00438_20250331143525_bc5,PFA-00474,PSA-00486,PSF-00438,RHS-00603,3.0.0,2025-03-10T14:27:16.709Z
78,14:35:48,3/31/25,4804_mai_pinkblue,0.006035,2.921082,0.006023,0.09166,1.427595,1.425296,2.770446,1.342851,15.777983,15.803429,30.668745,0.441786,7.5,PSF-00438_20250331143548_c34,0,0,0,120.023849,436.299957,0.724905,0.5,0.8,23.562466,1,48.14,48.07,23.83,22.71,22.71,90.33,156.6,156.9,-0.2,81,3.906,14:28:18,3/31/25,0.02,1,0.001,0.001,-9999,-0.147,-0.671,-9999,1,150,0.005,2,0.058905,0,0.02923,0,0,-0.000068,standard,0,mpf,7000,500,5,2,300,300,300,427.542328,25,-6.430164,425.531036,427.108093,-1.577057,2.46523,2.479498,1.654844,0.938474,0.285722,-0.01211,0.467474,0.1804,120.023849,0.000239,2.38896,-0.000025,1,2.402765,-0.000034,1,0.600816,0.600971,0.107301,0,PSF-00438_20250331143548_c34,PFA-00474,PSA-00486,PSF-00438,RHS-00603,3.0.0,2025-03-10T14:27:16.709Z
79,14:36:05,3/31/25,2692_mai_pinkblue,0.017734,2.921547,0.017627,0.263088,1.430476,1.423881,2.747572,1.317096,15.761923,15.834929,30.414778,0.441786,7.5,PSF-00438_20250331143605_84b,0,0,0,125.48983,435.900482,0.712114,0.5,0.8,31.394979,1,48.23,48.01,23.84,22.57,22.57,90.34,156.7,156.3,0.2,110,3.905,14:28:18,3/31/25,0.02,1,0.001,0.001,-9999,-0.283,0.97,-9999,1,150,0.005,2,0.058905,0,0.02923,0,0,-0.000068,standard,0,mpf,7000,500,5,2,300,300,300,432.28949,25,-2.511555,431.792389,432.310242,-0.517853,2.465155,2.479619,1.65533,0.937047,0.285694,-0.013656,0.468295,0.206449,125.48983,0.00024,2.38896,-0.000025,1,2.402765,-0.000034,1,0.600816,0.600971,0.107301,0,PSF-00438_20250331143605_84b,PFA-00474,PSA-00486,PSF-00438,RHS-00603,3.0.0,2025-03-10T14:27:16.709Z
80,14:37:40,3/31/25,2776_mai_whiteblue,0.013044,2.921964,0.012986,0.200912,1.433615,1.428581,2.798447,1.364832,15.815262,15.870994,30.980516,0.441786,7.5,PSF-00438_20250331143740_356,0,0,0,134.749527,433.936371,0.689472,0.5,0.8,28.010864,1,48.25,48.08,23.87,22.87,22.87,90.33,156.7,156.5,0.2,102,3.905,14:28:18,3/31/25,0.02,1,0,0.001,-9999,-0.442,-1.088,-9999,1,150,0.005,2,0.058905,0,0.02923,0,0,-0.000068,standard,0,mpf,7000,500,5,2,300,300,300,421.17511,25,-10.057156,417.254791,419.559753,-2.304962,2.465238,2.479631,1.655767,0.937476,0.285335,-0.010647,0.473233,0.198667,134.749527,0.000239,2.38896,-0.000025,1,2.402765,-0.000034,1,0.600816,0.600971,0.107301,0,PSF-00438_20250331143740_356,PFA-00474,PSA-00486,PSF-00438,RHS-00603,3.0.0,2025-03-10T14:27:16.709Z
81,14:37:59,3/31/25,TT24.212_mai_blueblue,0.012009,2.921636,0.011959,0.175148,1.443483,1.439093,2.735757,1.292275,15.931729,15.980322,30.286671,0.441786,7.5,PSF-00438_20250331143759_ba7,0,0,0,140.387543,387.333496,0.637554,0.5,0.8,34.466324,1,48.57,48.42,23.87,22.5,22.5,90.33,156.7,156.7,0,135,3.904,14:28:18,3/31/25,0.02,1,0,-0.001,-9999,0.628,1.951,-9999,1,150,0.005,2,0.058905,0,0.02923,0,0,-0.000068,standard,0,mpf,7000,500,5,2,300,300,300,379.348053,25,-5.387632,377.729065,379.631927,-1.902863,2.465696,2.480064,1.655423,0.938001,0.285294,-0.014838,0.474154,0.228878,140.387543,0.000242,2.38896,-0.000025,1,2.402765,-0.000034,1,0.600816,0.600971,0.107301,0,PSF-00438_20250331143759_ba7,PFA-00474,PSA-00486,PSF-00438,RHS-00603,3.0.0,2025-03-10T14:27:16.709Z
82,14:38:17,3/31/25,6463_mai_greenblue,0.018621,2.922531,0.018503,0.270239,1.437106,1.430338,2.725979,1.288873,15.834628,15.909554,30.178085,0.441786,7.5,PSF-00438_20250331143817_500,0,0,0,133.158081,400.366577,0.66741,0.5,0.8,36.372093,1,48.35,48.13,23.87,22.44,22.44,90.33,156.8,156.5,0.2,136,3.903,14:28:18,3/31/25,0.02,1,-0.001,-0.001,-9999,-0.442,-0.833,-9999,1,150,0.005,2,0.058905,0,0.02923,0,0,-0.000068,standard,0,mpf,7000,500,5,2,300,300,300,392.643585,25,-5.256404,393.426056,392.8526,0.573456,2.4653,2.479772,1.656361,0.937479,0.285285,-0.0155,0.475037,0.229861,133.158081,0.000238,2.38896,-0.000025,1,2.402765,-0.000034,1,0.600816,0.600971,0.107301,0,PSF-00438_20250331143817_500,PFA-00474,PSA-00486,PSF-00438,RHS-00603,3.0.0,2025-03-10T14:27:16.709Z
83,14:38:52,3/31/25,1401_mai_blueblue,0.015891,2.922061,0.015805,0.258699,1.438302,1.43182,2.881476,1.443175,15.851213,15.922965,31.899878,0.441786,7.5,PSF-00438_20250331143852_6db,0,0,0,133.204941,381.610199,0.65094,0.5,0.8,37.368629,1,48.31,48.09,23.9,23.36,23.36,90.33,156.7,157,-0.1,144,3.903,14:38:32,3/31/25,0.05,1,-0.001,-0.001,0.001,-0.236,0.041,15.481,1,150,0.005,2,0.058905,0,0.02923,0,0,-0.000068,standard,0,mpf,7000,500,5,2,300,300,300,360.669861,25,-15.244301,352.091431,359.818604,-7.727173,2.465249,2.479675,1.655868,0.938701,0.284959,-0.00562,0.476747,0.236405,133.204941,0.000238,2.38896,-0.000025,1,2.402765,-0.000034,1,0.600816,0.600971,0.107301,0,PSF-00438_20250331143852_6db,PFA-00474,PSA-00486,PSF-00438,RHS-00603,3.0.0,2025-03-10T14:27:16.709Z
84,14:39:13,3/31/25,TT24.206_mai_purpleblue,0.02263,2.923311,0.022456,0.33557,1.449046,1.440649,2.767367,1.318321,15.949039,16.042009,30.636786,0.441786,7.5,PSF-00438_20250331143913_78f,0,0,0,131.843094,457.456848,0.711791,0.5,0.8,39.707283,1,48.64,48.36,23.91,22.69,22.69,90.33,156.9,156.9,0,139,3.903,14:38:32,3/31/25,0.05,1,0,0,-9999,-0.614,-0.475,-9999,1,150,0.005,2,0.058905,0,0.02923,0,0,-0.000068,standard,0,mpf,7000,500,5,2,300,300,300,449.869751,25,-5.332953,448.879486,449.833435,-0.953949,2.465609,2.480124,1.657181,0.938456,0.284858,-0.013169,0.47776,0.232757,131.843094,0.000241,2.38896,-0.000025,1,2.402765,-0.000034,1,0.600816,0.600971,0.107301,0,PSF-00438_20250331143913_78f,PFA-00474,PSA-00486,PSF-00438,RHS-00603,3.0.0,2025-03-10T14:27:16.709Z
85,14:39:30,3/31/25,6886_mai_redblue,0.031186,2.921842,0.030857,0.460595,1.454594,1.443056,2.771332,1.316737,15.976302,16.104052,30.681862,0.441786,7.5,PSF-00438_20250331143930_d64,0,0,0,130.938293,437.280334,0.700562,0.5,0.8,41.521858,1,48.83,48.44,23.91,22.71,22.71,90.32,156.7,156.9,-0.1,148,3.902,14:38:32,3/31/25,0.05,1,0,0,-9999,-0.367,0.33,-9999,1,150,0.005,2,0.058905,0,0.02923,0,0,-0.000068,standard,0,mpf,7000,500,5,2,300,300,300,425.244934,25,-8.795911,423.406006,424.706665,-1.300659,2.465711,2.48037,1.655639,0.938591,0.284844,-0.012922,0.478579,0.240593,130.938293,0.00024,2.38896,-0.000025,1,2.402765,-0.000034,1,0.600816,0.600971,0.107301,0,PSF-00438_20250331143930_d64,PFA-00474,PSA-00486,PSF-00438,RHS-00603,3.0.0,2025-03-10T14:27:16.709Z
86,14:39:51,3/31/25,TT24.132_mai_orangeblue,0.002611,2.922722,0.002609,0.038973,1.441981,1.441006,2.759996,1.318014,15.953521,15.964324,30.556192,0.441786,7.5,PSF-00438_20250331143951_537,0,0,0,154.97052,432.813416,0.641946,0.5,0.8,31.596048,1,48.4,48.37,23.91,22.65,22.65,90.33,156.8,156.9,-0.1,123,3.901,14:38:32,3/31/25,0.05,1,-0.003,-0.002,-9999,1.156,0.591,-9999,1,150,0.005,2,0.058905,0,0.02923,0,0,-0.000068,standard,0,mpf,7000,500,5,2,300,300,300,432.813416,25,2.351166,433.98465,436.174377,-2.189728,2.465611,2.479791,1.656561,0.938604,0.284821,-0.013695,0.479629,0.217991,154.97052,0.000239,2.38896,-0.000025,1,2.402765,-0.000034,1,0.600816,0.600971,0.107301,0,PSF-00438_20250331143951_537,PFA-00474,PSA-00486,PSF-00438,RHS-00603,3.0.0,2025-03-10T14:27:16.709Z
87,14:40:26,3/31/25,2666_mai_pink,0.011596,2.921867,0.01155,0.177287,1.446043,1.441601,2.79981,1.353767,15.960775,16.009951,30.998266,0.441786,7.5,PSF-00438_20250331144026_0ec,0,0,0,131.418228,301.331207,0.563874,0.5,0.8,38.982605,1,48.53,48.38,23.92,22.88,22.88,90.32,156.7,156.9,-0.1,173,3.901,14:38:32,3/31/25,0.05,1,0,0.002,-9999,0.355,0.977,-9999,1,150,0.005,2,0.058905,0,0.02923,0,0,-0.000068,standard,0,mpf,7000,500,5,2,300,300,300,293.982269,25,-5.137935,292.667999,293.986572,-1.318573,2.465625,2.479961,1.655665,0.938574,0.284785,-0.011103,0.481312,0.262777,131.418228,0.000239,2.38896,-0.000025,1,2.402765,-0.000034,1,0.600816,0.600971,0.107301,0,PSF-00438_20250331144026_0ec,PFA-00474,PSA-00486,PSF-00438,RHS-00603,3.0.0,2025-03-10T14:27:16.709Z
88,14:41:05,3/31/25,TT24.135_mai_pink,0.018528,2.921875,0.018411,0.273658,1.439514,1.432658,2.750925,1.311411,15.861318,15.937229,30.456194,0.441786,7.5,PSF-00438_20250331144105_180,0,0,0,127.152084,417.201599,0.695226,0.5,0.8,46.605614,1,48.29,48.06,23.92,22.59,22.59,90.32,156.7,156.5,0.2,168,3.9,14:38:32,3/31/25,0.05,1,-0.001,-0.001,-9999,0.348,0.361,-9999,1,150,0.005,2,0.058905,0,0.02923,0,0,-0.000068,standard,0,mpf,7000,500,5,2,300,300,300,406.440125,25,-7.283145,405.594696,406.790405,-1.195709,2.465194,2.479636,1.655673,0.937427,0.284704,-0.014414,0.483196,0.258061,127.152084,0.00024,2.38896,-0.000025,1,2.402765,-0.000034,1,0.600816,0.600971,0.107301,0,PSF-00438_20250331144105_180,PFA-00474,PSA-00486,PSF-00438,RHS-00603,3.0.0,2025-03-10T14:27:16.709Z
89,14:41:25,3/31/25,flag2_mai_pink,0.009827,2.920459,0.009794,0.152041,1.42909,1.425276,2.798454,1.369364,15.780071,15.822299,30.983337,0.441786,7.5,PSF-00438_20250331144125_646,0,0,0,134.365082,315.193481,0.573706,0.5,0.8,37.578651,1,47.93,47.8,23.93,22.87,22.87,90.32,156.5,157,-0.3,164,3.9,14:38:32,3/31/25,0.05,1,0,0,-9999,0.411,0.89,-9999,1,150,0.005,2,0.058905,0,0.02923,0,0,-0.000068,standard,0,mpf,7000,500,5,2,300,300,300,310.895203,25,-2.856028,311.024323,311.110809,-0.086487,2.464856,2.479158,1.654193,0.938863,0.284685,-0.011292,0.484123,0.254609,134.365082,0.00024,2.38896,-0.000025,1,2.402765,-0.000034,1,0.600816,0.600971,0.107301,0,PSF-00438_20250331144125_646,PFA-00474,PSA-00486,PSF-00438,RHS-00603,3.0.0,2025-03-10T14:27:16.709Z
90,14:41:45,3/31/25,TT24.104_mai_pink,0.00563,2.922686,0.005619,0.090605,1.424858,1.422589,2.846784,1.421926,15.749972,15.775094,31.517733,0.441786,7.5,PSF-00438_20250331144145_27d,0,0,0,131.611343,389.039276,0.661702,0.5,0.8,44.799656,1,47.79,47.71,23.93,23.16,23.16,90.32,156.8,156.2,0.4,169,3.899,14:38:32,3/31/25,0.05,1,0,0,-9999,0.226,0.343,-9999,1,150,0.005,2,0.058905,0,0.02923,0,0,-0.000068,standard,0,mpf,7000,500,5,2,300,300,300,372.427582,25,-11.686568,369.406342,372.333435,-2.927094,2.464735,2.478965,1.656524,0.936827,0.284682,-0.008138,0.485038,0.259561,131.611343,0.000239,2.38896,-0.000025,1,2.402765,-0.000034,1,0.600816,0.600971,0.107301,0,PSF-00438_20250331144145_27d,PFA-00474,PSA-00486,PSF-00438,RHS-00603,3.0.0,2025-03-10T14:27:16.709Z
91,14:42:01,3/31/25,4237_mai_pink,0.022576,2.920969,0.022403,0.339359,1.433834,1.425325,2.770112,1.336277,15.781144,15.875355,30.670563,0.441786,7.5,PSF-00438_20250331144201_4e2,0,0,0,126.847389,295.55603,0.570818,0.5,0.8,40.810596,1,48.08,47.8,23.93,22.71,22.71,90.32,156.6,156.6,0,179,3.899,14:38:32,3/31/25,0.05,1,0,-0.001,-9999,0.279,0.053,-9999,1,150,0.005,2,0.058905,0,0.02923,0,0,-0.000068,standard,0,mpf,7000,500,5,2,300,300,300,292.00531,25,-2.451409,291.540375,292.051758,-0.511383,2.46485,2.479364,1.654726,0.937917,0.284661,-0.013184,0.485737,0.268088,126.847389,0.000238,2.38896,-0.000025,1,2.402765,-0.000034,1,0.600816,0.600971,0.107301,0,PSF-00438_20250331144201_4e2,PFA-00474,PSA-00486,PSF-00438,RHS-00603,3.0.0,2025-03-10T14:27:16.709Z
92,14:42:24,3/31/25,4193_mai_pink,0.0147,2.922313,0.014626,0.227437,1.428182,1.422485,2.799814,1.371633,15.749169,15.812246,30.998402,0.441786,7.5,PSF-00438_20250331144224_e56,0,0,0,133.381607,385.234467,0.653765,0.5,0.8,38.921955,1,47.89,47.69,23.93,22.88,22.88,90.32,156.8,156.8,0,149,3.898,14:38:32,3/31/25,0.05,1,-0.001,0,-9999,-0.189,-0.25,-9999,1,150,0.005,2,0.058905,0,0.02923,0,0,-0.000068,standard,0,mpf,7000,500,5,2,300,300,300,374.94458,25,-6.976947,374.453552,375.260986,-0.807434,2.46471,2.479095,1.656133,0.938402,0.284625,-0.011262,0.486834,0.241191,133.381607,0.000241,2.38896,-0.000025,1,2.402765,-0.000034,1,0.600816,0.600971,0.107301,0,PSF-00438_20250331144224_e56,PFA-00474,PSA-00486,PSF-00438,RHS-00603,3.0.0,2025-03-10T14:27:16.709Z
93,14:42:42,3/31/25,4061_mai_pink,0.021473,2.922223,0.021316,0.310169,1.433152,1.425382,2.717187,1.284035,15.781381,15.867403,30.083834,0.441786,7.5,PSF-00438_20250331144242_52d,0,0,0,131.449341,438.02182,0.699902,0.5,0.8,35.501945,1,48.05,47.79,23.93,22.39,22.39,90.32,156.8,156.9,-0.1,127,3.898,14:38:32,3/31/25,0.05,1,0,0.001,-9999,-0.092,-0.652,-9999,1,150,0.005,2,0.058905,0,0.02923,0,0,-0.000068,standard,0,mpf,7000,500,5,2,300,300,300,425.107605,25,-10.370645,420.898315,423.197083,-2.298767,2.464838,2.479318,1.656038,0.938457,0.28462,-0.016749,0.487659,0.221376,131.449341,0.000238,2.38896,-0.000025,1,2.402765,-0.000034,1,0.600816,0.600971,0.107301,0,PSF-00438_20250331144242_52d,PFA-00474,PSA-00486,PSF-00438,RHS-00603,3.0.0,2025-03-10T14:27:16.709Z
94,14:43:09,3/31/25,2608_mai_pink,-0.003001,2.922934,-0.003004,-0.047903,1.414647,1.415847,2.821205,1.406558,15.674853,15.661573,31.233589,0.441786,7.5,PSF-00438_20250331144309_841,0,0,0,196.299072,199.686523,0.016964,0.5,0.8,1.082472,1,47.43,47.47,23.93,23.01,23.01,90.33,156.9,156.9,0,160,3.897,14:38:32,3/31/25,0.05,1,0,0.001,-9999,0.041,0.238,-9999,1,150,0.005,2,0.058905,0,0.02923,0,0,-0.000068,standard,0,mpf,7000,500,5,2,300,300,300,199.686523,25,0.29344,199.124695,200.105988,-0.981293,2.464403,2.478473,1.656784,0.938468,0.284601,-0.009884,0.488927,0.250806,196.299072,0.000239,2.38896,-0.000025,1,2.402765,-0.000034,1,0.600816,0.600971,0.107301,0,PSF-00438_20250331144309_841,PFA-00474,PSA-00486,PSF-00438,RHS-00603,3.0.0,2025-03-10T14:27:16.709Z
95,14:43:33,3/31/25,5009_mai_pink,0.009707,2.922002,0.009675,0.152612,1.434352,1.430528,2.825508,1.391156,15.837917,15.880249,31.282265,0.441786,7.5,PSF-00438_20250331144333_30b,0,0,0,143.464203,428.401215,0.665117,0.5,0.8,30.341915,1,48.08,47.95,23.93,23.03,23.03,90.32,156.7,157.1,-0.2,114,3.897,14:38:32,3/31/25,0.05,1,-0.001,0,-9999,0.238,0.199,-9999,1,150,0.005,2,0.058905,0,0.02923,0,0,-0.000068,standard,0,mpf,7000,500,5,2,300,300,300,420.239563,25,-5.828703,419.556152,420.069122,-0.51297,2.465053,2.479357,1.655807,0.939073,0.284577,-0.009628,0.489988,0.209894,143.464203,0.000239,2.38896,-0.000025,1,2.402765,-0.000034,1,0.600816,0.600971,0.107301,0,PSF-00438_20250331144333_30b,PFA-00474,PSA-00486,PSF-00438,RHS-00603,3.0.0,2025-03-10T14:27:16.709Z
96,14:43:53,3/31/25,TT24.101_mai_pink,-0.001259,2.920417,-0.001259,-0.020982,1.423625,1.424151,2.892777,1.469153,15.767574,15.761746,32.027557,0.441786,7.5,PSF-00438_20250331144353_2b9,0,0,0,232.836487,228.018158,-0.021131,0.5,0.8,-1.611013,1,47.71,47.73,23.94,23.42,23.42,90.32,156.5,156.9,-0.2,191,3.896,14:38:32,3/31/25,0.05,1,0,0,-9999,-0.235,-0.121,-9999,1,150,0.005,2,0.058905,0,0.02923,0,0,-0.000068,standard,0,mpf,7000,500,5,2,300,300,300,228.018158,25,1.835367,221.906311,230.6418,-8.735489,2.464756,2.47886,1.654149,0.938607,0.284547,-0.005303,0.490988,0.278754,232.836487,0.000239,2.38896,-0.000025,1,2.402765,-0.000034,1,0.600816,0.600971,0.107301,0,PSF-00438_20250331144353_2b9,PFA-00474,PSA-00486,PSF-00438,RHS-00603,3.0.0,2025-03-10T14:27:16.709Z